{
  "version": "2.0",
  "ppid": 23752,
  "events": [
    {
      "head": {
        "id": "d9b35037-0128-42b0-8486-fa2fe0ab5f9e",
        "name": "hvigor build process will be closed.",
        "description": "",
        "type": "log"
      },
      "body": {
        "pid": 24348,
        "tid": "Main Thread",
        "startTime": 21091477001200
      },
      "additional": {
        "logType": "debug",
        "children": []
      }
    },
    {
      "head": {
        "id": "a416c1ac-c27c-4e2c-a3b6-155f45ca2fa4",
        "name": "watch worker: worker id should be larger than 0. Nothing will be sent to any worker thread.",
        "description": "",
        "type": "log"
      },
      "body": {
        "pid": 24348,
        "tid": "Main Thread",
        "startTime": 21091488426500
      },
      "additional": {
        "logType": "debug",
        "children": []
      }
    },
    {
      "head": {
        "id": "32e91858-e735-41bf-a96f-10a66671f011",
        "name": "watch worker: worker id should be larger than 0. Nothing will be sent to any worker thread.",
        "description": "",
        "type": "log"
      },
      "body": {
        "pid": 24348,
        "tid": "Main Thread",
        "startTime": 21091489161800
      },
      "additional": {
        "logType": "debug",
        "children": []
      }
    },
    {
      "head": {
        "id": "2dd3462d-ef4c-43a6-ab38-06d319465cc8",
        "name": "watch worker: worker id should be larger than 0. Nothing will be sent to any worker thread.",
        "description": "",
        "type": "log"
      },
      "body": {
        "pid": 24348,
        "tid": "Main Thread",
        "startTime": 21128525039400
      },
      "additional": {
        "logType": "debug",
        "children": []
      }
    },
    {
      "head": {
        "id": "01ae6c14-e168-41de-88b9-dd85858e4396",
        "name": "Workers' log level updated to INFO",
        "description": "",
        "type": "log"
      },
      "body": {
        "pid": 24348,
        "tid": "Main Thread",
        "startTime": 21128529610000
      },
      "additional": {
        "logType": "debug",
        "children": []
      }
    },
    {
      "head": {
        "id": "044772b7-99b6-4f7e-9565-e443cd596187",
        "name": "init",
        "description": "Initialize and build task graph.",
        "type": "duration"
      },
      "body": {
        "pid": 24348,
        "tid": "Main Thread",
        "startTime": 21128531004000,
        "endTime": 21128654734300
      },
      "additional": {
        "children": [
          "720e5572-8f3f-49db-9dec-8cc179400b4c",
          "67e8e844-ce39-4aa9-a942-acd4d9573163",
          "ec4b7e17-1649-4d7e-bde4-20ac36ca6bd0",
          "c4925838-d64f-408a-ba9e-846447580204",
          "2a7726cf-4bfd-42c7-83c8-ff14732a584b",
          "e2d1bdab-8999-4fff-8c59-e88663325a37",
          "063aa5d0-4283-4976-84fc-351b888dbe9a"
        ],
        "state": "success",
        "targetName": "",
        "moduleName": "",
        "category": "Init",
        "taskRunReasons": [],
        "logId": "f6a31a2b-1ac1-4308-91e3-8d49415233e8"
      },
      "log": {
        "_logger": {
          "category": "DurationEvent",
          "context": {},
          "callStackSkipIndex": 0
        },
        "_filelogger": {
          "category": "debug-file",
          "context": {},
          "callStackSkipIndex": 0
        },
        "anonymizeFileLogger": {
          "fileLogger": {
            "category": "debug-file",
            "context": {},
            "callStackSkipIndex": 0
          }
        }
      }
    },
    {
      "head": {
        "id": "720e5572-8f3f-49db-9dec-8cc179400b4c",
        "name": "create hvigor project model",
        "description": "Initialize hvigor project model.",
        "type": "duration"
      },
      "body": {
        "pid": 24348,
        "tid": "Main Thread",
        "startTime": 21128531012400,
        "endTime": 21128542908700
      },
      "additional": {
        "children": [],
        "state": "success",
        "targetName": "",
        "moduleName": "",
        "category": "",
        "taskRunReasons": [],
        "parent": "044772b7-99b6-4f7e-9565-e443cd596187",
        "logId": "f26d7204-24af-44f0-9e3e-eb7eb4511093"
      },
      "log": {
        "_logger": {
          "category": "DurationEvent",
          "context": {},
          "callStackSkipIndex": 0
        },
        "_filelogger": {
          "category": "debug-file",
          "context": {},
          "callStackSkipIndex": 0
        },
        "anonymizeFileLogger": {
          "fileLogger": {
            "category": "debug-file",
            "context": {},
            "callStackSkipIndex": 0
          }
        }
      }
    },
    {
      "head": {
        "id": "67e8e844-ce39-4aa9-a942-acd4d9573163",
        "name": "configure hvigor plugin",
        "description": "Configure hvigor plugin.",
        "type": "duration"
      },
      "body": {
        "pid": 24348,
        "tid": "Main Thread",
        "startTime": 21128542942200,
        "endTime": 21128653867400
      },
      "additional": {
        "children": [
          "6c6c6de2-4060-459a-9af7-5ecc37e73234",
          "c2eabc83-36d6-4e0f-abe4-886ae1207201",
          "07960863-ef20-447a-a987-264cefec02e6",
          "69864778-6975-481f-8a60-2dc5b03717b7",
          "b6a3dbc4-24b5-491d-88fa-5b2833473e2e",
          "d4617515-4815-4f40-bf78-7b48b83e1e54",
          "d981e722-99a7-4ab1-8e50-217e12a67db1",
          "52d83cdf-3267-45e7-9f0a-bd5d52d3ea8d",
          "a7fd96c1-9daf-4050-a099-b8e24f3680ae"
        ],
        "state": "success",
        "targetName": "",
        "moduleName": "",
        "category": "",
        "taskRunReasons": [],
        "parent": "044772b7-99b6-4f7e-9565-e443cd596187",
        "logId": "b7556f18-c4e0-4ef6-8010-0aaedb2c7cf4"
      },
      "log": {
        "_logger": {
          "category": "DurationEvent",
          "context": {},
          "callStackSkipIndex": 0
        },
        "_filelogger": {
          "category": "debug-file",
          "context": {},
          "callStackSkipIndex": 0
        },
        "anonymizeFileLogger": {
          "fileLogger": {
            "category": "debug-file",
            "context": {},
            "callStackSkipIndex": 0
          }
        }
      }
    },
    {
      "head": {
        "id": "ec4b7e17-1649-4d7e-bde4-20ac36ca6bd0",
        "name": "build task graph",
        "description": "Build task graph.",
        "type": "duration"
      },
      "body": {
        "pid": 24348,
        "tid": "Main Thread",
        "startTime": 21128653916800,
        "endTime": 21128654657400
      },
      "additional": {
        "children": [],
        "state": "success",
        "targetName": "",
        "moduleName": "",
        "category": "",
        "taskRunReasons": [],
        "parent": "044772b7-99b6-4f7e-9565-e443cd596187",
        "logId": "9d41ac70-cd4f-42cc-ad75-57f505ef6350"
      },
      "log": {
        "_logger": {
          "category": "DurationEvent",
          "context": {},
          "callStackSkipIndex": 0
        },
        "_filelogger": {
          "category": "debug-file",
          "context": {},
          "callStackSkipIndex": 0
        },
        "anonymizeFileLogger": {
          "fileLogger": {
            "category": "debug-file",
            "context": {},
            "callStackSkipIndex": 0
          }
        }
      }
    },
    {
      "head": {
        "id": "c4925838-d64f-408a-ba9e-846447580204",
        "name": "init task execution option",
        "description": "Init task execution option.",
        "type": "duration"
      },
      "body": {
        "pid": 24348,
        "tid": "Main Thread",
        "startTime": 21128654662000,
        "endTime": 21128654706300
      },
      "additional": {
        "children": [],
        "state": "success",
        "targetName": "",
        "moduleName": "",
        "category": "",
        "taskRunReasons": [],
        "parent": "044772b7-99b6-4f7e-9565-e443cd596187",
        "logId": "8107d6a6-9bd2-44ca-9c57-5c212a6cd0c9"
      },
      "log": {
        "_logger": {
          "category": "DurationEvent",
          "context": {},
          "callStackSkipIndex": 0
        },
        "_filelogger": {
          "category": "debug-file",
          "context": {},
          "callStackSkipIndex": 0
        },
        "anonymizeFileLogger": {
          "fileLogger": {
            "category": "debug-file",
            "context": {},
            "callStackSkipIndex": 0
          }
        }
      }
    },
    {
      "head": {
        "id": "2a7726cf-4bfd-42c7-83c8-ff14732a584b",
        "name": "\"configEvaluated\" hook function",
        "description": "",
        "type": "duration"
      },
      "body": {
        "pid": 24348,
        "tid": "Main Thread",
        "startTime": 21128534078400,
        "endTime": 21128534157800
      },
      "additional": {
        "children": [],
        "state": "success",
        "targetName": "",
        "moduleName": "",
        "category": "",
        "taskRunReasons": [],
        "parent": "044772b7-99b6-4f7e-9565-e443cd596187",
        "logId": "2f6ed163-1582-44b9-bec3-c4d29406541d"
      },
      "log": {
        "_logger": {
          "category": "DurationEvent",
          "context": {},
          "callStackSkipIndex": 0
        },
        "_filelogger": {
          "category": "debug-file",
          "context": {},
          "callStackSkipIndex": 0
        },
        "anonymizeFileLogger": {
          "fileLogger": {
            "category": "debug-file",
            "context": {},
            "callStackSkipIndex": 0
          }
        }
      }
    },
    {
      "head": {
        "id": "2f6ed163-1582-44b9-bec3-c4d29406541d",
        "name": "\"configEvaluated\" hook function",
        "description": "",
        "type": "log"
      },
      "body": {
        "pid": 24348,
        "tid": "Main Thread",
        "startTime": 21128534078400,
        "endTime": 21128534157800
      },
      "additional": {
        "logType": "info",
        "children": [],
        "durationId": "2a7726cf-4bfd-42c7-83c8-ff14732a584b",
        "parent": "f6a31a2b-1ac1-4308-91e3-8d49415233e8"
      }
    },
    {
      "head": {
        "id": "e2d1bdab-8999-4fff-8c59-e88663325a37",
        "name": "\"nodesInitialized\" hook function",
        "description": "",
        "type": "duration"
      },
      "body": {
        "pid": 24348,
        "tid": "Main Thread",
        "startTime": 21128535507800,
        "endTime": 21128535566000
      },
      "additional": {
        "children": [],
        "state": "success",
        "targetName": "",
        "moduleName": "",
        "category": "",
        "taskRunReasons": [],
        "parent": "044772b7-99b6-4f7e-9565-e443cd596187",
        "logId": "858c2ff5-c04a-486b-a368-4dd4b05d2fe4"
      },
      "log": {
        "_logger": {
          "category": "DurationEvent",
          "context": {},
          "callStackSkipIndex": 0
        },
        "_filelogger": {
          "category": "debug-file",
          "context": {},
          "callStackSkipIndex": 0
        },
        "anonymizeFileLogger": {
          "fileLogger": {
            "category": "debug-file",
            "context": {},
            "callStackSkipIndex": 0
          }
        }
      }
    },
    {
      "head": {
        "id": "858c2ff5-c04a-486b-a368-4dd4b05d2fe4",
        "name": "\"nodesInitialized\" hook function",
        "description": "",
        "type": "log"
      },
      "body": {
        "pid": 24348,
        "tid": "Main Thread",
        "startTime": 21128535507800,
        "endTime": 21128535566000
      },
      "additional": {
        "logType": "info",
        "children": [],
        "durationId": "e2d1bdab-8999-4fff-8c59-e88663325a37",
        "parent": "f6a31a2b-1ac1-4308-91e3-8d49415233e8"
      }
    },
    {
      "head": {
        "id": "41b9c6a7-2c55-4fe2-b608-86dce6b1e3bc",
        "name": "Hvigor init with startParameters:{\n  hvigorfileTypeCheck: false,\n  parallelExecution: true,\n  incrementalExecution: true,\n  printStackTrace: false,\n  daemon: true,\n  analyze: 0,\n  logLevel: Level { level: 20000, levelStr: 'INFO', colour: 'green' },\n  optimizationStrategy: 'performance',\n  hotCompile: undefined,\n  hotReloadBuild: undefined,\n  customizedParam: undefined\n}",
        "description": "",
        "type": "log"
      },
      "body": {
        "pid": 24348,
        "tid": "Main Thread",
        "startTime": 21128535710900
      },
      "additional": {
        "logType": "debug",
        "children": []
      }
    },
    {
      "head": {
        "id": "6b4e922a-4310-481d-8e2d-fbc055de9aed",
        "name": "Cache service initialization finished in 7 ms ",
        "description": "",
        "type": "log"
      },
      "body": {
        "pid": 24348,
        "tid": "Main Thread",
        "startTime": 21128542700700
      },
      "additional": {
        "logType": "debug",
        "children": []
      }
    },
    {
      "head": {
        "id": "f26d7204-24af-44f0-9e3e-eb7eb4511093",
        "name": "create hvigor project model",
        "description": "",
        "type": "log"
      },
      "body": {
        "pid": 24348,
        "tid": "Main Thread",
        "startTime": 21128531012400,
        "endTime": 21128542908700
      },
      "additional": {
        "logType": "info",
        "children": [],
        "durationId": "720e5572-8f3f-49db-9dec-8cc179400b4c",
        "parent": "f6a31a2b-1ac1-4308-91e3-8d49415233e8"
      }
    },
    {
      "head": {
        "id": "6c6c6de2-4060-459a-9af7-5ecc37e73234",
        "name": "init configuration",
        "description": "Initialize configuration.",
        "type": "duration"
      },
      "body": {
        "pid": 24348,
        "tid": "Main Thread",
        "startTime": 21128542998300,
        "endTime": 21128543011900
      },
      "additional": {
        "children": [],
        "state": "success",
        "targetName": "",
        "moduleName": "",
        "category": "",
        "taskRunReasons": [],
        "parent": "67e8e844-ce39-4aa9-a942-acd4d9573163",
        "logId": "d365fc8a-2857-4301-bef9-a1e983e79b2a"
      },
      "log": {
        "_logger": {
          "category": "DurationEvent",
          "context": {},
          "callStackSkipIndex": 0
        },
        "_filelogger": {
          "category": "debug-file",
          "context": {},
          "callStackSkipIndex": 0
        },
        "anonymizeFileLogger": {
          "fileLogger": {
            "category": "debug-file",
            "context": {},
            "callStackSkipIndex": 0
          }
        }
      }
    },
    {
      "head": {
        "id": "c2eabc83-36d6-4e0f-abe4-886ae1207201",
        "name": "configure project task",
        "description": "Configure project task.",
        "type": "duration"
      },
      "body": {
        "pid": 24348,
        "tid": "Main Thread",
        "startTime": 21128543022800,
        "endTime": 21128543579200
      },
      "additional": {
        "children": [],
        "state": "success",
        "targetName": "",
        "moduleName": "",
        "category": "",
        "taskRunReasons": [],
        "parent": "67e8e844-ce39-4aa9-a942-acd4d9573163",
        "logId": "5a60ff7b-27a2-451b-acbd-a690e672abb9"
      },
      "log": {
        "_logger": {
          "category": "DurationEvent",
          "context": {},
          "callStackSkipIndex": 0
        },
        "_filelogger": {
          "category": "debug-file",
          "context": {},
          "callStackSkipIndex": 0
        },
        "anonymizeFileLogger": {
          "fileLogger": {
            "category": "debug-file",
            "context": {},
            "callStackSkipIndex": 0
          }
        }
      }
    },
    {
      "head": {
        "id": "07960863-ef20-447a-a987-264cefec02e6",
        "name": "eval project",
        "description": "Evaluate project.",
        "type": "duration"
      },
      "body": {
        "pid": 24348,
        "tid": "Main Thread",
        "startTime": 21128543588400,
        "endTime": 21128604274100
      },
      "additional": {
        "children": [
          "91071fde-9a2f-4249-9dc1-dca28fac5621",
          "8fdb257b-8c7d-4b50-8fbd-9732b52540b2",
          "58276820-9875-4785-9165-bfc53e3394c7"
        ],
        "state": "success",
        "targetName": "",
        "moduleName": "",
        "category": "",
        "taskRunReasons": [],
        "parent": "67e8e844-ce39-4aa9-a942-acd4d9573163",
        "logId": "b6a02ca5-8277-4143-ad90-dfd729f33237"
      },
      "log": {
        "_logger": {
          "category": "DurationEvent",
          "context": {},
          "callStackSkipIndex": 0
        },
        "_filelogger": {
          "category": "debug-file",
          "context": {},
          "callStackSkipIndex": 0
        },
        "anonymizeFileLogger": {
          "fileLogger": {
            "category": "debug-file",
            "context": {},
            "callStackSkipIndex": 0
          }
        }
      }
    },
    {
      "head": {
        "id": "69864778-6975-481f-8a60-2dc5b03717b7",
        "name": "eval modules",
        "description": "Evaluate modules.",
        "type": "duration"
      },
      "body": {
        "pid": 24348,
        "tid": "Main Thread",
        "startTime": 21128604284100,
        "endTime": 21128616421800
      },
      "additional": {
        "children": [
          "77177cbd-7640-411d-8232-6e9facedf76c"
        ],
        "state": "success",
        "targetName": "",
        "moduleName": "",
        "category": "",
        "taskRunReasons": [],
        "parent": "67e8e844-ce39-4aa9-a942-acd4d9573163",
        "logId": "67b0bf7c-ec5f-43bf-bfa5-05ba6e49203c"
      },
      "log": {
        "_logger": {
          "category": "DurationEvent",
          "context": {},
          "callStackSkipIndex": 0
        },
        "_filelogger": {
          "category": "debug-file",
          "context": {},
          "callStackSkipIndex": 0
        },
        "anonymizeFileLogger": {
          "fileLogger": {
            "category": "debug-file",
            "context": {},
            "callStackSkipIndex": 0
          }
        }
      }
    },
    {
      "head": {
        "id": "b6a3dbc4-24b5-491d-88fa-5b2833473e2e",
        "name": "add config dependencies",
        "description": "Add configuration dependencies.",
        "type": "duration"
      },
      "body": {
        "pid": 24348,
        "tid": "Main Thread",
        "startTime": 21128616429800,
        "endTime": 21128643419800
      },
      "additional": {
        "children": [],
        "state": "success",
        "targetName": "",
        "moduleName": "",
        "category": "",
        "taskRunReasons": [],
        "parent": "67e8e844-ce39-4aa9-a942-acd4d9573163",
        "logId": "b51840b5-4b64-44dc-8f60-72940ba604a1"
      },
      "log": {
        "_logger": {
          "category": "DurationEvent",
          "context": {},
          "callStackSkipIndex": 0
        },
        "_filelogger": {
          "category": "debug-file",
          "context": {},
          "callStackSkipIndex": 0
        },
        "anonymizeFileLogger": {
          "fileLogger": {
            "category": "debug-file",
            "context": {},
            "callStackSkipIndex": 0
          }
        }
      }
    },
    {
      "head": {
        "id": "d4617515-4815-4f40-bf78-7b48b83e1e54",
        "name": "ohpm install",
        "description": "Ohpm install event.",
        "type": "duration"
      },
      "body": {
        "pid": 24348,
        "tid": "Main Thread",
        "startTime": 21128643618800,
        "endTime": 21128644585600
      },
      "additional": {
        "children": [],
        "state": "success",
        "targetName": "",
        "moduleName": "",
        "category": "",
        "taskRunReasons": [],
        "parent": "67e8e844-ce39-4aa9-a942-acd4d9573163",
        "logId": "c1075a9a-afec-4292-9625-337934b92427"
      },
      "log": {
        "_logger": {
          "category": "DurationEvent",
          "context": {},
          "callStackSkipIndex": 0
        },
        "_filelogger": {
          "category": "debug-file",
          "context": {},
          "callStackSkipIndex": 0
        },
        "anonymizeFileLogger": {
          "fileLogger": {
            "category": "debug-file",
            "context": {},
            "callStackSkipIndex": 0
          }
        }
      }
    },
    {
      "head": {
        "id": "d981e722-99a7-4ab1-8e50-217e12a67db1",
        "name": "eval hook",
        "description": "EvaluateEvent hook.",
        "type": "duration"
      },
      "body": {
        "pid": 24348,
        "tid": "Main Thread",
        "startTime": 21128644612600,
        "endTime": 21128653713000
      },
      "additional": {
        "children": [],
        "state": "success",
        "targetName": "",
        "moduleName": "",
        "category": "",
        "taskRunReasons": [],
        "parent": "67e8e844-ce39-4aa9-a942-acd4d9573163",
        "logId": "b3b1f26d-1a77-456e-b6d7-8a4cf3738f4d"
      },
      "log": {
        "_logger": {
          "category": "DurationEvent",
          "context": {},
          "callStackSkipIndex": 0
        },
        "_filelogger": {
          "category": "debug-file",
          "context": {},
          "callStackSkipIndex": 0
        },
        "anonymizeFileLogger": {
          "fileLogger": {
            "category": "debug-file",
            "context": {},
            "callStackSkipIndex": 0
          }
        }
      }
    },
    {
      "head": {
        "id": "52d83cdf-3267-45e7-9f0a-bd5d52d3ea8d",
        "name": "fin configuration",
        "description": "Finish configuration.",
        "type": "duration"
      },
      "body": {
        "pid": 24348,
        "tid": "Main Thread",
        "startTime": 21128653732300,
        "endTime": 21128653856200
      },
      "additional": {
        "children": [],
        "state": "success",
        "targetName": "",
        "moduleName": "",
        "category": "",
        "taskRunReasons": [],
        "parent": "67e8e844-ce39-4aa9-a942-acd4d9573163",
        "logId": "4c3778a8-42a3-4a66-86cf-961db38a91f9"
      },
      "log": {
        "_logger": {
          "category": "DurationEvent",
          "context": {},
          "callStackSkipIndex": 0
        },
        "_filelogger": {
          "category": "debug-file",
          "context": {},
          "callStackSkipIndex": 0
        },
        "anonymizeFileLogger": {
          "fileLogger": {
            "category": "debug-file",
            "context": {},
            "callStackSkipIndex": 0
          }
        }
      }
    },
    {
      "head": {
        "id": "d365fc8a-2857-4301-bef9-a1e983e79b2a",
        "name": "init configuration",
        "description": "",
        "type": "log"
      },
      "body": {
        "pid": 24348,
        "tid": "Main Thread",
        "startTime": 21128542998300,
        "endTime": 21128543011900
      },
      "additional": {
        "logType": "info",
        "children": [],
        "durationId": "6c6c6de2-4060-459a-9af7-5ecc37e73234",
        "parent": "b7556f18-c4e0-4ef6-8010-0aaedb2c7cf4"
      }
    },
    {
      "head": {
        "id": "5a60ff7b-27a2-451b-acbd-a690e672abb9",
        "name": "configure project task",
        "description": "",
        "type": "log"
      },
      "body": {
        "pid": 24348,
        "tid": "Main Thread",
        "startTime": 21128543022800,
        "endTime": 21128543579200
      },
      "additional": {
        "logType": "info",
        "children": [],
        "durationId": "c2eabc83-36d6-4e0f-abe4-886ae1207201",
        "parent": "b7556f18-c4e0-4ef6-8010-0aaedb2c7cf4"
      }
    },
    {
      "head": {
        "id": "91071fde-9a2f-4249-9dc1-dca28fac5621",
        "name": "\"beforeNodeEvaluate\" hook function",
        "description": "",
        "type": "duration"
      },
      "body": {
        "pid": 24348,
        "tid": "Main Thread",
        "startTime": 21128543610100,
        "endTime": 21128543622900
      },
      "additional": {
        "children": [],
        "state": "success",
        "targetName": "",
        "moduleName": "",
        "category": "",
        "taskRunReasons": [],
        "parent": "07960863-ef20-447a-a987-264cefec02e6",
        "logId": "d017c145-c6de-4677-adad-413cfe86ffaf"
      },
      "log": {
        "_logger": {
          "category": "DurationEvent",
          "context": {},
          "callStackSkipIndex": 0
        },
        "_filelogger": {
          "category": "debug-file",
          "context": {},
          "callStackSkipIndex": 0
        },
        "anonymizeFileLogger": {
          "fileLogger": {
            "category": "debug-file",
            "context": {},
            "callStackSkipIndex": 0
          }
        }
      }
    },
    {
      "head": {
        "id": "d017c145-c6de-4677-adad-413cfe86ffaf",
        "name": "\"beforeNodeEvaluate\" hook function",
        "description": "",
        "type": "log"
      },
      "body": {
        "pid": 24348,
        "tid": "Main Thread",
        "startTime": 21128543610100,
        "endTime": 21128543622900
      },
      "additional": {
        "logType": "info",
        "children": [],
        "durationId": "91071fde-9a2f-4249-9dc1-dca28fac5621",
        "parent": "b6a02ca5-8277-4143-ad90-dfd729f33237"
      }
    },
    {
      "head": {
        "id": "8fdb257b-8c7d-4b50-8fbd-9732b52540b2",
        "name": "eval hvigorfile",
        "description": "Evaluate hvigorfile.",
        "type": "duration"
      },
      "body": {
        "pid": 24348,
        "tid": "Main Thread",
        "startTime": 21128543850600,
        "endTime": 21128604213100
      },
      "additional": {
        "children": [
          "5c6e4ccf-dbaf-4e1f-8f9c-9983724c1ba9",
          "67183915-4442-4ad4-b732-e7a96b3f8d23"
        ],
        "state": "success",
        "targetName": "",
        "moduleName": "",
        "category": "",
        "taskRunReasons": [],
        "parent": "07960863-ef20-447a-a987-264cefec02e6",
        "logId": "52616544-60c8-4c26-a2ef-f47d862f925b"
      },
      "log": {
        "_logger": {
          "category": "DurationEvent",
          "context": {},
          "callStackSkipIndex": 0
        },
        "_filelogger": {
          "category": "debug-file",
          "context": {},
          "callStackSkipIndex": 0
        },
        "anonymizeFileLogger": {
          "fileLogger": {
            "category": "debug-file",
            "context": {},
            "callStackSkipIndex": 0
          }
        }
      }
    },
    {
      "head": {
        "id": "5c6e4ccf-dbaf-4e1f-8f9c-9983724c1ba9",
        "name": "require hvigorfile",
        "description": "Require hvigorfile.",
        "type": "duration"
      },
      "body": {
        "pid": 24348,
        "tid": "Main Thread",
        "startTime": 21128543851000,
        "endTime": 21128551062500
      },
      "additional": {
        "children": [],
        "state": "success",
        "targetName": "",
        "moduleName": "",
        "category": "",
        "taskRunReasons": [],
        "parent": "8fdb257b-8c7d-4b50-8fbd-9732b52540b2",
        "logId": "083b377c-a37d-49e6-b638-c7016679e906"
      },
      "log": {
        "_logger": {
          "category": "DurationEvent",
          "context": {},
          "callStackSkipIndex": 0
        },
        "_filelogger": {
          "category": "debug-file",
          "context": {},
          "callStackSkipIndex": 0
        },
        "anonymizeFileLogger": {
          "fileLogger": {
            "category": "debug-file",
            "context": {},
            "callStackSkipIndex": 0
          }
        }
      }
    },
    {
      "head": {
        "id": "67183915-4442-4ad4-b732-e7a96b3f8d23",
        "name": "bind plugins",
        "description": "Bind plugins.",
        "type": "duration"
      },
      "body": {
        "pid": 24348,
        "tid": "Main Thread",
        "startTime": 21128551083300,
        "endTime": 21128604176800
      },
      "additional": {
        "children": [],
        "state": "success",
        "targetName": "",
        "moduleName": "",
        "category": "",
        "taskRunReasons": [],
        "parent": "8fdb257b-8c7d-4b50-8fbd-9732b52540b2",
        "logId": "70f1edf3-e732-4c55-8fa1-b4fdf9e72e5f"
      },
      "log": {
        "_logger": {
          "category": "DurationEvent",
          "context": {},
          "callStackSkipIndex": 0
        },
        "_filelogger": {
          "category": "debug-file",
          "context": {},
          "callStackSkipIndex": 0
        },
        "anonymizeFileLogger": {
          "fileLogger": {
            "category": "debug-file",
            "context": {},
            "callStackSkipIndex": 0
          }
        }
      }
    },
    {
      "head": {
        "id": "aff9080f-b047-413a-9cd9-769a88036756",
        "name": "hvigorfile, resolving D:\\MCMonitor\\hvigorfile.ts",
        "description": "",
        "type": "log"
      },
      "body": {
        "pid": 24348,
        "tid": "Main Thread",
        "startTime": 21128543854600
      },
      "additional": {
        "logType": "debug",
        "children": []
      }
    },
    {
      "head": {
        "id": "f1cce835-2f12-48e9-95d6-58220acada16",
        "name": "hvigorfile, require result:  { default: { system: [Function: appTasks], plugins: [] } }",
        "description": "",
        "type": "log"
      },
      "body": {
        "pid": 24348,
        "tid": "Main Thread",
        "startTime": 21128550917600
      },
      "additional": {
        "logType": "debug",
        "children": []
      }
    },
    {
      "head": {
        "id": "083b377c-a37d-49e6-b638-c7016679e906",
        "name": "require hvigorfile",
        "description": "",
        "type": "log"
      },
      "body": {
        "pid": 24348,
        "tid": "Main Thread",
        "startTime": 21128543851000,
        "endTime": 21128551062500
      },
      "additional": {
        "logType": "info",
        "children": [],
        "durationId": "5c6e4ccf-dbaf-4e1f-8f9c-9983724c1ba9",
        "parent": "52616544-60c8-4c26-a2ef-f47d862f925b"
      }
    },
    {
      "head": {
        "id": "b198630b-6427-44f4-bb4b-3502388139d1",
        "name": "hvigorfile, binding system plugins [Function: appTasks]",
        "description": "",
        "type": "log"
      },
      "body": {
        "pid": 24348,
        "tid": "Main Thread",
        "startTime": 21128551100400
      },
      "additional": {
        "logType": "debug",
        "children": []
      }
    },
    {
      "head": {
        "id": "456f3e42-0f99-4781-bb29-54bdfcd7ec06",
        "name": "Starting plugin build process",
        "description": "",
        "type": "log"
      },
      "body": {
        "pid": 24348,
        "tid": "Main Thread",
        "startTime": 21128552990000
      },
      "additional": {
        "logType": "debug",
        "children": []
      }
    },
    {
      "head": {
        "id": "6313b59c-67c5-415c-bb7d-933c3b2d6774",
        "name": "App plugin prepare start...",
        "description": "",
        "type": "log"
      },
      "body": {
        "pid": 24348,
        "tid": "Main Thread",
        "startTime": 21128553112900
      },
      "additional": {
        "logType": "debug",
        "children": []
      }
    },
    {
      "head": {
        "id": "b155bbe1-f8c8-4d1c-bfd9-188d7a874c0d",
        "name": "App plugin prepare end...",
        "description": "",
        "type": "log"
      },
      "body": {
        "pid": 24348,
        "tid": "Main Thread",
        "startTime": 21128553197400
      },
      "additional": {
        "logType": "debug",
        "children": []
      }
    },
    {
      "head": {
        "id": "5051029e-098b-42ed-b78d-e4dc60a4f189",
        "name": "App plugin creating...",
        "description": "",
        "type": "log"
      },
      "body": {
        "pid": 24348,
        "tid": "Main Thread",
        "startTime": 21128553246200
      },
      "additional": {
        "logType": "debug",
        "children": []
      }
    },
    {
      "head": {
        "id": "5cfbe2db-0ba2-454a-bf62-8a9e44a61cd5",
        "name": "App plugin register hook start...",
        "description": "",
        "type": "log"
      },
      "body": {
        "pid": 24348,
        "tid": "Main Thread",
        "startTime": 21128557879100
      },
      "additional": {
        "logType": "debug",
        "children": []
      }
    },
    {
      "head": {
        "id": "b4db8d9a-1eef-4dda-a4a7-bc4feb4c611c",
        "name": "App plugin register hook end...",
        "description": "",
        "type": "log"
      },
      "body": {
        "pid": 24348,
        "tid": "Main Thread",
        "startTime": 21128558067800
      },
      "additional": {
        "logType": "debug",
        "children": []
      }
    },
    {
      "head": {
        "id": "1a3339bf-ebab-4e67-8159-0883ee8e4ba1",
        "name": "Plugin build process completed",
        "description": "",
        "type": "log"
      },
      "body": {
        "pid": 24348,
        "tid": "Main Thread",
        "startTime": 21128558160200
      },
      "additional": {
        "logType": "debug",
        "children": []
      }
    },
    {
      "head": {
        "id": "5461b041-106d-4b0d-b417-938ccdefcf9f",
        "name": "Start initialize project's product build option map with build mode debug.",
        "description": "",
        "type": "log"
      },
      "body": {
        "pid": 24348,
        "tid": "Main Thread",
        "startTime": 21128558692800
      },
      "additional": {
        "logType": "debug",
        "children": []
      }
    },
    {
      "head": {
        "id": "af0ebc9f-3c5d-422f-835c-212948b4cc97",
        "name": "Picking option from product 'default' with build mode 'debug'.",
        "description": "",
        "type": "log"
      },
      "body": {
        "pid": 24348,
        "tid": "Main Thread",
        "startTime": 21128558789900
      },
      "additional": {
        "logType": "debug",
        "children": []
      }
    },
    {
      "head": {
        "id": "a5da8f49-fef6-46ca-84e6-77fc98fc79f3",
        "name": "Product 'default' build option initialized",
        "description": "",
        "type": "log"
      },
      "body": {
        "pid": 24348,
        "tid": "Main Thread",
        "startTime": 21128558900500
      },
      "additional": {
        "logType": "debug",
        "children": []
      }
    },
    {
      "head": {
        "id": "83925d7f-d764-4b61-b1aa-0eaf38a1fff4",
        "name": "End initialize project's product build option map with build mode 'debug'.",
        "description": "",
        "type": "log"
      },
      "body": {
        "pid": 24348,
        "tid": "Main Thread",
        "startTime": 21128559041800
      },
      "additional": {
        "logType": "debug",
        "children": []
      }
    },
    {
      "head": {
        "id": "de687c7f-72c8-4dbb-89e4-b7864b1978ba",
        "name": "Obtain build option for product 'default'in this build.",
        "description": "",
        "type": "log"
      },
      "body": {
        "pid": 24348,
        "tid": "Main Thread",
        "startTime": 21128559794200
      },
      "additional": {
        "logType": "debug",
        "children": []
      }
    },
    {
      "head": {
        "id": "e0582466-f211-4b54-ab68-94fb0baf501d",
        "name": "No signingConfig found, initRemoteHspCache failed.",
        "description": "",
        "type": "log"
      },
      "body": {
        "pid": 24348,
        "tid": "Main Thread",
        "startTime": 21128560869800
      },
      "additional": {
        "logType": "debug",
        "children": []
      }
    },
    {
      "head": {
        "id": "66c8fa72-d146-4f35-b2ef-f869b822d431",
        "name": "Start recording SDK configuration permission data.",
        "description": "",
        "type": "log"
      },
      "body": {
        "pid": 24348,
        "tid": "Main Thread",
        "startTime": 21128564873100
      },
      "additional": {
        "logType": "debug",
        "children": []
      }
    },
    {
      "head": {
        "id": "5273066c-a41c-4958-a789-648ffb5e4ff2",
        "name": "Sdk init in 39 ms ",
        "description": "",
        "type": "log"
      },
      "body": {
        "pid": 24348,
        "tid": "Main Thread",
        "startTime": 21128599677800
      },
      "additional": {
        "logType": "debug",
        "children": []
      }
    },
    {
      "head": {
        "id": "bb77e373-704a-487f-a1c2-db6d2f338cce",
        "name": "sdkVersion",
        "description": "6.0.2.130",
        "type": "mark"
      },
      "body": {
        "pid": 24348,
        "tid": "Main Thread",
        "startTime": 21128599836600
      },
      "additional": {
        "time": {
          "year": 2026,
          "month": 2,
          "day": 15,
          "hour": 17,
          "minute": 3,
          "second": 37
        },
        "markType": "other"
      }
    },
    {
      "head": {
        "id": "85829c66-0798-4449-8093-d490aa39eeb7",
        "name": "caseSensitiveCheckOff",
        "description": "caseSensitiveCheck check is off",
        "type": "mark"
      },
      "body": {
        "pid": 24348,
        "tid": "Main Thread",
        "startTime": 21128599885200
      },
      "additional": {
        "time": {
          "year": 2026,
          "month": 2,
          "day": 15,
          "hour": 17,
          "minute": 3,
          "second": 37
        },
        "markType": "other"
      }
    },
    {
      "head": {
        "id": "b663adf3-515a-4c40-9d28-4ea24832ca68",
        "name": ":clean",
        "description": "Clear the cache information.",
        "type": "duration"
      },
      "body": {
        "pid": 24348,
        "tid": "Main Thread",
        "startTime": 21128753980800,
        "endTime": 21128755376400
      },
      "additional": {
        "children": [],
        "state": "success",
        "targetName": "",
        "moduleName": "",
        "category": "Other",
        "taskRunReasons": [],
        "detailId": "df333f9d-27cc-4b47-b4b5-fcbe60dc6127",
        "logId": "342ec3d2-fd02-4031-a4be-172bddc37fca"
      },
      "log": {
        "_logger": {
          "category": "DurationEvent",
          "context": {},
          "callStackSkipIndex": 0
        },
        "_filelogger": {
          "category": "debug-file",
          "context": {},
          "callStackSkipIndex": 0
        },
        "anonymizeFileLogger": {
          "fileLogger": {
            "category": "debug-file",
            "context": {},
            "callStackSkipIndex": 0
          }
        }
      }
    },
    {
      "head": {
        "id": "df333f9d-27cc-4b47-b4b5-fcbe60dc6127",
        "name": "create :clean task",
        "description": "",
        "type": "log"
      },
      "body": {
        "pid": 24348,
        "tid": "Main Thread",
        "startTime": 21128600437200
      },
      "additional": {
        "logType": "detail",
        "children": [],
        "durationId": "b663adf3-515a-4c40-9d28-4ea24832ca68"
      }
    },
    {
      "head": {
        "id": "3037bf39-1ac7-4548-82ef-1d3601c6f72e",
        "name": "Project task initialization takes 4 ms ",
        "description": "",
        "type": "log"
      },
      "body": {
        "pid": 24348,
        "tid": "Main Thread",
        "startTime": 21128603835100
      },
      "additional": {
        "logType": "debug",
        "children": []
      }
    },
    {
      "head": {
        "id": "6f72734e-41ca-4aa2-8fa3-37fe1f9e2730",
        "name": "hvigorfile, binding custom plugins []",
        "description": "",
        "type": "log"
      },
      "body": {
        "pid": 24348,
        "tid": "Main Thread",
        "startTime": 21128603993000
      },
      "additional": {
        "logType": "debug",
        "children": []
      }
    },
    {
      "head": {
        "id": "3799c341-7179-43de-b542-207e348b886e",
        "name": "hvigorfile, no custom plugins were found in D:\\MCMonitor\\hvigorfile.ts",
        "description": "",
        "type": "log"
      },
      "body": {
        "pid": 24348,
        "tid": "Main Thread",
        "startTime": 21128604060800
      },
      "additional": {
        "logType": "debug",
        "children": []
      }
    },
    {
      "head": {
        "id": "4b6895b2-2f9c-4905-b7c2-35ed604dd387",
        "name": "hvigorfile, resolve finished D:\\MCMonitor\\hvigorfile.ts",
        "description": "",
        "type": "log"
      },
      "body": {
        "pid": 24348,
        "tid": "Main Thread",
        "startTime": 21128604126200
      },
      "additional": {
        "logType": "debug",
        "children": []
      }
    },
    {
      "head": {
        "id": "70f1edf3-e732-4c55-8fa1-b4fdf9e72e5f",
        "name": "bind plugins",
        "description": "",
        "type": "log"
      },
      "body": {
        "pid": 24348,
        "tid": "Main Thread",
        "startTime": 21128551083300,
        "endTime": 21128604176800
      },
      "additional": {
        "logType": "info",
        "children": [],
        "durationId": "67183915-4442-4ad4-b732-e7a96b3f8d23",
        "parent": "52616544-60c8-4c26-a2ef-f47d862f925b"
      }
    },
    {
      "head": {
        "id": "52616544-60c8-4c26-a2ef-f47d862f925b",
        "name": "eval hvigorfile",
        "description": "",
        "type": "log"
      },
      "body": {
        "pid": 24348,
        "tid": "Main Thread",
        "startTime": 21128543850600,
        "endTime": 21128604213100
      },
      "additional": {
        "logType": "info",
        "children": [
          "083b377c-a37d-49e6-b638-c7016679e906",
          "70f1edf3-e732-4c55-8fa1-b4fdf9e72e5f"
        ],
        "durationId": "8fdb257b-8c7d-4b50-8fbd-9732b52540b2",
        "parent": "b6a02ca5-8277-4143-ad90-dfd729f33237"
      }
    },
    {
      "head": {
        "id": "58276820-9875-4785-9165-bfc53e3394c7",
        "name": "\"afterNodeEvaluate\" hook function",
        "description": "",
        "type": "duration"
      },
      "body": {
        "pid": 24348,
        "tid": "Main Thread",
        "startTime": 21128604255800,
        "endTime": 21128604266000
      },
      "additional": {
        "children": [],
        "state": "success",
        "targetName": "",
        "moduleName": "",
        "category": "",
        "taskRunReasons": [],
        "parent": "07960863-ef20-447a-a987-264cefec02e6",
        "logId": "109b746d-5064-4757-a2ea-ba5d85d31609"
      },
      "log": {
        "_logger": {
          "category": "DurationEvent",
          "context": {},
          "callStackSkipIndex": 0
        },
        "_filelogger": {
          "category": "debug-file",
          "context": {},
          "callStackSkipIndex": 0
        },
        "anonymizeFileLogger": {
          "fileLogger": {
            "category": "debug-file",
            "context": {},
            "callStackSkipIndex": 0
          }
        }
      }
    },
    {
      "head": {
        "id": "109b746d-5064-4757-a2ea-ba5d85d31609",
        "name": "\"afterNodeEvaluate\" hook function",
        "description": "",
        "type": "log"
      },
      "body": {
        "pid": 24348,
        "tid": "Main Thread",
        "startTime": 21128604255800,
        "endTime": 21128604266000
      },
      "additional": {
        "logType": "info",
        "children": [],
        "durationId": "58276820-9875-4785-9165-bfc53e3394c7",
        "parent": "b6a02ca5-8277-4143-ad90-dfd729f33237"
      }
    },
    {
      "head": {
        "id": "b6a02ca5-8277-4143-ad90-dfd729f33237",
        "name": "eval project",
        "description": "",
        "type": "log"
      },
      "body": {
        "pid": 24348,
        "tid": "Main Thread",
        "startTime": 21128543588400,
        "endTime": 21128604274100
      },
      "additional": {
        "logType": "info",
        "children": [
          "d017c145-c6de-4677-adad-413cfe86ffaf",
          "52616544-60c8-4c26-a2ef-f47d862f925b",
          "109b746d-5064-4757-a2ea-ba5d85d31609"
        ],
        "durationId": "07960863-ef20-447a-a987-264cefec02e6",
        "parent": "b7556f18-c4e0-4ef6-8010-0aaedb2c7cf4"
      }
    },
    {
      "head": {
        "id": "77177cbd-7640-411d-8232-6e9facedf76c",
        "name": "eval submodule",
        "description": "Evaluate submodule.",
        "type": "duration"
      },
      "body": {
        "pid": 24348,
        "tid": "Main Thread",
        "startTime": 21128604291500,
        "endTime": 21128616410700
      },
      "additional": {
        "children": [
          "dba92283-d3d9-41b8-abf5-6e8d98dd7543",
          "c79f4992-07b8-4b97-9c9d-cf85f0ead475",
          "274dceef-1532-4aa6-ac70-8973aea86318"
        ],
        "state": "success",
        "targetName": "",
        "moduleName": "",
        "category": "",
        "taskRunReasons": [],
        "parent": "69864778-6975-481f-8a60-2dc5b03717b7",
        "logId": "8928e6a2-6192-4747-b800-521f26415a4f"
      },
      "log": {
        "_logger": {
          "category": "DurationEvent",
          "context": {},
          "callStackSkipIndex": 0
        },
        "_filelogger": {
          "category": "debug-file",
          "context": {},
          "callStackSkipIndex": 0
        },
        "anonymizeFileLogger": {
          "fileLogger": {
            "category": "debug-file",
            "context": {},
            "callStackSkipIndex": 0
          }
        }
      }
    },
    {
      "head": {
        "id": "dba92283-d3d9-41b8-abf5-6e8d98dd7543",
        "name": "\"beforeNodeEvaluate\" hook function",
        "description": "",
        "type": "duration"
      },
      "body": {
        "pid": 24348,
        "tid": "Main Thread",
        "startTime": 21128604424100,
        "endTime": 21128604434800
      },
      "additional": {
        "children": [],
        "state": "success",
        "targetName": "",
        "moduleName": "",
        "category": "",
        "taskRunReasons": [],
        "parent": "77177cbd-7640-411d-8232-6e9facedf76c",
        "logId": "ba5dffbe-f22c-4c89-b9a8-5f627dcc77b6"
      },
      "log": {
        "_logger": {
          "category": "DurationEvent",
          "context": {},
          "callStackSkipIndex": 0
        },
        "_filelogger": {
          "category": "debug-file",
          "context": {},
          "callStackSkipIndex": 0
        },
        "anonymizeFileLogger": {
          "fileLogger": {
            "category": "debug-file",
            "context": {},
            "callStackSkipIndex": 0
          }
        }
      }
    },
    {
      "head": {
        "id": "ba5dffbe-f22c-4c89-b9a8-5f627dcc77b6",
        "name": "\"beforeNodeEvaluate\" hook function",
        "description": "",
        "type": "log"
      },
      "body": {
        "pid": 24348,
        "tid": "Main Thread",
        "startTime": 21128604424100,
        "endTime": 21128604434800
      },
      "additional": {
        "logType": "info",
        "children": [],
        "durationId": "dba92283-d3d9-41b8-abf5-6e8d98dd7543",
        "parent": "8928e6a2-6192-4747-b800-521f26415a4f"
      }
    },
    {
      "head": {
        "id": "c79f4992-07b8-4b97-9c9d-cf85f0ead475",
        "name": "eval hvigorfile",
        "description": "Evaluate hvigorfile.",
        "type": "duration"
      },
      "body": {
        "pid": 24348,
        "tid": "Main Thread",
        "startTime": 21128604629800,
        "endTime": 21128616075800
      },
      "additional": {
        "children": [
          "f9836cdc-c0f8-4acd-aac9-91bca100112f",
          "362c9042-d0da-4ba3-bb81-eff40b41575a"
        ],
        "state": "success",
        "targetName": "",
        "moduleName": "",
        "category": "",
        "taskRunReasons": [],
        "parent": "77177cbd-7640-411d-8232-6e9facedf76c",
        "logId": "cd000e26-2568-4aeb-a621-9cea63d096bc"
      },
      "log": {
        "_logger": {
          "category": "DurationEvent",
          "context": {},
          "callStackSkipIndex": 0
        },
        "_filelogger": {
          "category": "debug-file",
          "context": {},
          "callStackSkipIndex": 0
        },
        "anonymizeFileLogger": {
          "fileLogger": {
            "category": "debug-file",
            "context": {},
            "callStackSkipIndex": 0
          }
        }
      }
    },
    {
      "head": {
        "id": "f9836cdc-c0f8-4acd-aac9-91bca100112f",
        "name": "require hvigorfile",
        "description": "Require hvigorfile.",
        "type": "duration"
      },
      "body": {
        "pid": 24348,
        "tid": "Main Thread",
        "startTime": 21128604630200,
        "endTime": 21128608015500
      },
      "additional": {
        "children": [],
        "state": "success",
        "targetName": "",
        "moduleName": "",
        "category": "",
        "taskRunReasons": [],
        "parent": "c79f4992-07b8-4b97-9c9d-cf85f0ead475",
        "logId": "d3987210-c01e-4320-9c02-9feefcddcaa4"
      },
      "log": {
        "_logger": {
          "category": "DurationEvent",
          "context": {},
          "callStackSkipIndex": 0
        },
        "_filelogger": {
          "category": "debug-file",
          "context": {},
          "callStackSkipIndex": 0
        },
        "anonymizeFileLogger": {
          "fileLogger": {
            "category": "debug-file",
            "context": {},
            "callStackSkipIndex": 0
          }
        }
      }
    },
    {
      "head": {
        "id": "362c9042-d0da-4ba3-bb81-eff40b41575a",
        "name": "bind plugins",
        "description": "Bind plugins.",
        "type": "duration"
      },
      "body": {
        "pid": 24348,
        "tid": "Main Thread",
        "startTime": 21128608031300,
        "endTime": 21128616058700
      },
      "additional": {
        "children": [],
        "state": "success",
        "targetName": "",
        "moduleName": "",
        "category": "",
        "taskRunReasons": [],
        "parent": "c79f4992-07b8-4b97-9c9d-cf85f0ead475",
        "logId": "4fe00d6e-e3bf-4134-95b9-9f20814e26eb"
      },
      "log": {
        "_logger": {
          "category": "DurationEvent",
          "context": {},
          "callStackSkipIndex": 0
        },
        "_filelogger": {
          "category": "debug-file",
          "context": {},
          "callStackSkipIndex": 0
        },
        "anonymizeFileLogger": {
          "fileLogger": {
            "category": "debug-file",
            "context": {},
            "callStackSkipIndex": 0
          }
        }
      }
    },
    {
      "head": {
        "id": "0660b92f-783e-4235-b36a-69378f9cc58c",
        "name": "hvigorfile, resolving D:\\MCMonitor\\entry\\hvigorfile.ts",
        "description": "",
        "type": "log"
      },
      "body": {
        "pid": 24348,
        "tid": "Main Thread",
        "startTime": 21128604632700
      },
      "additional": {
        "logType": "debug",
        "children": []
      }
    },
    {
      "head": {
        "id": "94e5cd52-02a4-4567-aa60-3b2be3d14b38",
        "name": "hvigorfile, require result:  { default: { system: [Function: hapTasks], plugins: [] } }",
        "description": "",
        "type": "log"
      },
      "body": {
        "pid": 24348,
        "tid": "Main Thread",
        "startTime": 21128607909200
      },
      "additional": {
        "logType": "debug",
        "children": []
      }
    },
    {
      "head": {
        "id": "d3987210-c01e-4320-9c02-9feefcddcaa4",
        "name": "require hvigorfile",
        "description": "",
        "type": "log"
      },
      "body": {
        "pid": 24348,
        "tid": "Main Thread",
        "startTime": 21128604630200,
        "endTime": 21128608015500
      },
      "additional": {
        "logType": "info",
        "children": [],
        "durationId": "f9836cdc-c0f8-4acd-aac9-91bca100112f",
        "parent": "cd000e26-2568-4aeb-a621-9cea63d096bc"
      }
    },
    {
      "head": {
        "id": "00bf5e1e-4ef9-4949-b73e-605fd0fd2715",
        "name": "hvigorfile, binding system plugins [Function: hapTasks]",
        "description": "",
        "type": "log"
      },
      "body": {
        "pid": 24348,
        "tid": "Main Thread",
        "startTime": 21128608044800
      },
      "additional": {
        "logType": "debug",
        "children": []
      }
    },
    {
      "head": {
        "id": "a584ed34-15e3-4b9f-aff9-6f3ddfb224b7",
        "name": "Starting plugin build process",
        "description": "",
        "type": "log"
      },
      "body": {
        "pid": 24348,
        "tid": "Main Thread",
        "startTime": 21128608131900
      },
      "additional": {
        "logType": "debug",
        "children": []
      }
    },
    {
      "head": {
        "id": "bfd0f867-d039-4f33-8ff7-f3bf781617f6",
        "name": "Hap plugin creating...",
        "description": "",
        "type": "log"
      },
      "body": {
        "pid": 24348,
        "tid": "Main Thread",
        "startTime": 21128608180600
      },
      "additional": {
        "logType": "debug",
        "children": []
      }
    },
    {
      "head": {
        "id": "e2db6a5d-9cdb-4403-80d7-e4915db76ea2",
        "name": "failed to load cangjie to dynamically generate schemas: Error: Cannot find module '@ohos/cangjie-build-support/index'\nRequire stack:\n- D:\\Harmony\\DevEco Studio\\tools\\hvigor\\hvigor-ohos-plugin\\src\\plugin\\hooks\\cangjie-register.js\n- D:\\Harmony\\DevEco Studio\\tools\\hvigor\\hvigor-ohos-plugin\\src\\plugin\\strategy\\stage-init-strategy.js\n- D:\\Harmony\\DevEco Studio\\tools\\hvigor\\hvigor-ohos-plugin\\src\\plugin\\builder\\abstract-plugin-builder.js\n- D:\\Harmony\\DevEco Studio\\tools\\hvigor\\hvigor-ohos-plugin\\src\\plugin\\builder\\app-plugin-builder.js\n- D:\\Harmony\\DevEco Studio\\tools\\hvigor\\hvigor-ohos-plugin\\src\\plugin\\factory\\plugin-factory.js\n- D:\\Harmony\\DevEco Studio\\tools\\hvigor\\hvigor-ohos-plugin\\index.js\n- D:\\MCMonitor\\hvigorfile.ts\n- D:\\Harmony\\DevEco Studio\\tools\\hvigor\\hvigor\\src\\base\\internal\\lifecycle\\configuration.js\n- D:\\Harmony\\DevEco Studio\\tools\\hvigor\\hvigor\\src\\base\\boot\\index.js\n- D:\\Harmony\\DevEco Studio\\tools\\hvigor\\hvigor\\src\\base\\daemon\\cluster\\worker-process-lifecycle.js\n- D:\\Harmony\\DevEco Studio\\tools\\hvigor\\hvigor\\src\\base\\daemon\\process\\daemon-process-boot-script.js",
        "description": "",
        "type": "log"
      },
      "body": {
        "pid": 24348,
        "tid": "Main Thread",
        "startTime": 21128610018600
      },
      "additional": {
        "logType": "debug",
        "children": []
      }
    },
    {
      "head": {
        "id": "e05fb185-ca37-4fff-a7d9-aa40ac81b1b0",
        "name": "Start initialize module-target build option map, moduleName=entry, buildMode=release",
        "description": "",
        "type": "log"
      },
      "body": {
        "pid": 24348,
        "tid": "Main Thread",
        "startTime": 21128611792500
      },
      "additional": {
        "logType": "debug",
        "children": []
      }
    },
    {
      "head": {
        "id": "8cc42b2a-0cb0-4996-9cb0-66307e743a5c",
        "name": "Target 'default' config initialized",
        "description": "",
        "type": "log"
      },
      "body": {
        "pid": 24348,
        "tid": "Main Thread",
        "startTime": 21128611925800
      },
      "additional": {
        "logType": "debug",
        "children": []
      }
    },
    {
      "head": {
        "id": "868a4d83-c5da-4613-8a1c-416de65fd3f9",
        "name": "Module 'entry' target 'default' build option initialized",
        "description": "",
        "type": "log"
      },
      "body": {
        "pid": 24348,
        "tid": "Main Thread",
        "startTime": 21128612096600
      },
      "additional": {
        "logType": "debug",
        "children": []
      }
    },
    {
      "head": {
        "id": "f2c709de-b870-452d-a089-e11a2051f458",
        "name": "End initialize module-target build option map, moduleName=entry",
        "description": "",
        "type": "log"
      },
      "body": {
        "pid": 24348,
        "tid": "Main Thread",
        "startTime": 21128612156000
      },
      "additional": {
        "logType": "debug",
        "children": []
      }
    },
    {
      "head": {
        "id": "cb1623ba-3345-4ff4-9a30-a7b0dfce6f63",
        "name": "Start initialize module-target build option map, moduleName=entry, buildMode=debug",
        "description": "",
        "type": "log"
      },
      "body": {
        "pid": 24348,
        "tid": "Main Thread",
        "startTime": 21128612219900
      },
      "additional": {
        "logType": "debug",
        "children": []
      }
    },
    {
      "head": {
        "id": "11363209-4add-4307-9f62-4f7e6e366c21",
        "name": "Target 'default' config initialized",
        "description": "",
        "type": "log"
      },
      "body": {
        "pid": 24348,
        "tid": "Main Thread",
        "startTime": 21128612278700
      },
      "additional": {
        "logType": "debug",
        "children": []
      }
    },
    {
      "head": {
        "id": "9eac7207-5cc9-47bc-b198-4ab5d142e61d",
        "name": "Module 'entry' target 'default' build option initialized",
        "description": "",
        "type": "log"
      },
      "body": {
        "pid": 24348,
        "tid": "Main Thread",
        "startTime": 21128612473500
      },
      "additional": {
        "logType": "debug",
        "children": []
      }
    },
    {
      "head": {
        "id": "1092a3c7-a145-4cbe-9d5f-7b9d8bd74f18",
        "name": "End initialize module-target build option map, moduleName=entry",
        "description": "",
        "type": "log"
      },
      "body": {
        "pid": 24348,
        "tid": "Main Thread",
        "startTime": 21128612533900
      },
      "additional": {
        "logType": "debug",
        "children": []
      }
    },
    {
      "head": {
        "id": "aac27f5b-eab4-44d1-a386-c01aedc80104",
        "name": "Start initialize module-target build option map, moduleName=entry, buildMode=debug",
        "description": "",
        "type": "log"
      },
      "body": {
        "pid": 24348,
        "tid": "Main Thread",
        "startTime": 21128612733400
      },
      "additional": {
        "logType": "debug",
        "children": []
      }
    },
    {
      "head": {
        "id": "c409f4bd-220f-4f25-ad4d-63f84dd5ff2d",
        "name": "Target 'default' config initialized",
        "description": "",
        "type": "log"
      },
      "body": {
        "pid": 24348,
        "tid": "Main Thread",
        "startTime": 21128612804300
      },
      "additional": {
        "logType": "debug",
        "children": []
      }
    },
    {
      "head": {
        "id": "7d8bf46c-38c5-4e1c-ba49-d5d81118ba69",
        "name": "Module 'entry' target 'default' build option initialized",
        "description": "",
        "type": "log"
      },
      "body": {
        "pid": 24348,
        "tid": "Main Thread",
        "startTime": 21128613072500
      },
      "additional": {
        "logType": "debug",
        "children": []
      }
    },
    {
      "head": {
        "id": "d283ed44-79ba-4a9c-a76d-85224f3f0ce7",
        "name": "End initialize module-target build option map, moduleName=entry",
        "description": "",
        "type": "log"
      },
      "body": {
        "pid": 24348,
        "tid": "Main Thread",
        "startTime": 21128613139100
      },
      "additional": {
        "logType": "debug",
        "children": []
      }
    },
    {
      "head": {
        "id": "16ac1494-1715-4993-bc78-186cf40968ad",
        "name": "Obtain build option for module 'entry' target 'default'in this build.",
        "description": "",
        "type": "log"
      },
      "body": {
        "pid": 24348,
        "tid": "Main Thread",
        "startTime": 21128613194900
      },
      "additional": {
        "logType": "debug",
        "children": []
      }
    },
    {
      "head": {
        "id": "d67646b4-6483-4e5e-88ed-c1c53f42e116",
        "name": "Module entry task initialization takes 1 ms ",
        "description": "",
        "type": "log"
      },
      "body": {
        "pid": 24348,
        "tid": "Main Thread",
        "startTime": 21128614703500
      },
      "additional": {
        "logType": "debug",
        "children": []
      }
    },
    {
      "head": {
        "id": "f83b6dd5-884b-4560-8bda-527cf7d0417f",
        "name": "Hap plugin register hook start...",
        "description": "",
        "type": "log"
      },
      "body": {
        "pid": 24348,
        "tid": "Main Thread",
        "startTime": 21128614822200
      },
      "additional": {
        "logType": "debug",
        "children": []
      }
    },
    {
      "head": {
        "id": "69f2f5ce-e414-4dee-8126-3800c72d414a",
        "name": "Hap plugin register hook end...",
        "description": "",
        "type": "log"
      },
      "body": {
        "pid": 24348,
        "tid": "Main Thread",
        "startTime": 21128614887800
      },
      "additional": {
        "logType": "debug",
        "children": []
      }
    },
    {
      "head": {
        "id": "b6fa6eab-06dc-42cd-919a-9eebc7b4946d",
        "name": "Plugin build process completed",
        "description": "",
        "type": "log"
      },
      "body": {
        "pid": 24348,
        "tid": "Main Thread",
        "startTime": 21128614948500
      },
      "additional": {
        "logType": "debug",
        "children": []
      }
    },
    {
      "head": {
        "id": "ce0ba39a-5696-4769-817e-29be5c07e837",
        "name": "hvigorfile, binding custom plugins []",
        "description": "",
        "type": "log"
      },
      "body": {
        "pid": 24348,
        "tid": "Main Thread",
        "startTime": 21128615033700
      },
      "additional": {
        "logType": "debug",
        "children": []
      }
    },
    {
      "head": {
        "id": "c7ad95bc-65c7-4cad-954e-95898f257cea",
        "name": "hvigorfile, no custom plugins were found in D:\\MCMonitor\\entry\\hvigorfile.ts",
        "description": "",
        "type": "log"
      },
      "body": {
        "pid": 24348,
        "tid": "Main Thread",
        "startTime": 21128615090600
      },
      "additional": {
        "logType": "debug",
        "children": []
      }
    },
    {
      "head": {
        "id": "5d648994-a8ef-4304-8f27-ba9e18cc8f1f",
        "name": "hvigorfile, resolve finished D:\\MCMonitor\\entry\\hvigorfile.ts",
        "description": "",
        "type": "log"
      },
      "body": {
        "pid": 24348,
        "tid": "Main Thread",
        "startTime": 21128615951500
      },
      "additional": {
        "logType": "debug",
        "children": []
      }
    },
    {
      "head": {
        "id": "4fe00d6e-e3bf-4134-95b9-9f20814e26eb",
        "name": "bind plugins",
        "description": "",
        "type": "log"
      },
      "body": {
        "pid": 24348,
        "tid": "Main Thread",
        "startTime": 21128608031300,
        "endTime": 21128616058700
      },
      "additional": {
        "logType": "info",
        "children": [],
        "durationId": "362c9042-d0da-4ba3-bb81-eff40b41575a",
        "parent": "cd000e26-2568-4aeb-a621-9cea63d096bc"
      }
    },
    {
      "head": {
        "id": "cd000e26-2568-4aeb-a621-9cea63d096bc",
        "name": "eval hvigorfile",
        "description": "",
        "type": "log"
      },
      "body": {
        "pid": 24348,
        "tid": "Main Thread",
        "startTime": 21128604629800,
        "endTime": 21128616075800
      },
      "additional": {
        "logType": "info",
        "children": [
          "d3987210-c01e-4320-9c02-9feefcddcaa4",
          "4fe00d6e-e3bf-4134-95b9-9f20814e26eb"
        ],
        "durationId": "c79f4992-07b8-4b97-9c9d-cf85f0ead475",
        "parent": "8928e6a2-6192-4747-b800-521f26415a4f"
      }
    },
    {
      "head": {
        "id": "274dceef-1532-4aa6-ac70-8973aea86318",
        "name": "\"afterNodeEvaluate\" hook function",
        "description": "",
        "type": "duration"
      },
      "body": {
        "pid": 24348,
        "tid": "Main Thread",
        "startTime": 21128616389800,
        "endTime": 21128616398700
      },
      "additional": {
        "children": [],
        "state": "success",
        "targetName": "",
        "moduleName": "",
        "category": "",
        "taskRunReasons": [],
        "parent": "77177cbd-7640-411d-8232-6e9facedf76c",
        "logId": "8de8c8ea-6b96-4cb9-8b36-0fab572580d9"
      },
      "log": {
        "_logger": {
          "category": "DurationEvent",
          "context": {},
          "callStackSkipIndex": 0
        },
        "_filelogger": {
          "category": "debug-file",
          "context": {},
          "callStackSkipIndex": 0
        },
        "anonymizeFileLogger": {
          "fileLogger": {
            "category": "debug-file",
            "context": {},
            "callStackSkipIndex": 0
          }
        }
      }
    },
    {
      "head": {
        "id": "8de8c8ea-6b96-4cb9-8b36-0fab572580d9",
        "name": "\"afterNodeEvaluate\" hook function",
        "description": "",
        "type": "log"
      },
      "body": {
        "pid": 24348,
        "tid": "Main Thread",
        "startTime": 21128616389800,
        "endTime": 21128616398700
      },
      "additional": {
        "logType": "info",
        "children": [],
        "durationId": "274dceef-1532-4aa6-ac70-8973aea86318",
        "parent": "8928e6a2-6192-4747-b800-521f26415a4f"
      }
    },
    {
      "head": {
        "id": "8928e6a2-6192-4747-b800-521f26415a4f",
        "name": "eval submodule",
        "description": "",
        "type": "log"
      },
      "body": {
        "pid": 24348,
        "tid": "Main Thread",
        "startTime": 21128604291500,
        "endTime": 21128616410700
      },
      "additional": {
        "logType": "info",
        "children": [
          "ba5dffbe-f22c-4c89-b9a8-5f627dcc77b6",
          "cd000e26-2568-4aeb-a621-9cea63d096bc",
          "8de8c8ea-6b96-4cb9-8b36-0fab572580d9"
        ],
        "durationId": "77177cbd-7640-411d-8232-6e9facedf76c",
        "parent": "67b0bf7c-ec5f-43bf-bfa5-05ba6e49203c"
      }
    },
    {
      "head": {
        "id": "67b0bf7c-ec5f-43bf-bfa5-05ba6e49203c",
        "name": "eval modules",
        "description": "",
        "type": "log"
      },
      "body": {
        "pid": 24348,
        "tid": "Main Thread",
        "startTime": 21128604284100,
        "endTime": 21128616421800
      },
      "additional": {
        "logType": "info",
        "children": [
          "8928e6a2-6192-4747-b800-521f26415a4f"
        ],
        "durationId": "69864778-6975-481f-8a60-2dc5b03717b7",
        "parent": "b7556f18-c4e0-4ef6-8010-0aaedb2c7cf4"
      }
    },
    {
      "head": {
        "id": "51bb9acd-d22d-4811-8fe9-77d968257478",
        "name": "watch files: [\n  'D:\\\\MCMonitor\\\\hvigorfile.ts',\n  'D:\\\\MCMonitor\\\\entry\\\\hvigorfile.ts'\n]",
        "description": "",
        "type": "log"
      },
      "body": {
        "pid": 24348,
        "tid": "Main Thread",
        "startTime": 21128643011600
      },
      "additional": {
        "logType": "debug",
        "children": []
      }
    },
    {
      "head": {
        "id": "733e1c6c-5acf-461a-a9f5-729149446c97",
        "name": "hvigorfile, resolve hvigorfile dependencies in 27 ms ",
        "description": "",
        "type": "log"
      },
      "body": {
        "pid": 24348,
        "tid": "Main Thread",
        "startTime": 21128643334300
      },
      "additional": {
        "logType": "debug",
        "children": []
      }
    },
    {
      "head": {
        "id": "b51840b5-4b64-44dc-8f60-72940ba604a1",
        "name": "add config dependencies",
        "description": "",
        "type": "log"
      },
      "body": {
        "pid": 24348,
        "tid": "Main Thread",
        "startTime": 21128616429800,
        "endTime": 21128643419800
      },
      "additional": {
        "logType": "info",
        "children": [],
        "durationId": "b6a3dbc4-24b5-491d-88fa-5b2833473e2e",
        "parent": "b7556f18-c4e0-4ef6-8010-0aaedb2c7cf4"
      }
    },
    {
      "head": {
        "id": "a7fd96c1-9daf-4050-a099-b8e24f3680ae",
        "name": "\"nodesEvaluated\" hook function",
        "description": "",
        "type": "duration"
      },
      "body": {
        "pid": 24348,
        "tid": "Main Thread",
        "startTime": 21128643452700,
        "endTime": 21128643608500
      },
      "additional": {
        "children": [],
        "state": "success",
        "targetName": "",
        "moduleName": "",
        "category": "",
        "taskRunReasons": [],
        "parent": "67e8e844-ce39-4aa9-a942-acd4d9573163",
        "logId": "20914441-b924-47d7-9eae-965221ffbdbb"
      },
      "log": {
        "_logger": {
          "category": "DurationEvent",
          "context": {},
          "callStackSkipIndex": 0
        },
        "_filelogger": {
          "category": "debug-file",
          "context": {},
          "callStackSkipIndex": 0
        },
        "anonymizeFileLogger": {
          "fileLogger": {
            "category": "debug-file",
            "context": {},
            "callStackSkipIndex": 0
          }
        }
      }
    },
    {
      "head": {
        "id": "e0f22821-cdfb-48de-afd5-0ebf5894d1d6",
        "name": "project has submodules:entry",
        "description": "",
        "type": "log"
      },
      "body": {
        "pid": 24348,
        "tid": "Main Thread",
        "startTime": 21128643478600
      },
      "additional": {
        "logType": "debug",
        "children": []
      }
    },
    {
      "head": {
        "id": "20914441-b924-47d7-9eae-965221ffbdbb",
        "name": "\"nodesEvaluated\" hook function",
        "description": "",
        "type": "log"
      },
      "body": {
        "pid": 24348,
        "tid": "Main Thread",
        "startTime": 21128643452700,
        "endTime": 21128643608500
      },
      "additional": {
        "logType": "info",
        "children": [],
        "durationId": "a7fd96c1-9daf-4050-a099-b8e24f3680ae",
        "parent": "b7556f18-c4e0-4ef6-8010-0aaedb2c7cf4"
      }
    },
    {
      "head": {
        "id": "c1075a9a-afec-4292-9625-337934b92427",
        "name": "ohpm install",
        "description": "",
        "type": "log"
      },
      "body": {
        "pid": 24348,
        "tid": "Main Thread",
        "startTime": 21128643618800,
        "endTime": 21128644585600
      },
      "additional": {
        "logType": "info",
        "children": [],
        "durationId": "d4617515-4815-4f40-bf78-7b48b83e1e54",
        "parent": "b7556f18-c4e0-4ef6-8010-0aaedb2c7cf4"
      }
    },
    {
      "head": {
        "id": "a80385be-4da4-4460-867a-efe45417e91b",
        "name": "Start to initialize dependency information.",
        "description": "",
        "type": "log"
      },
      "body": {
        "pid": 24348,
        "tid": "Main Thread",
        "startTime": 21128644634500
      },
      "additional": {
        "logType": "debug",
        "children": []
      }
    },
    {
      "head": {
        "id": "0db1b1ec-71f3-41cd-8d3b-9c8365747024",
        "name": "Module MCMonitor Collected Dependency: ",
        "description": "",
        "type": "log"
      },
      "body": {
        "pid": 24348,
        "tid": "Main Thread",
        "startTime": 21128648000000
      },
      "additional": {
        "logType": "debug",
        "children": []
      }
    },
    {
      "head": {
        "id": "5cebef10-77b9-497f-b0f0-e1108c785c23",
        "name": "Module MCMonitor's total dependency: 0",
        "description": "",
        "type": "log"
      },
      "body": {
        "pid": 24348,
        "tid": "Main Thread",
        "startTime": 21128648167300
      },
      "additional": {
        "logType": "debug",
        "children": []
      }
    },
    {
      "head": {
        "id": "4751aa7c-dec6-4594-ac64-870e81b8174e",
        "name": "Start to initialize dependency information.",
        "description": "",
        "type": "log"
      },
      "body": {
        "pid": 24348,
        "tid": "Main Thread",
        "startTime": 21128648897700
      },
      "additional": {
        "logType": "debug",
        "children": []
      }
    },
    {
      "head": {
        "id": "9cdb646d-a2bb-454f-8fba-69f8cecad0db",
        "name": "Module entry Collected Dependency: ",
        "description": "",
        "type": "log"
      },
      "body": {
        "pid": 24348,
        "tid": "Main Thread",
        "startTime": 21128651930900
      },
      "additional": {
        "logType": "debug",
        "children": []
      }
    },
    {
      "head": {
        "id": "839a0105-7f51-4a49-a5df-23ce31e968fb",
        "name": "Module entry's total dependency: 0",
        "description": "",
        "type": "log"
      },
      "body": {
        "pid": 24348,
        "tid": "Main Thread",
        "startTime": 21128652075900
      },
      "additional": {
        "logType": "debug",
        "children": []
      }
    },
    {
      "head": {
        "id": "b3b1f26d-1a77-456e-b6d7-8a4cf3738f4d",
        "name": "eval hook",
        "description": "",
        "type": "log"
      },
      "body": {
        "pid": 24348,
        "tid": "Main Thread",
        "startTime": 21128644612600,
        "endTime": 21128653713000
      },
      "additional": {
        "logType": "info",
        "children": [],
        "durationId": "d981e722-99a7-4ab1-8e50-217e12a67db1",
        "parent": "b7556f18-c4e0-4ef6-8010-0aaedb2c7cf4"
      }
    },
    {
      "head": {
        "id": "acf2163b-d32a-4d31-808c-c38336541f9e",
        "name": "Configuration phase cost:111 ms ",
        "description": "",
        "type": "log"
      },
      "body": {
        "pid": 24348,
        "tid": "Main Thread",
        "startTime": 21128653755100
      },
      "additional": {
        "logType": "debug",
        "children": []
      }
    },
    {
      "head": {
        "id": "4c3778a8-42a3-4a66-86cf-961db38a91f9",
        "name": "fin configuration",
        "description": "",
        "type": "log"
      },
      "body": {
        "pid": 24348,
        "tid": "Main Thread",
        "startTime": 21128653732300,
        "endTime": 21128653856200
      },
      "additional": {
        "logType": "info",
        "children": [],
        "durationId": "52d83cdf-3267-45e7-9f0a-bd5d52d3ea8d",
        "parent": "b7556f18-c4e0-4ef6-8010-0aaedb2c7cf4"
      }
    },
    {
      "head": {
        "id": "b7556f18-c4e0-4ef6-8010-0aaedb2c7cf4",
        "name": "configure hvigor plugin",
        "description": "",
        "type": "log"
      },
      "body": {
        "pid": 24348,
        "tid": "Main Thread",
        "startTime": 21128542942200,
        "endTime": 21128653867400
      },
      "additional": {
        "logType": "info",
        "children": [
          "d365fc8a-2857-4301-bef9-a1e983e79b2a",
          "5a60ff7b-27a2-451b-acbd-a690e672abb9",
          "b6a02ca5-8277-4143-ad90-dfd729f33237",
          "67b0bf7c-ec5f-43bf-bfa5-05ba6e49203c",
          "b51840b5-4b64-44dc-8f60-72940ba604a1",
          "c1075a9a-afec-4292-9625-337934b92427",
          "b3b1f26d-1a77-456e-b6d7-8a4cf3738f4d",
          "4c3778a8-42a3-4a66-86cf-961db38a91f9",
          "20914441-b924-47d7-9eae-965221ffbdbb"
        ],
        "durationId": "67e8e844-ce39-4aa9-a942-acd4d9573163",
        "parent": "f6a31a2b-1ac1-4308-91e3-8d49415233e8"
      }
    },
    {
      "head": {
        "id": "063aa5d0-4283-4976-84fc-351b888dbe9a",
        "name": "\"taskGraphResolved\" hook function",
        "description": "",
        "type": "duration"
      },
      "body": {
        "pid": 24348,
        "tid": "Main Thread",
        "startTime": 21128654619000,
        "endTime": 21128654632200
      },
      "additional": {
        "children": [],
        "state": "success",
        "targetName": "",
        "moduleName": "",
        "category": "",
        "taskRunReasons": [],
        "parent": "044772b7-99b6-4f7e-9565-e443cd596187",
        "logId": "2bb586a6-eaaf-4b70-99db-815f44546046"
      },
      "log": {
        "_logger": {
          "category": "DurationEvent",
          "context": {},
          "callStackSkipIndex": 0
        },
        "_filelogger": {
          "category": "debug-file",
          "context": {},
          "callStackSkipIndex": 0
        },
        "anonymizeFileLogger": {
          "fileLogger": {
            "category": "debug-file",
            "context": {},
            "callStackSkipIndex": 0
          }
        }
      }
    },
    {
      "head": {
        "id": "2bb586a6-eaaf-4b70-99db-815f44546046",
        "name": "\"taskGraphResolved\" hook function",
        "description": "",
        "type": "log"
      },
      "body": {
        "pid": 24348,
        "tid": "Main Thread",
        "startTime": 21128654619000,
        "endTime": 21128654632200
      },
      "additional": {
        "logType": "info",
        "children": [],
        "durationId": "063aa5d0-4283-4976-84fc-351b888dbe9a",
        "parent": "f6a31a2b-1ac1-4308-91e3-8d49415233e8"
      }
    },
    {
      "head": {
        "id": "9d41ac70-cd4f-42cc-ad75-57f505ef6350",
        "name": "build task graph",
        "description": "",
        "type": "log"
      },
      "body": {
        "pid": 24348,
        "tid": "Main Thread",
        "startTime": 21128653916800,
        "endTime": 21128654657400
      },
      "additional": {
        "logType": "info",
        "children": [],
        "durationId": "ec4b7e17-1649-4d7e-bde4-20ac36ca6bd0",
        "parent": "f6a31a2b-1ac1-4308-91e3-8d49415233e8"
      }
    },
    {
      "head": {
        "id": "8107d6a6-9bd2-44ca-9c57-5c212a6cd0c9",
        "name": "init task execution option",
        "description": "",
        "type": "log"
      },
      "body": {
        "pid": 24348,
        "tid": "Main Thread",
        "startTime": 21128654662000,
        "endTime": 21128654706300
      },
      "additional": {
        "logType": "info",
        "children": [],
        "durationId": "c4925838-d64f-408a-ba9e-846447580204",
        "parent": "f6a31a2b-1ac1-4308-91e3-8d49415233e8"
      }
    },
    {
      "head": {
        "id": "f6a31a2b-1ac1-4308-91e3-8d49415233e8",
        "name": "init",
        "description": "",
        "type": "log"
      },
      "body": {
        "pid": 24348,
        "tid": "Main Thread",
        "startTime": 21128531004000,
        "endTime": 21128654734300
      },
      "additional": {
        "logType": "info",
        "children": [
          "f26d7204-24af-44f0-9e3e-eb7eb4511093",
          "b7556f18-c4e0-4ef6-8010-0aaedb2c7cf4",
          "9d41ac70-cd4f-42cc-ad75-57f505ef6350",
          "8107d6a6-9bd2-44ca-9c57-5c212a6cd0c9",
          "2f6ed163-1582-44b9-bec3-c4d29406541d",
          "858c2ff5-c04a-486b-a368-4dd4b05d2fe4",
          "2bb586a6-eaaf-4b70-99db-815f44546046"
        ],
        "durationId": "044772b7-99b6-4f7e-9565-e443cd596187"
      }
    },
    {
      "head": {
        "id": "b51828d1-0586-4d99-80fb-8eaa256a41da",
        "name": "Configuration task cost before running: 125 ms ",
        "description": "",
        "type": "log"
      },
      "body": {
        "pid": 24348,
        "tid": "Main Thread",
        "startTime": 21128654882100
      },
      "additional": {
        "logType": "debug",
        "children": []
      }
    },
    {
      "head": {
        "id": "0e726cf8-9d49-4859-a4fc-7a542dfdf6e2",
        "name": "entry:clean",
        "description": "Clear the cache information.",
        "type": "duration"
      },
      "body": {
        "pid": 24348,
        "tid": "Main Thread",
        "startTime": 21128655163800,
        "endTime": 21128753400800
      },
      "additional": {
        "children": [],
        "state": "success",
        "targetName": "",
        "moduleName": "entry",
        "category": "Other",
        "taskRunReasons": [],
        "detailId": "9f261489-80cf-49bf-86c3-3525aad5bcde",
        "logId": "681ad9ca-21ac-400c-a73e-cfce48bdfbe8"
      },
      "log": {
        "_logger": {
          "category": "DurationEvent",
          "context": {},
          "callStackSkipIndex": 0
        },
        "_filelogger": {
          "category": "debug-file",
          "context": {},
          "callStackSkipIndex": 0
        },
        "anonymizeFileLogger": {
          "fileLogger": {
            "category": "debug-file",
            "context": {},
            "callStackSkipIndex": 0
          }
        }
      }
    },
    {
      "head": {
        "id": "9f261489-80cf-49bf-86c3-3525aad5bcde",
        "name": "create entry:clean task",
        "description": "",
        "type": "log"
      },
      "body": {
        "pid": 24348,
        "tid": "Main Thread",
        "startTime": 21128655121000
      },
      "additional": {
        "logType": "detail",
        "children": [],
        "durationId": "0e726cf8-9d49-4859-a4fc-7a542dfdf6e2"
      }
    },
    {
      "head": {
        "id": "05469dae-dfbd-4ecc-a856-b5c769c51ddd",
        "name": "Executing task :entry:clean",
        "description": "",
        "type": "log"
      },
      "body": {
        "pid": 24348,
        "tid": "Main Thread",
        "startTime": 21128655169300
      },
      "additional": {
        "logType": "debug",
        "children": []
      }
    },
    {
      "head": {
        "id": "53fe62ab-b60f-49be-9851-c14d559789d7",
        "name": "clean: Worker pool is inactive.",
        "description": "",
        "type": "log"
      },
      "body": {
        "pid": 24348,
        "tid": "Main Thread",
        "startTime": 21128655498400
      },
      "additional": {
        "logType": "debug",
        "children": []
      }
    },
    {
      "head": {
        "id": "f0d63dfa-bb23-4144-bd21-9982ff6450f5",
        "name": "entry : clean cost memory -0.06822967529296875",
        "description": "",
        "type": "log"
      },
      "body": {
        "pid": 24348,
        "tid": "Main Thread",
        "startTime": 21128752968600
      },
      "additional": {
        "logType": "debug",
        "children": []
      }
    },
    {
      "head": {
        "id": "a8114241-f87e-4032-9ed3-7559cc8ced32",
        "name": "runTaskFromQueue task cost before running: 223 ms ",
        "description": "",
        "type": "log"
      },
      "body": {
        "pid": 24348,
        "tid": "Main Thread",
        "startTime": 21128753245000
      },
      "additional": {
        "logType": "debug",
        "children": []
      }
    },
    {
      "head": {
        "id": "681ad9ca-21ac-400c-a73e-cfce48bdfbe8",
        "name": "Finished :entry:clean",
        "description": "Clear the cache information.",
        "type": "log"
      },
      "body": {
        "pid": 24348,
        "tid": "Main Thread",
        "startTime": 21128655163800,
        "endTime": 21128753400800,
        "totalTime": 98025300
      },
      "additional": {
        "logType": "info",
        "children": [],
        "durationId": "0e726cf8-9d49-4859-a4fc-7a542dfdf6e2"
      }
    },
    {
      "head": {
        "id": "d42b2399-610b-4532-a8f5-a4b69315f243",
        "name": "Executing task ::clean",
        "description": "",
        "type": "log"
      },
      "body": {
        "pid": 24348,
        "tid": "Main Thread",
        "startTime": 21128753995900
      },
      "additional": {
        "logType": "debug",
        "children": []
      }
    },
    {
      "head": {
        "id": "b7103b82-f955-4a28-bdd5-322df1e92186",
        "name": "clean: Worker pool is inactive.",
        "description": "",
        "type": "log"
      },
      "body": {
        "pid": 24348,
        "tid": "Main Thread",
        "startTime": 21128754486300
      },
      "additional": {
        "logType": "debug",
        "children": []
      }
    },
    {
      "head": {
        "id": "e2c08a85-846b-4eb8-903e-21a8391043df",
        "name": "MCMonitor : clean cost memory 0.02680206298828125",
        "description": "",
        "type": "log"
      },
      "body": {
        "pid": 24348,
        "tid": "Main Thread",
        "startTime": 21128755065600
      },
      "additional": {
        "logType": "debug",
        "children": []
      }
    },
    {
      "head": {
        "id": "b1c5f02c-5396-481c-a479-df70cbafd96a",
        "name": "runTaskFromQueue task cost before running: 225 ms ",
        "description": "",
        "type": "log"
      },
      "body": {
        "pid": 24348,
        "tid": "Main Thread",
        "startTime": 21128755256900
      },
      "additional": {
        "logType": "debug",
        "children": []
      }
    },
    {
      "head": {
        "id": "342ec3d2-fd02-4031-a4be-172bddc37fca",
        "name": "Finished ::clean",
        "description": "Clear the cache information.",
        "type": "log"
      },
      "body": {
        "pid": 24348,
        "tid": "Main Thread",
        "startTime": 21128753980800,
        "endTime": 21128755376400,
        "totalTime": 1235600
      },
      "additional": {
        "logType": "info",
        "children": [],
        "durationId": "b663adf3-515a-4c40-9d28-4ea24832ca68"
      }
    },
    {
      "head": {
        "id": "6199874c-630f-45de-a226-e63707ae268a",
        "name": "\"buildFinished\" hook function",
        "description": "",
        "type": "duration"
      },
      "body": {
        "pid": 24348,
        "tid": "Main Thread",
        "startTime": 21128766418100,
        "endTime": 21128766496600
      },
      "additional": {
        "children": [],
        "state": "success",
        "targetName": "",
        "moduleName": "",
        "category": "",
        "taskRunReasons": [],
        "parent": "8a6be241-6185-41ed-8e25-b38cd2a24971",
        "logId": "537aa8e5-0e3c-4ad7-9ca0-c46aa85e6fe6"
      },
      "log": {
        "_logger": {
          "category": "DurationEvent",
          "context": {},
          "callStackSkipIndex": 0
        },
        "_filelogger": {
          "category": "debug-file",
          "context": {},
          "callStackSkipIndex": 0
        },
        "anonymizeFileLogger": {
          "fileLogger": {
            "category": "debug-file",
            "context": {},
            "callStackSkipIndex": 0
          }
        }
      }
    },
    {
      "head": {
        "id": "537aa8e5-0e3c-4ad7-9ca0-c46aa85e6fe6",
        "name": "\"buildFinished\" hook function",
        "description": "",
        "type": "log"
      },
      "body": {
        "pid": 24348,
        "tid": "Main Thread",
        "startTime": 21128766418100,
        "endTime": 21128766496600
      },
      "additional": {
        "logType": "info",
        "children": [],
        "durationId": "6199874c-630f-45de-a226-e63707ae268a"
      }
    },
    {
      "head": {
        "id": "a0b7915a-3e82-426f-a7ff-cd7b7648ddeb",
        "name": "BUILD SUCCESSFUL in 237 ms ",
        "description": "",
        "type": "log"
      },
      "body": {
        "pid": 24348,
        "tid": "Main Thread",
        "startTime": 21128766574800
      },
      "additional": {
        "logType": "info",
        "children": []
      }
    },
    {
      "head": {
        "id": "9bfaa400-08a1-458d-9d7a-e878b3acbef0",
        "name": "clean",
        "description": "",
        "type": "mark"
      },
      "body": {
        "pid": 24348,
        "tid": "Main Thread",
        "startTime": 21128530384500,
        "endTime": 21128767198700
      },
      "additional": {
        "time": {
          "year": 2026,
          "month": 2,
          "day": 15,
          "hour": 17,
          "minute": 3,
          "second": 37
        },
        "completeCommand": "{\"prop\":[],\"_\":[\"clean\"]};clean",
        "hvigorVersion": "6.22.3",
        "markType": "history",
        "nodeVersion": "v18.20.1",
        "category": "clean",
        "state": "success"
      }
    }
  ],
  "workLog": []
}