{
  "version": "2.0",
  "ppid": 23752,
  "events": [
    {
      "head": {
        "id": "a2cefa84-e93c-455a-82b3-596abdcf4e29",
        "name": "hvigor build process will be closed.",
        "description": "",
        "type": "log"
      },
      "body": {
        "pid": 18300,
        "tid": "Main Thread",
        "startTime": 21022638706000
      },
      "additional": {
        "logType": "debug",
        "children": []
      }
    },
    {
      "head": {
        "id": "c3f5da60-04ad-43dc-a210-da3f826bfcf2",
        "name": "java daemon socket close code:1000 reason:close by user",
        "description": "",
        "type": "log"
      },
      "body": {
        "pid": 18300,
        "tid": "Main Thread",
        "startTime": 21022639434200
      },
      "additional": {
        "logType": "debug",
        "children": []
      }
    },
    {
      "head": {
        "id": "85dca855-459c-4603-9278-b6bee01d6e41",
        "name": "worker[0] exits with exit code 1.",
        "description": "",
        "type": "log"
      },
      "body": {
        "pid": 18300,
        "tid": "Main Thread",
        "startTime": 21022649889900
      },
      "additional": {
        "logType": "debug",
        "children": []
      }
    },
    {
      "head": {
        "id": "6642a339-e1ab-4366-aa7a-6d3af156f2b0",
        "name": "worker[1] exits with exit code 1.",
        "description": "",
        "type": "log"
      },
      "body": {
        "pid": 18300,
        "tid": "Main Thread",
        "startTime": 21022651340200
      },
      "additional": {
        "logType": "debug",
        "children": []
      }
    },
    {
      "head": {
        "id": "1417aaed-6128-4604-9a18-ac2959fceb76",
        "name": "watch worker: worker id should be larger than 0. Nothing will be sent to any worker thread.",
        "description": "",
        "type": "log"
      },
      "body": {
        "pid": 18300,
        "tid": "Main Thread",
        "startTime": 21022652619600
      },
      "additional": {
        "logType": "debug",
        "children": []
      }
    },
    {
      "head": {
        "id": "0ed67f08-1e02-4f9f-8f08-fb34d09bca52",
        "name": "watch worker: worker id should be larger than 0. Nothing will be sent to any worker thread.",
        "description": "",
        "type": "log"
      },
      "body": {
        "pid": 18300,
        "tid": "Main Thread",
        "startTime": 21022653322400
      },
      "additional": {
        "logType": "debug",
        "children": []
      }
    },
    {
      "head": {
        "id": "e567a3ea-9dfb-442d-8d8c-4e265ff83532",
        "name": "worker[5] exits with exit code 1.",
        "description": "",
        "type": "log"
      },
      "body": {
        "pid": 18300,
        "tid": "Main Thread",
        "startTime": 21022677147900
      },
      "additional": {
        "logType": "debug",
        "children": []
      }
    },
    {
      "head": {
        "id": "74651b19-d8ce-4846-81a8-78185f114934",
        "name": "worker[6] exits with exit code 1.",
        "description": "",
        "type": "log"
      },
      "body": {
        "pid": 18300,
        "tid": "Main Thread",
        "startTime": 21022677617100
      },
      "additional": {
        "logType": "debug",
        "children": []
      }
    },
    {
      "head": {
        "id": "d2abd315-465e-4eeb-b3c6-3571935965c2",
        "name": "watch worker: worker id should be larger than 0. Nothing will be sent to any worker thread.",
        "description": "",
        "type": "log"
      },
      "body": {
        "pid": 18300,
        "tid": "Main Thread",
        "startTime": 21070543239400
      },
      "additional": {
        "logType": "debug",
        "children": []
      }
    },
    {
      "head": {
        "id": "985232a4-c911-40e6-a942-5391c439b5dc",
        "name": "Workers' log level updated to INFO",
        "description": "",
        "type": "log"
      },
      "body": {
        "pid": 18300,
        "tid": "Main Thread",
        "startTime": 21070553878600
      },
      "additional": {
        "logType": "debug",
        "children": []
      }
    },
    {
      "head": {
        "id": "09d0e0f3-69b7-4c49-9ef6-1d9543fddb69",
        "name": "init",
        "description": "Initialize and build task graph.",
        "type": "duration"
      },
      "body": {
        "pid": 18300,
        "tid": "Main Thread",
        "startTime": 21070557795200,
        "endTime": 21071095329800
      },
      "additional": {
        "children": [
          "7b3d1b64-558d-437c-8eec-894078df8fdd",
          "a459b5dd-1164-4f5b-a4c4-fb080d91280c",
          "5a5829a2-1472-4813-928a-5008988f790f",
          "58045722-72c6-4f47-a22f-c7d85f146175",
          "49fa4e15-87b4-4963-a38b-5acf755129e6",
          "b73770d4-256a-4db6-b98c-837b097387ab",
          "e331a7f1-87ce-4995-aa1a-5873aba68b1a"
        ],
        "state": "success",
        "targetName": "",
        "moduleName": "",
        "category": "Init",
        "taskRunReasons": [],
        "logId": "e2327756-dc60-4dc2-9a04-b4632e990396"
      },
      "log": {
        "_logger": {
          "category": "DurationEvent",
          "context": {},
          "callStackSkipIndex": 0
        },
        "_filelogger": {
          "category": "debug-file",
          "context": {},
          "callStackSkipIndex": 0
        },
        "anonymizeFileLogger": {
          "fileLogger": {
            "category": "debug-file",
            "context": {},
            "callStackSkipIndex": 0
          }
        }
      }
    },
    {
      "head": {
        "id": "7b3d1b64-558d-437c-8eec-894078df8fdd",
        "name": "create hvigor project model",
        "description": "Initialize hvigor project model.",
        "type": "duration"
      },
      "body": {
        "pid": 18300,
        "tid": "Main Thread",
        "startTime": 21070557796100,
        "endTime": 21070612921700
      },
      "additional": {
        "children": [],
        "state": "success",
        "targetName": "",
        "moduleName": "",
        "category": "",
        "taskRunReasons": [],
        "parent": "09d0e0f3-69b7-4c49-9ef6-1d9543fddb69",
        "logId": "90e4c639-fcc2-47a9-a14b-90eda614a078"
      },
      "log": {
        "_logger": {
          "category": "DurationEvent",
          "context": {},
          "callStackSkipIndex": 0
        },
        "_filelogger": {
          "category": "debug-file",
          "context": {},
          "callStackSkipIndex": 0
        },
        "anonymizeFileLogger": {
          "fileLogger": {
            "category": "debug-file",
            "context": {},
            "callStackSkipIndex": 0
          }
        }
      }
    },
    {
      "head": {
        "id": "a459b5dd-1164-4f5b-a4c4-fb080d91280c",
        "name": "configure hvigor plugin",
        "description": "Configure hvigor plugin.",
        "type": "duration"
      },
      "body": {
        "pid": 18300,
        "tid": "Main Thread",
        "startTime": 21070612950800,
        "endTime": 21071093772400
      },
      "additional": {
        "children": [
          "1ab36e1f-ce07-445e-bf59-c1a2a94bbe28",
          "80fa802f-99eb-45a8-a696-96479106d003",
          "5653a191-c142-4b78-a3ea-f20d46e41a6c",
          "65a0d626-9d9e-4449-b430-6aefffa101d5",
          "20f9b57c-171e-4fd3-b635-6336cf8062a7",
          "dba5f172-01cf-45a2-b4ca-115c9091a7ed",
          "20940d5f-4664-4e8c-9a91-92b132d6506c",
          "688c4bc2-121e-4d0a-b836-30b37b4865bb",
          "576eeae3-4a21-465d-9718-f8a81487559e"
        ],
        "state": "success",
        "targetName": "",
        "moduleName": "",
        "category": "",
        "taskRunReasons": [],
        "parent": "09d0e0f3-69b7-4c49-9ef6-1d9543fddb69",
        "logId": "b7ced8af-5d80-4600-a542-994649fb73f2"
      },
      "log": {
        "_logger": {
          "category": "DurationEvent",
          "context": {},
          "callStackSkipIndex": 0
        },
        "_filelogger": {
          "category": "debug-file",
          "context": {},
          "callStackSkipIndex": 0
        },
        "anonymizeFileLogger": {
          "fileLogger": {
            "category": "debug-file",
            "context": {},
            "callStackSkipIndex": 0
          }
        }
      }
    },
    {
      "head": {
        "id": "5a5829a2-1472-4813-928a-5008988f790f",
        "name": "build task graph",
        "description": "Build task graph.",
        "type": "duration"
      },
      "body": {
        "pid": 18300,
        "tid": "Main Thread",
        "startTime": 21071093847700,
        "endTime": 21071095268600
      },
      "additional": {
        "children": [],
        "state": "success",
        "targetName": "",
        "moduleName": "",
        "category": "",
        "taskRunReasons": [],
        "parent": "09d0e0f3-69b7-4c49-9ef6-1d9543fddb69",
        "logId": "bc4dde01-df2b-474b-b361-04a68681ab95"
      },
      "log": {
        "_logger": {
          "category": "DurationEvent",
          "context": {},
          "callStackSkipIndex": 0
        },
        "_filelogger": {
          "category": "debug-file",
          "context": {},
          "callStackSkipIndex": 0
        },
        "anonymizeFileLogger": {
          "fileLogger": {
            "category": "debug-file",
            "context": {},
            "callStackSkipIndex": 0
          }
        }
      }
    },
    {
      "head": {
        "id": "58045722-72c6-4f47-a22f-c7d85f146175",
        "name": "init task execution option",
        "description": "Init task execution option.",
        "type": "duration"
      },
      "body": {
        "pid": 18300,
        "tid": "Main Thread",
        "startTime": 21071095277500,
        "endTime": 21071095321700
      },
      "additional": {
        "children": [],
        "state": "success",
        "targetName": "",
        "moduleName": "",
        "category": "",
        "taskRunReasons": [],
        "parent": "09d0e0f3-69b7-4c49-9ef6-1d9543fddb69",
        "logId": "4ed4bd6f-f891-494d-9b03-79f3ee2d50b2"
      },
      "log": {
        "_logger": {
          "category": "DurationEvent",
          "context": {},
          "callStackSkipIndex": 0
        },
        "_filelogger": {
          "category": "debug-file",
          "context": {},
          "callStackSkipIndex": 0
        },
        "anonymizeFileLogger": {
          "fileLogger": {
            "category": "debug-file",
            "context": {},
            "callStackSkipIndex": 0
          }
        }
      }
    },
    {
      "head": {
        "id": "49fa4e15-87b4-4963-a38b-5acf755129e6",
        "name": "\"configEvaluated\" hook function",
        "description": "",
        "type": "duration"
      },
      "body": {
        "pid": 18300,
        "tid": "Main Thread",
        "startTime": 21070580925700,
        "endTime": 21070581256200
      },
      "additional": {
        "children": [],
        "state": "success",
        "targetName": "",
        "moduleName": "",
        "category": "",
        "taskRunReasons": [],
        "parent": "09d0e0f3-69b7-4c49-9ef6-1d9543fddb69",
        "logId": "53c4f34f-4868-4974-a237-64ebd2a7afdc"
      },
      "log": {
        "_logger": {
          "category": "DurationEvent",
          "context": {},
          "callStackSkipIndex": 0
        },
        "_filelogger": {
          "category": "debug-file",
          "context": {},
          "callStackSkipIndex": 0
        },
        "anonymizeFileLogger": {
          "fileLogger": {
            "category": "debug-file",
            "context": {},
            "callStackSkipIndex": 0
          }
        }
      }
    },
    {
      "head": {
        "id": "53c4f34f-4868-4974-a237-64ebd2a7afdc",
        "name": "\"configEvaluated\" hook function",
        "description": "",
        "type": "log"
      },
      "body": {
        "pid": 18300,
        "tid": "Main Thread",
        "startTime": 21070580925700,
        "endTime": 21070581256200
      },
      "additional": {
        "logType": "info",
        "children": [],
        "durationId": "49fa4e15-87b4-4963-a38b-5acf755129e6",
        "parent": "e2327756-dc60-4dc2-9a04-b4632e990396"
      }
    },
    {
      "head": {
        "id": "b73770d4-256a-4db6-b98c-837b097387ab",
        "name": "\"nodesInitialized\" hook function",
        "description": "",
        "type": "duration"
      },
      "body": {
        "pid": 18300,
        "tid": "Main Thread",
        "startTime": 21070582989000,
        "endTime": 21070582997200
      },
      "additional": {
        "children": [],
        "state": "success",
        "targetName": "",
        "moduleName": "",
        "category": "",
        "taskRunReasons": [],
        "parent": "09d0e0f3-69b7-4c49-9ef6-1d9543fddb69",
        "logId": "ddae0999-728c-45c9-8fd9-e28bd980c967"
      },
      "log": {
        "_logger": {
          "category": "DurationEvent",
          "context": {},
          "callStackSkipIndex": 0
        },
        "_filelogger": {
          "category": "debug-file",
          "context": {},
          "callStackSkipIndex": 0
        },
        "anonymizeFileLogger": {
          "fileLogger": {
            "category": "debug-file",
            "context": {},
            "callStackSkipIndex": 0
          }
        }
      }
    },
    {
      "head": {
        "id": "ddae0999-728c-45c9-8fd9-e28bd980c967",
        "name": "\"nodesInitialized\" hook function",
        "description": "",
        "type": "log"
      },
      "body": {
        "pid": 18300,
        "tid": "Main Thread",
        "startTime": 21070582989000,
        "endTime": 21070582997200
      },
      "additional": {
        "logType": "info",
        "children": [],
        "durationId": "b73770d4-256a-4db6-b98c-837b097387ab",
        "parent": "e2327756-dc60-4dc2-9a04-b4632e990396"
      }
    },
    {
      "head": {
        "id": "03b7f909-9297-4a1c-b2f8-6665681cc70c",
        "name": "Hvigor init with startParameters:{\n  hvigorfileTypeCheck: false,\n  parallelExecution: true,\n  incrementalExecution: true,\n  printStackTrace: false,\n  daemon: true,\n  analyze: 0,\n  logLevel: Level { level: 20000, levelStr: 'INFO', colour: 'green' },\n  optimizationStrategy: 'performance',\n  hotCompile: undefined,\n  hotReloadBuild: undefined,\n  customizedParam: undefined\n}",
        "description": "",
        "type": "log"
      },
      "body": {
        "pid": 18300,
        "tid": "Main Thread",
        "startTime": 21070584705400
      },
      "additional": {
        "logType": "debug",
        "children": []
      }
    },
    {
      "head": {
        "id": "9919b082-4a12-4787-a026-d679b3675300",
        "name": "Cache service initialization finished in 28 ms ",
        "description": "",
        "type": "log"
      },
      "body": {
        "pid": 18300,
        "tid": "Main Thread",
        "startTime": 21070612221200
      },
      "additional": {
        "logType": "debug",
        "children": []
      }
    },
    {
      "head": {
        "id": "90e4c639-fcc2-47a9-a14b-90eda614a078",
        "name": "create hvigor project model",
        "description": "",
        "type": "log"
      },
      "body": {
        "pid": 18300,
        "tid": "Main Thread",
        "startTime": 21070557796100,
        "endTime": 21070612921700
      },
      "additional": {
        "logType": "info",
        "children": [],
        "durationId": "7b3d1b64-558d-437c-8eec-894078df8fdd",
        "parent": "e2327756-dc60-4dc2-9a04-b4632e990396"
      }
    },
    {
      "head": {
        "id": "1ab36e1f-ce07-445e-bf59-c1a2a94bbe28",
        "name": "init configuration",
        "description": "Initialize configuration.",
        "type": "duration"
      },
      "body": {
        "pid": 18300,
        "tid": "Main Thread",
        "startTime": 21070612990000,
        "endTime": 21070612998800
      },
      "additional": {
        "children": [],
        "state": "success",
        "targetName": "",
        "moduleName": "",
        "category": "",
        "taskRunReasons": [],
        "parent": "a459b5dd-1164-4f5b-a4c4-fb080d91280c",
        "logId": "d9d151b2-46da-48fb-91ea-8284aa894bc1"
      },
      "log": {
        "_logger": {
          "category": "DurationEvent",
          "context": {},
          "callStackSkipIndex": 0
        },
        "_filelogger": {
          "category": "debug-file",
          "context": {},
          "callStackSkipIndex": 0
        },
        "anonymizeFileLogger": {
          "fileLogger": {
            "category": "debug-file",
            "context": {},
            "callStackSkipIndex": 0
          }
        }
      }
    },
    {
      "head": {
        "id": "80fa802f-99eb-45a8-a696-96479106d003",
        "name": "configure project task",
        "description": "Configure project task.",
        "type": "duration"
      },
      "body": {
        "pid": 18300,
        "tid": "Main Thread",
        "startTime": 21070613004500,
        "endTime": 21070613362600
      },
      "additional": {
        "children": [],
        "state": "success",
        "targetName": "",
        "moduleName": "",
        "category": "",
        "taskRunReasons": [],
        "parent": "a459b5dd-1164-4f5b-a4c4-fb080d91280c",
        "logId": "d8fcdc73-0316-4515-b325-b5474224465b"
      },
      "log": {
        "_logger": {
          "category": "DurationEvent",
          "context": {},
          "callStackSkipIndex": 0
        },
        "_filelogger": {
          "category": "debug-file",
          "context": {},
          "callStackSkipIndex": 0
        },
        "anonymizeFileLogger": {
          "fileLogger": {
            "category": "debug-file",
            "context": {},
            "callStackSkipIndex": 0
          }
        }
      }
    },
    {
      "head": {
        "id": "5653a191-c142-4b78-a3ea-f20d46e41a6c",
        "name": "eval project",
        "description": "Evaluate project.",
        "type": "duration"
      },
      "body": {
        "pid": 18300,
        "tid": "Main Thread",
        "startTime": 21070613370600,
        "endTime": 21071016836300
      },
      "additional": {
        "children": [
          "23b64993-208c-4430-857a-f196a493e917",
          "37990eea-ce29-444b-bee4-a9e088199566",
          "aabe6c64-b144-4b36-8a19-fade1fac56f2"
        ],
        "state": "success",
        "targetName": "",
        "moduleName": "",
        "category": "",
        "taskRunReasons": [],
        "parent": "a459b5dd-1164-4f5b-a4c4-fb080d91280c",
        "logId": "ea4a1a91-7fef-45a4-89a6-01f18e65918f"
      },
      "log": {
        "_logger": {
          "category": "DurationEvent",
          "context": {},
          "callStackSkipIndex": 0
        },
        "_filelogger": {
          "category": "debug-file",
          "context": {},
          "callStackSkipIndex": 0
        },
        "anonymizeFileLogger": {
          "fileLogger": {
            "category": "debug-file",
            "context": {},
            "callStackSkipIndex": 0
          }
        }
      }
    },
    {
      "head": {
        "id": "65a0d626-9d9e-4449-b430-6aefffa101d5",
        "name": "eval modules",
        "description": "Evaluate modules.",
        "type": "duration"
      },
      "body": {
        "pid": 18300,
        "tid": "Main Thread",
        "startTime": 21071016856100,
        "endTime": 21071039161800
      },
      "additional": {
        "children": [
          "8f5d5d95-3356-49ae-8529-44a09e18d184"
        ],
        "state": "success",
        "targetName": "",
        "moduleName": "",
        "category": "",
        "taskRunReasons": [],
        "parent": "a459b5dd-1164-4f5b-a4c4-fb080d91280c",
        "logId": "6d556a1e-e454-4c42-ba91-652ab43544f3"
      },
      "log": {
        "_logger": {
          "category": "DurationEvent",
          "context": {},
          "callStackSkipIndex": 0
        },
        "_filelogger": {
          "category": "debug-file",
          "context": {},
          "callStackSkipIndex": 0
        },
        "anonymizeFileLogger": {
          "fileLogger": {
            "category": "debug-file",
            "context": {},
            "callStackSkipIndex": 0
          }
        }
      }
    },
    {
      "head": {
        "id": "20f9b57c-171e-4fd3-b635-6336cf8062a7",
        "name": "add config dependencies",
        "description": "Add configuration dependencies.",
        "type": "duration"
      },
      "body": {
        "pid": 18300,
        "tid": "Main Thread",
        "startTime": 21071039172200,
        "endTime": 21071066512900
      },
      "additional": {
        "children": [],
        "state": "success",
        "targetName": "",
        "moduleName": "",
        "category": "",
        "taskRunReasons": [],
        "parent": "a459b5dd-1164-4f5b-a4c4-fb080d91280c",
        "logId": "53020be2-214f-4a22-9390-6865c8ec5b21"
      },
      "log": {
        "_logger": {
          "category": "DurationEvent",
          "context": {},
          "callStackSkipIndex": 0
        },
        "_filelogger": {
          "category": "debug-file",
          "context": {},
          "callStackSkipIndex": 0
        },
        "anonymizeFileLogger": {
          "fileLogger": {
            "category": "debug-file",
            "context": {},
            "callStackSkipIndex": 0
          }
        }
      }
    },
    {
      "head": {
        "id": "dba5f172-01cf-45a2-b4ca-115c9091a7ed",
        "name": "ohpm install",
        "description": "Ohpm install event.",
        "type": "duration"
      },
      "body": {
        "pid": 18300,
        "tid": "Main Thread",
        "startTime": 21071066909300,
        "endTime": 21071078806300
      },
      "additional": {
        "children": [],
        "state": "success",
        "targetName": "",
        "moduleName": "",
        "category": "",
        "taskRunReasons": [],
        "parent": "a459b5dd-1164-4f5b-a4c4-fb080d91280c",
        "logId": "f37f26e2-ffcc-4fb5-85a0-4d287f1d3c44"
      },
      "log": {
        "_logger": {
          "category": "DurationEvent",
          "context": {},
          "callStackSkipIndex": 0
        },
        "_filelogger": {
          "category": "debug-file",
          "context": {},
          "callStackSkipIndex": 0
        },
        "anonymizeFileLogger": {
          "fileLogger": {
            "category": "debug-file",
            "context": {},
            "callStackSkipIndex": 0
          }
        }
      }
    },
    {
      "head": {
        "id": "20940d5f-4664-4e8c-9a91-92b132d6506c",
        "name": "eval hook",
        "description": "EvaluateEvent hook.",
        "type": "duration"
      },
      "body": {
        "pid": 18300,
        "tid": "Main Thread",
        "startTime": 21071078861200,
        "endTime": 21071093354600
      },
      "additional": {
        "children": [],
        "state": "success",
        "targetName": "",
        "moduleName": "",
        "category": "",
        "taskRunReasons": [],
        "parent": "a459b5dd-1164-4f5b-a4c4-fb080d91280c",
        "logId": "099d0068-f37a-4037-8d90-39e7bc9624c2"
      },
      "log": {
        "_logger": {
          "category": "DurationEvent",
          "context": {},
          "callStackSkipIndex": 0
        },
        "_filelogger": {
          "category": "debug-file",
          "context": {},
          "callStackSkipIndex": 0
        },
        "anonymizeFileLogger": {
          "fileLogger": {
            "category": "debug-file",
            "context": {},
            "callStackSkipIndex": 0
          }
        }
      }
    },
    {
      "head": {
        "id": "688c4bc2-121e-4d0a-b836-30b37b4865bb",
        "name": "fin configuration",
        "description": "Finish configuration.",
        "type": "duration"
      },
      "body": {
        "pid": 18300,
        "tid": "Main Thread",
        "startTime": 21071093429600,
        "endTime": 21071093739500
      },
      "additional": {
        "children": [],
        "state": "success",
        "targetName": "",
        "moduleName": "",
        "category": "",
        "taskRunReasons": [],
        "parent": "a459b5dd-1164-4f5b-a4c4-fb080d91280c",
        "logId": "f7040c6e-c0f6-4936-b08e-68ba26a47f7f"
      },
      "log": {
        "_logger": {
          "category": "DurationEvent",
          "context": {},
          "callStackSkipIndex": 0
        },
        "_filelogger": {
          "category": "debug-file",
          "context": {},
          "callStackSkipIndex": 0
        },
        "anonymizeFileLogger": {
          "fileLogger": {
            "category": "debug-file",
            "context": {},
            "callStackSkipIndex": 0
          }
        }
      }
    },
    {
      "head": {
        "id": "d9d151b2-46da-48fb-91ea-8284aa894bc1",
        "name": "init configuration",
        "description": "",
        "type": "log"
      },
      "body": {
        "pid": 18300,
        "tid": "Main Thread",
        "startTime": 21070612990000,
        "endTime": 21070612998800
      },
      "additional": {
        "logType": "info",
        "children": [],
        "durationId": "1ab36e1f-ce07-445e-bf59-c1a2a94bbe28",
        "parent": "b7ced8af-5d80-4600-a542-994649fb73f2"
      }
    },
    {
      "head": {
        "id": "d8fcdc73-0316-4515-b325-b5474224465b",
        "name": "configure project task",
        "description": "",
        "type": "log"
      },
      "body": {
        "pid": 18300,
        "tid": "Main Thread",
        "startTime": 21070613004500,
        "endTime": 21070613362600
      },
      "additional": {
        "logType": "info",
        "children": [],
        "durationId": "80fa802f-99eb-45a8-a696-96479106d003",
        "parent": "b7ced8af-5d80-4600-a542-994649fb73f2"
      }
    },
    {
      "head": {
        "id": "23b64993-208c-4430-857a-f196a493e917",
        "name": "\"beforeNodeEvaluate\" hook function",
        "description": "",
        "type": "duration"
      },
      "body": {
        "pid": 18300,
        "tid": "Main Thread",
        "startTime": 21070613747500,
        "endTime": 21070614197700
      },
      "additional": {
        "children": [],
        "state": "success",
        "targetName": "",
        "moduleName": "",
        "category": "",
        "taskRunReasons": [],
        "parent": "5653a191-c142-4b78-a3ea-f20d46e41a6c",
        "logId": "ef408841-67b6-4b36-816d-03f1d2c55d4b"
      },
      "log": {
        "_logger": {
          "category": "DurationEvent",
          "context": {},
          "callStackSkipIndex": 0
        },
        "_filelogger": {
          "category": "debug-file",
          "context": {},
          "callStackSkipIndex": 0
        },
        "anonymizeFileLogger": {
          "fileLogger": {
            "category": "debug-file",
            "context": {},
            "callStackSkipIndex": 0
          }
        }
      }
    },
    {
      "head": {
        "id": "ef408841-67b6-4b36-816d-03f1d2c55d4b",
        "name": "\"beforeNodeEvaluate\" hook function",
        "description": "",
        "type": "log"
      },
      "body": {
        "pid": 18300,
        "tid": "Main Thread",
        "startTime": 21070613747500,
        "endTime": 21070614197700
      },
      "additional": {
        "logType": "info",
        "children": [],
        "durationId": "23b64993-208c-4430-857a-f196a493e917",
        "parent": "ea4a1a91-7fef-45a4-89a6-01f18e65918f"
      }
    },
    {
      "head": {
        "id": "37990eea-ce29-444b-bee4-a9e088199566",
        "name": "eval hvigorfile",
        "description": "Evaluate hvigorfile.",
        "type": "duration"
      },
      "body": {
        "pid": 18300,
        "tid": "Main Thread",
        "startTime": 21070614406400,
        "endTime": 21071016737600
      },
      "additional": {
        "children": [
          "9d196892-141f-4bb0-a634-4ac49aa1702d",
          "925638da-afc5-42af-aeab-d0f528d00fee"
        ],
        "state": "success",
        "targetName": "",
        "moduleName": "",
        "category": "",
        "taskRunReasons": [],
        "parent": "5653a191-c142-4b78-a3ea-f20d46e41a6c",
        "logId": "7c41cf3c-f3e9-4391-8faa-011231ede9a5"
      },
      "log": {
        "_logger": {
          "category": "DurationEvent",
          "context": {},
          "callStackSkipIndex": 0
        },
        "_filelogger": {
          "category": "debug-file",
          "context": {},
          "callStackSkipIndex": 0
        },
        "anonymizeFileLogger": {
          "fileLogger": {
            "category": "debug-file",
            "context": {},
            "callStackSkipIndex": 0
          }
        }
      }
    },
    {
      "head": {
        "id": "9d196892-141f-4bb0-a634-4ac49aa1702d",
        "name": "require hvigorfile",
        "description": "Require hvigorfile.",
        "type": "duration"
      },
      "body": {
        "pid": 18300,
        "tid": "Main Thread",
        "startTime": 21070614406800,
        "endTime": 21070643743300
      },
      "additional": {
        "children": [],
        "state": "success",
        "targetName": "",
        "moduleName": "",
        "category": "",
        "taskRunReasons": [],
        "parent": "37990eea-ce29-444b-bee4-a9e088199566",
        "logId": "0a236fd1-7064-4967-a6df-a25f69c5b367"
      },
      "log": {
        "_logger": {
          "category": "DurationEvent",
          "context": {},
          "callStackSkipIndex": 0
        },
        "_filelogger": {
          "category": "debug-file",
          "context": {},
          "callStackSkipIndex": 0
        },
        "anonymizeFileLogger": {
          "fileLogger": {
            "category": "debug-file",
            "context": {},
            "callStackSkipIndex": 0
          }
        }
      }
    },
    {
      "head": {
        "id": "925638da-afc5-42af-aeab-d0f528d00fee",
        "name": "bind plugins",
        "description": "Bind plugins.",
        "type": "duration"
      },
      "body": {
        "pid": 18300,
        "tid": "Main Thread",
        "startTime": 21070643766200,
        "endTime": 21071016713500
      },
      "additional": {
        "children": [],
        "state": "success",
        "targetName": "",
        "moduleName": "",
        "category": "",
        "taskRunReasons": [],
        "parent": "37990eea-ce29-444b-bee4-a9e088199566",
        "logId": "ec4294af-9ace-4035-a36e-c903f91c2d6f"
      },
      "log": {
        "_logger": {
          "category": "DurationEvent",
          "context": {},
          "callStackSkipIndex": 0
        },
        "_filelogger": {
          "category": "debug-file",
          "context": {},
          "callStackSkipIndex": 0
        },
        "anonymizeFileLogger": {
          "fileLogger": {
            "category": "debug-file",
            "context": {},
            "callStackSkipIndex": 0
          }
        }
      }
    },
    {
      "head": {
        "id": "935192c2-7f09-4cf7-b278-7d7d3ddccb4a",
        "name": "hvigorfile, resolving D:\\MCMonitor\\hvigorfile.ts",
        "description": "",
        "type": "log"
      },
      "body": {
        "pid": 18300,
        "tid": "Main Thread",
        "startTime": 21070614411900
      },
      "additional": {
        "logType": "debug",
        "children": []
      }
    },
    {
      "head": {
        "id": "4f959b61-aaa0-488f-800f-092de70c8a92",
        "name": "hvigorfile, require result:  { default: { system: [Function: appTasks], plugins: [] } }",
        "description": "",
        "type": "log"
      },
      "body": {
        "pid": 18300,
        "tid": "Main Thread",
        "startTime": 21070643432900
      },
      "additional": {
        "logType": "debug",
        "children": []
      }
    },
    {
      "head": {
        "id": "0a236fd1-7064-4967-a6df-a25f69c5b367",
        "name": "require hvigorfile",
        "description": "",
        "type": "log"
      },
      "body": {
        "pid": 18300,
        "tid": "Main Thread",
        "startTime": 21070614406800,
        "endTime": 21070643743300
      },
      "additional": {
        "logType": "info",
        "children": [],
        "durationId": "9d196892-141f-4bb0-a634-4ac49aa1702d",
        "parent": "7c41cf3c-f3e9-4391-8faa-011231ede9a5"
      }
    },
    {
      "head": {
        "id": "5fa64258-7443-4af6-84ed-7069294c2975",
        "name": "hvigorfile, binding system plugins [Function: appTasks]",
        "description": "",
        "type": "log"
      },
      "body": {
        "pid": 18300,
        "tid": "Main Thread",
        "startTime": 21070643780400
      },
      "additional": {
        "logType": "debug",
        "children": []
      }
    },
    {
      "head": {
        "id": "a3c0e75b-3d78-4034-b902-ac202d55dd46",
        "name": "Starting plugin build process",
        "description": "",
        "type": "log"
      },
      "body": {
        "pid": 18300,
        "tid": "Main Thread",
        "startTime": 21070644957200
      },
      "additional": {
        "logType": "debug",
        "children": []
      }
    },
    {
      "head": {
        "id": "0d3a28be-5223-4430-9b87-779e0e14dd02",
        "name": "App plugin prepare start...",
        "description": "",
        "type": "log"
      },
      "body": {
        "pid": 18300,
        "tid": "Main Thread",
        "startTime": 21070645263600
      },
      "additional": {
        "logType": "debug",
        "children": []
      }
    },
    {
      "head": {
        "id": "63c09199-b7e2-4594-bab9-59cb839ef123",
        "name": "App plugin prepare end...",
        "description": "",
        "type": "log"
      },
      "body": {
        "pid": 18300,
        "tid": "Main Thread",
        "startTime": 21070645645400
      },
      "additional": {
        "logType": "debug",
        "children": []
      }
    },
    {
      "head": {
        "id": "9dc8bad7-433b-4563-bab0-fdd7ea69b7ee",
        "name": "App plugin creating...",
        "description": "",
        "type": "log"
      },
      "body": {
        "pid": 18300,
        "tid": "Main Thread",
        "startTime": 21070646510200
      },
      "additional": {
        "logType": "debug",
        "children": []
      }
    },
    {
      "head": {
        "id": "26015460-6751-4868-a926-7ca3cab52edf",
        "name": "App plugin register hook start...",
        "description": "",
        "type": "log"
      },
      "body": {
        "pid": 18300,
        "tid": "Main Thread",
        "startTime": 21070887326800
      },
      "additional": {
        "logType": "debug",
        "children": []
      }
    },
    {
      "head": {
        "id": "c276e936-57e6-4722-be4c-219602982755",
        "name": "App plugin register hook end...",
        "description": "",
        "type": "log"
      },
      "body": {
        "pid": 18300,
        "tid": "Main Thread",
        "startTime": 21070887491400
      },
      "additional": {
        "logType": "debug",
        "children": []
      }
    },
    {
      "head": {
        "id": "338a3b8d-fbc0-433f-8b0e-813b24f034de",
        "name": "Plugin build process completed",
        "description": "",
        "type": "log"
      },
      "body": {
        "pid": 18300,
        "tid": "Main Thread",
        "startTime": 21070887545600
      },
      "additional": {
        "logType": "debug",
        "children": []
      }
    },
    {
      "head": {
        "id": "56770b7d-0912-4d4b-801e-7b93b29d2076",
        "name": "Start initialize project's product build option map with build mode debug.",
        "description": "",
        "type": "log"
      },
      "body": {
        "pid": 18300,
        "tid": "Main Thread",
        "startTime": 21070888319400
      },
      "additional": {
        "logType": "debug",
        "children": []
      }
    },
    {
      "head": {
        "id": "84588bc6-caa7-49b3-be4a-bf5257ec74f9",
        "name": "Picking option from product 'default' with build mode 'debug'.",
        "description": "",
        "type": "log"
      },
      "body": {
        "pid": 18300,
        "tid": "Main Thread",
        "startTime": 21070888418300
      },
      "additional": {
        "logType": "debug",
        "children": []
      }
    },
    {
      "head": {
        "id": "a762bfd0-0b5d-4b34-abed-a97766ae3cd6",
        "name": "Product 'default' build option initialized",
        "description": "",
        "type": "log"
      },
      "body": {
        "pid": 18300,
        "tid": "Main Thread",
        "startTime": 21070888506700
      },
      "additional": {
        "logType": "debug",
        "children": []
      }
    },
    {
      "head": {
        "id": "2d1bff3f-abb6-4abf-bd93-62913fc60b68",
        "name": "End initialize project's product build option map with build mode 'debug'.",
        "description": "",
        "type": "log"
      },
      "body": {
        "pid": 18300,
        "tid": "Main Thread",
        "startTime": 21070888629300
      },
      "additional": {
        "logType": "debug",
        "children": []
      }
    },
    {
      "head": {
        "id": "acd79225-1142-4f6a-a24d-35a47117b8c5",
        "name": "Obtain build option for product 'default'in this build.",
        "description": "",
        "type": "log"
      },
      "body": {
        "pid": 18300,
        "tid": "Main Thread",
        "startTime": 21070889369500
      },
      "additional": {
        "logType": "debug",
        "children": []
      }
    },
    {
      "head": {
        "id": "c003179a-7f95-4adf-9c8c-56004acd8f42",
        "name": "No signingConfig found, initRemoteHspCache failed.",
        "description": "",
        "type": "log"
      },
      "body": {
        "pid": 18300,
        "tid": "Main Thread",
        "startTime": 21070909119900
      },
      "additional": {
        "logType": "debug",
        "children": []
      }
    },
    {
      "head": {
        "id": "6e8a8443-18f6-49d4-8f9a-a6ed123f235e",
        "name": "Start recording SDK configuration permission data.",
        "description": "",
        "type": "log"
      },
      "body": {
        "pid": 18300,
        "tid": "Main Thread",
        "startTime": 21070912635000
      },
      "additional": {
        "logType": "debug",
        "children": []
      }
    },
    {
      "head": {
        "id": "796918d5-897e-494b-a6ee-5719e408d591",
        "name": "Sdk init in 93 ms ",
        "description": "",
        "type": "log"
      },
      "body": {
        "pid": 18300,
        "tid": "Main Thread",
        "startTime": 21071002652300
      },
      "additional": {
        "logType": "debug",
        "children": []
      }
    },
    {
      "head": {
        "id": "e4df3a4a-c467-4dcd-88ff-185aa4ce3f88",
        "name": "sdkVersion",
        "description": "6.0.2.130",
        "type": "mark"
      },
      "body": {
        "pid": 18300,
        "tid": "Main Thread",
        "startTime": 21071003080300
      },
      "additional": {
        "time": {
          "year": 2026,
          "month": 2,
          "day": 15,
          "hour": 17,
          "minute": 2,
          "second": 39
        },
        "markType": "other"
      }
    },
    {
      "head": {
        "id": "d20dc0c0-02a4-4cad-9b9a-3723ef8c3f49",
        "name": "caseSensitiveCheckOff",
        "description": "caseSensitiveCheck check is off",
        "type": "mark"
      },
      "body": {
        "pid": 18300,
        "tid": "Main Thread",
        "startTime": 21071003131100
      },
      "additional": {
        "time": {
          "year": 2026,
          "month": 2,
          "day": 15,
          "hour": 17,
          "minute": 2,
          "second": 39
        },
        "markType": "other"
      }
    },
    {
      "head": {
        "id": "4bbb7a3b-3f79-4609-b612-8b9c6172a425",
        "name": "Project task initialization takes 12 ms ",
        "description": "",
        "type": "log"
      },
      "body": {
        "pid": 18300,
        "tid": "Main Thread",
        "startTime": 21071016300700
      },
      "additional": {
        "logType": "debug",
        "children": []
      }
    },
    {
      "head": {
        "id": "fe22e359-914c-4093-ae62-fbfd0d46f55f",
        "name": "hvigorfile, binding custom plugins []",
        "description": "",
        "type": "log"
      },
      "body": {
        "pid": 18300,
        "tid": "Main Thread",
        "startTime": 21071016456900
      },
      "additional": {
        "logType": "debug",
        "children": []
      }
    },
    {
      "head": {
        "id": "0cf8376b-6674-4530-9f84-7923af776c5f",
        "name": "hvigorfile, no custom plugins were found in D:\\MCMonitor\\hvigorfile.ts",
        "description": "",
        "type": "log"
      },
      "body": {
        "pid": 18300,
        "tid": "Main Thread",
        "startTime": 21071016550900
      },
      "additional": {
        "logType": "debug",
        "children": []
      }
    },
    {
      "head": {
        "id": "db2a6b88-0ac3-4b47-94c0-ab28d296dfb3",
        "name": "hvigorfile, resolve finished D:\\MCMonitor\\hvigorfile.ts",
        "description": "",
        "type": "log"
      },
      "body": {
        "pid": 18300,
        "tid": "Main Thread",
        "startTime": 21071016630000
      },
      "additional": {
        "logType": "debug",
        "children": []
      }
    },
    {
      "head": {
        "id": "ec4294af-9ace-4035-a36e-c903f91c2d6f",
        "name": "bind plugins",
        "description": "",
        "type": "log"
      },
      "body": {
        "pid": 18300,
        "tid": "Main Thread",
        "startTime": 21070643766200,
        "endTime": 21071016713500
      },
      "additional": {
        "logType": "info",
        "children": [],
        "durationId": "925638da-afc5-42af-aeab-d0f528d00fee",
        "parent": "7c41cf3c-f3e9-4391-8faa-011231ede9a5"
      }
    },
    {
      "head": {
        "id": "7c41cf3c-f3e9-4391-8faa-011231ede9a5",
        "name": "eval hvigorfile",
        "description": "",
        "type": "log"
      },
      "body": {
        "pid": 18300,
        "tid": "Main Thread",
        "startTime": 21070614406400,
        "endTime": 21071016737600
      },
      "additional": {
        "logType": "info",
        "children": [
          "0a236fd1-7064-4967-a6df-a25f69c5b367",
          "ec4294af-9ace-4035-a36e-c903f91c2d6f"
        ],
        "durationId": "37990eea-ce29-444b-bee4-a9e088199566",
        "parent": "ea4a1a91-7fef-45a4-89a6-01f18e65918f"
      }
    },
    {
      "head": {
        "id": "aabe6c64-b144-4b36-8a19-fade1fac56f2",
        "name": "\"afterNodeEvaluate\" hook function",
        "description": "",
        "type": "duration"
      },
      "body": {
        "pid": 18300,
        "tid": "Main Thread",
        "startTime": 21071016801000,
        "endTime": 21071016822400
      },
      "additional": {
        "children": [],
        "state": "success",
        "targetName": "",
        "moduleName": "",
        "category": "",
        "taskRunReasons": [],
        "parent": "5653a191-c142-4b78-a3ea-f20d46e41a6c",
        "logId": "e062810e-4272-46b6-8fa2-a620ec211659"
      },
      "log": {
        "_logger": {
          "category": "DurationEvent",
          "context": {},
          "callStackSkipIndex": 0
        },
        "_filelogger": {
          "category": "debug-file",
          "context": {},
          "callStackSkipIndex": 0
        },
        "anonymizeFileLogger": {
          "fileLogger": {
            "category": "debug-file",
            "context": {},
            "callStackSkipIndex": 0
          }
        }
      }
    },
    {
      "head": {
        "id": "e062810e-4272-46b6-8fa2-a620ec211659",
        "name": "\"afterNodeEvaluate\" hook function",
        "description": "",
        "type": "log"
      },
      "body": {
        "pid": 18300,
        "tid": "Main Thread",
        "startTime": 21071016801000,
        "endTime": 21071016822400
      },
      "additional": {
        "logType": "info",
        "children": [],
        "durationId": "aabe6c64-b144-4b36-8a19-fade1fac56f2",
        "parent": "ea4a1a91-7fef-45a4-89a6-01f18e65918f"
      }
    },
    {
      "head": {
        "id": "ea4a1a91-7fef-45a4-89a6-01f18e65918f",
        "name": "eval project",
        "description": "",
        "type": "log"
      },
      "body": {
        "pid": 18300,
        "tid": "Main Thread",
        "startTime": 21070613370600,
        "endTime": 21071016836300
      },
      "additional": {
        "logType": "info",
        "children": [
          "ef408841-67b6-4b36-816d-03f1d2c55d4b",
          "7c41cf3c-f3e9-4391-8faa-011231ede9a5",
          "e062810e-4272-46b6-8fa2-a620ec211659"
        ],
        "durationId": "5653a191-c142-4b78-a3ea-f20d46e41a6c",
        "parent": "b7ced8af-5d80-4600-a542-994649fb73f2"
      }
    },
    {
      "head": {
        "id": "8f5d5d95-3356-49ae-8529-44a09e18d184",
        "name": "eval submodule",
        "description": "Evaluate submodule.",
        "type": "duration"
      },
      "body": {
        "pid": 18300,
        "tid": "Main Thread",
        "startTime": 21071016872300,
        "endTime": 21071039149300
      },
      "additional": {
        "children": [
          "ed52dd1f-5264-4032-887b-d8b6ea41dcdc",
          "f6fb444d-2182-400c-ac78-7dffeb88d783",
          "b3f643d6-708d-407d-a901-9a5eaf31e383"
        ],
        "state": "success",
        "targetName": "",
        "moduleName": "",
        "category": "",
        "taskRunReasons": [],
        "parent": "65a0d626-9d9e-4449-b430-6aefffa101d5",
        "logId": "e98eeb70-8dd5-4a4f-827a-f73d24c736c8"
      },
      "log": {
        "_logger": {
          "category": "DurationEvent",
          "context": {},
          "callStackSkipIndex": 0
        },
        "_filelogger": {
          "category": "debug-file",
          "context": {},
          "callStackSkipIndex": 0
        },
        "anonymizeFileLogger": {
          "fileLogger": {
            "category": "debug-file",
            "context": {},
            "callStackSkipIndex": 0
          }
        }
      }
    },
    {
      "head": {
        "id": "ed52dd1f-5264-4032-887b-d8b6ea41dcdc",
        "name": "\"beforeNodeEvaluate\" hook function",
        "description": "",
        "type": "duration"
      },
      "body": {
        "pid": 18300,
        "tid": "Main Thread",
        "startTime": 21071017019800,
        "endTime": 21071017029600
      },
      "additional": {
        "children": [],
        "state": "success",
        "targetName": "",
        "moduleName": "",
        "category": "",
        "taskRunReasons": [],
        "parent": "8f5d5d95-3356-49ae-8529-44a09e18d184",
        "logId": "0a14386f-445b-4302-bc65-5121feba54b9"
      },
      "log": {
        "_logger": {
          "category": "DurationEvent",
          "context": {},
          "callStackSkipIndex": 0
        },
        "_filelogger": {
          "category": "debug-file",
          "context": {},
          "callStackSkipIndex": 0
        },
        "anonymizeFileLogger": {
          "fileLogger": {
            "category": "debug-file",
            "context": {},
            "callStackSkipIndex": 0
          }
        }
      }
    },
    {
      "head": {
        "id": "0a14386f-445b-4302-bc65-5121feba54b9",
        "name": "\"beforeNodeEvaluate\" hook function",
        "description": "",
        "type": "log"
      },
      "body": {
        "pid": 18300,
        "tid": "Main Thread",
        "startTime": 21071017019800,
        "endTime": 21071017029600
      },
      "additional": {
        "logType": "info",
        "children": [],
        "durationId": "ed52dd1f-5264-4032-887b-d8b6ea41dcdc",
        "parent": "e98eeb70-8dd5-4a4f-827a-f73d24c736c8"
      }
    },
    {
      "head": {
        "id": "f6fb444d-2182-400c-ac78-7dffeb88d783",
        "name": "eval hvigorfile",
        "description": "Evaluate hvigorfile.",
        "type": "duration"
      },
      "body": {
        "pid": 18300,
        "tid": "Main Thread",
        "startTime": 21071017277000,
        "endTime": 21071038838300
      },
      "additional": {
        "children": [
          "46e15cca-8765-401d-a35e-402cf0a81f1d",
          "68eee7bf-7c48-48a6-8807-4b6a2e806200"
        ],
        "state": "success",
        "targetName": "",
        "moduleName": "",
        "category": "",
        "taskRunReasons": [],
        "parent": "8f5d5d95-3356-49ae-8529-44a09e18d184",
        "logId": "fe0f5903-f966-44b5-abb3-f84b3350efb0"
      },
      "log": {
        "_logger": {
          "category": "DurationEvent",
          "context": {},
          "callStackSkipIndex": 0
        },
        "_filelogger": {
          "category": "debug-file",
          "context": {},
          "callStackSkipIndex": 0
        },
        "anonymizeFileLogger": {
          "fileLogger": {
            "category": "debug-file",
            "context": {},
            "callStackSkipIndex": 0
          }
        }
      }
    },
    {
      "head": {
        "id": "46e15cca-8765-401d-a35e-402cf0a81f1d",
        "name": "require hvigorfile",
        "description": "Require hvigorfile.",
        "type": "duration"
      },
      "body": {
        "pid": 18300,
        "tid": "Main Thread",
        "startTime": 21071017278500,
        "endTime": 21071023601100
      },
      "additional": {
        "children": [],
        "state": "success",
        "targetName": "",
        "moduleName": "",
        "category": "",
        "taskRunReasons": [],
        "parent": "f6fb444d-2182-400c-ac78-7dffeb88d783",
        "logId": "ca042135-29d2-458c-b618-b03b8d2e726e"
      },
      "log": {
        "_logger": {
          "category": "DurationEvent",
          "context": {},
          "callStackSkipIndex": 0
        },
        "_filelogger": {
          "category": "debug-file",
          "context": {},
          "callStackSkipIndex": 0
        },
        "anonymizeFileLogger": {
          "fileLogger": {
            "category": "debug-file",
            "context": {},
            "callStackSkipIndex": 0
          }
        }
      }
    },
    {
      "head": {
        "id": "68eee7bf-7c48-48a6-8807-4b6a2e806200",
        "name": "bind plugins",
        "description": "Bind plugins.",
        "type": "duration"
      },
      "body": {
        "pid": 18300,
        "tid": "Main Thread",
        "startTime": 21071023619900,
        "endTime": 21071038824200
      },
      "additional": {
        "children": [],
        "state": "success",
        "targetName": "",
        "moduleName": "",
        "category": "",
        "taskRunReasons": [],
        "parent": "f6fb444d-2182-400c-ac78-7dffeb88d783",
        "logId": "eab8af7a-8ce7-4c76-b68a-3bcf48017dd9"
      },
      "log": {
        "_logger": {
          "category": "DurationEvent",
          "context": {},
          "callStackSkipIndex": 0
        },
        "_filelogger": {
          "category": "debug-file",
          "context": {},
          "callStackSkipIndex": 0
        },
        "anonymizeFileLogger": {
          "fileLogger": {
            "category": "debug-file",
            "context": {},
            "callStackSkipIndex": 0
          }
        }
      }
    },
    {
      "head": {
        "id": "32360249-998f-469b-bc0b-45d0772d69f0",
        "name": "hvigorfile, resolving D:\\MCMonitor\\entry\\hvigorfile.ts",
        "description": "",
        "type": "log"
      },
      "body": {
        "pid": 18300,
        "tid": "Main Thread",
        "startTime": 21071017281800
      },
      "additional": {
        "logType": "debug",
        "children": []
      }
    },
    {
      "head": {
        "id": "9ad571b9-4c6b-41c7-a3f3-7841c874d686",
        "name": "hvigorfile, require result:  { default: { system: [Function: hapTasks], plugins: [] } }",
        "description": "",
        "type": "log"
      },
      "body": {
        "pid": 18300,
        "tid": "Main Thread",
        "startTime": 21071023457900
      },
      "additional": {
        "logType": "debug",
        "children": []
      }
    },
    {
      "head": {
        "id": "ca042135-29d2-458c-b618-b03b8d2e726e",
        "name": "require hvigorfile",
        "description": "",
        "type": "log"
      },
      "body": {
        "pid": 18300,
        "tid": "Main Thread",
        "startTime": 21071017278500,
        "endTime": 21071023601100
      },
      "additional": {
        "logType": "info",
        "children": [],
        "durationId": "46e15cca-8765-401d-a35e-402cf0a81f1d",
        "parent": "fe0f5903-f966-44b5-abb3-f84b3350efb0"
      }
    },
    {
      "head": {
        "id": "35e24dcc-5002-4324-a35c-c71268eb8977",
        "name": "hvigorfile, binding system plugins [Function: hapTasks]",
        "description": "",
        "type": "log"
      },
      "body": {
        "pid": 18300,
        "tid": "Main Thread",
        "startTime": 21071023634200
      },
      "additional": {
        "logType": "debug",
        "children": []
      }
    },
    {
      "head": {
        "id": "21bad950-5016-4d1e-99da-62fca1166c27",
        "name": "Starting plugin build process",
        "description": "",
        "type": "log"
      },
      "body": {
        "pid": 18300,
        "tid": "Main Thread",
        "startTime": 21071023712000
      },
      "additional": {
        "logType": "debug",
        "children": []
      }
    },
    {
      "head": {
        "id": "785de91b-f1af-4b90-acc5-c7eba17035ba",
        "name": "Hap plugin creating...",
        "description": "",
        "type": "log"
      },
      "body": {
        "pid": 18300,
        "tid": "Main Thread",
        "startTime": 21071023762100
      },
      "additional": {
        "logType": "debug",
        "children": []
      }
    },
    {
      "head": {
        "id": "c991f1d6-69a8-4680-a1a7-cb09fc7c2716",
        "name": "failed to load cangjie to dynamically generate schemas: Error: Cannot find module '@ohos/cangjie-build-support/index'\nRequire stack:\n- D:\\Harmony\\DevEco Studio\\tools\\hvigor\\hvigor-ohos-plugin\\src\\plugin\\hooks\\cangjie-register.js\n- D:\\Harmony\\DevEco Studio\\tools\\hvigor\\hvigor-ohos-plugin\\src\\plugin\\strategy\\stage-init-strategy.js\n- D:\\Harmony\\DevEco Studio\\tools\\hvigor\\hvigor-ohos-plugin\\src\\plugin\\builder\\abstract-plugin-builder.js\n- D:\\Harmony\\DevEco Studio\\tools\\hvigor\\hvigor-ohos-plugin\\src\\plugin\\builder\\app-plugin-builder.js\n- D:\\Harmony\\DevEco Studio\\tools\\hvigor\\hvigor-ohos-plugin\\src\\plugin\\factory\\plugin-factory.js\n- D:\\Harmony\\DevEco Studio\\tools\\hvigor\\hvigor-ohos-plugin\\index.js\n- D:\\MCMonitor\\hvigorfile.ts\n- D:\\Harmony\\DevEco Studio\\tools\\hvigor\\hvigor\\src\\base\\internal\\lifecycle\\configuration.js\n- D:\\Harmony\\DevEco Studio\\tools\\hvigor\\hvigor\\src\\base\\boot\\index.js\n- D:\\Harmony\\DevEco Studio\\tools\\hvigor\\hvigor\\src\\base\\daemon\\cluster\\worker-process-lifecycle.js\n- D:\\Harmony\\DevEco Studio\\tools\\hvigor\\hvigor\\src\\base\\daemon\\process\\daemon-process-boot-script.js",
        "description": "",
        "type": "log"
      },
      "body": {
        "pid": 18300,
        "tid": "Main Thread",
        "startTime": 21071026004500
      },
      "additional": {
        "logType": "debug",
        "children": []
      }
    },
    {
      "head": {
        "id": "9095084d-fbdf-4f5b-a4fe-062202a85f1a",
        "name": "Start initialize module-target build option map, moduleName=entry, buildMode=release",
        "description": "",
        "type": "log"
      },
      "body": {
        "pid": 18300,
        "tid": "Main Thread",
        "startTime": 21071033023800
      },
      "additional": {
        "logType": "debug",
        "children": []
      }
    },
    {
      "head": {
        "id": "a79e4856-2b38-42f3-b698-06224410a040",
        "name": "Target 'default' config initialized",
        "description": "",
        "type": "log"
      },
      "body": {
        "pid": 18300,
        "tid": "Main Thread",
        "startTime": 21071033191000
      },
      "additional": {
        "logType": "debug",
        "children": []
      }
    },
    {
      "head": {
        "id": "e785d394-d57f-403e-a0bd-f4bac4ad51b1",
        "name": "Module 'entry' target 'default' build option initialized",
        "description": "",
        "type": "log"
      },
      "body": {
        "pid": 18300,
        "tid": "Main Thread",
        "startTime": 21071033468600
      },
      "additional": {
        "logType": "debug",
        "children": []
      }
    },
    {
      "head": {
        "id": "ccd3207e-9766-4366-b056-b508b5f83d70",
        "name": "End initialize module-target build option map, moduleName=entry",
        "description": "",
        "type": "log"
      },
      "body": {
        "pid": 18300,
        "tid": "Main Thread",
        "startTime": 21071033563400
      },
      "additional": {
        "logType": "debug",
        "children": []
      }
    },
    {
      "head": {
        "id": "ba64de7b-6e9b-45ed-9ae9-6b8b5d69691d",
        "name": "Start initialize module-target build option map, moduleName=entry, buildMode=debug",
        "description": "",
        "type": "log"
      },
      "body": {
        "pid": 18300,
        "tid": "Main Thread",
        "startTime": 21071033668900
      },
      "additional": {
        "logType": "debug",
        "children": []
      }
    },
    {
      "head": {
        "id": "c2519e88-8cf8-49b5-8add-6046120d1906",
        "name": "Target 'default' config initialized",
        "description": "",
        "type": "log"
      },
      "body": {
        "pid": 18300,
        "tid": "Main Thread",
        "startTime": 21071033766500
      },
      "additional": {
        "logType": "debug",
        "children": []
      }
    },
    {
      "head": {
        "id": "71944c7b-e7ab-44df-8015-24199749ef7d",
        "name": "Module 'entry' target 'default' build option initialized",
        "description": "",
        "type": "log"
      },
      "body": {
        "pid": 18300,
        "tid": "Main Thread",
        "startTime": 21071034305300
      },
      "additional": {
        "logType": "debug",
        "children": []
      }
    },
    {
      "head": {
        "id": "3bd4feca-1537-44c6-a4b4-a6753f0d7acb",
        "name": "End initialize module-target build option map, moduleName=entry",
        "description": "",
        "type": "log"
      },
      "body": {
        "pid": 18300,
        "tid": "Main Thread",
        "startTime": 21071034464000
      },
      "additional": {
        "logType": "debug",
        "children": []
      }
    },
    {
      "head": {
        "id": "50c5c85f-a39a-48c1-844e-579df4e87103",
        "name": "Start initialize module-target build option map, moduleName=entry, buildMode=debug",
        "description": "",
        "type": "log"
      },
      "body": {
        "pid": 18300,
        "tid": "Main Thread",
        "startTime": 21071034604500
      },
      "additional": {
        "logType": "debug",
        "children": []
      }
    },
    {
      "head": {
        "id": "2740a288-fc47-4a06-bba4-4ec99915661a",
        "name": "Target 'default' config initialized",
        "description": "",
        "type": "log"
      },
      "body": {
        "pid": 18300,
        "tid": "Main Thread",
        "startTime": 21071034700900
      },
      "additional": {
        "logType": "debug",
        "children": []
      }
    },
    {
      "head": {
        "id": "8c25d4ca-50c7-4347-9191-25318aae90e9",
        "name": "Module 'entry' target 'default' build option initialized",
        "description": "",
        "type": "log"
      },
      "body": {
        "pid": 18300,
        "tid": "Main Thread",
        "startTime": 21071035315800
      },
      "additional": {
        "logType": "debug",
        "children": []
      }
    },
    {
      "head": {
        "id": "d7c73835-99e6-48aa-89ce-fd33fb1d93dc",
        "name": "End initialize module-target build option map, moduleName=entry",
        "description": "",
        "type": "log"
      },
      "body": {
        "pid": 18300,
        "tid": "Main Thread",
        "startTime": 21071035479900
      },
      "additional": {
        "logType": "debug",
        "children": []
      }
    },
    {
      "head": {
        "id": "e2299932-dae3-4bff-a72a-d3fdbb2cbafa",
        "name": "Obtain build option for module 'entry' target 'default'in this build.",
        "description": "",
        "type": "log"
      },
      "body": {
        "pid": 18300,
        "tid": "Main Thread",
        "startTime": 21071035564600
      },
      "additional": {
        "logType": "debug",
        "children": []
      }
    },
    {
      "head": {
        "id": "880ff38e-37b2-405e-9f15-d4faae738078",
        "name": "Module entry task initialization takes 2 ms ",
        "description": "",
        "type": "log"
      },
      "body": {
        "pid": 18300,
        "tid": "Main Thread",
        "startTime": 21071038264700
      },
      "additional": {
        "logType": "debug",
        "children": []
      }
    },
    {
      "head": {
        "id": "8a0cf051-735b-44b2-bc80-5a17af60aaa7",
        "name": "Hap plugin register hook start...",
        "description": "",
        "type": "log"
      },
      "body": {
        "pid": 18300,
        "tid": "Main Thread",
        "startTime": 21071038413000
      },
      "additional": {
        "logType": "debug",
        "children": []
      }
    },
    {
      "head": {
        "id": "dd1d41c3-ecea-4c16-9bbd-1d8189cf7bfe",
        "name": "Hap plugin register hook end...",
        "description": "",
        "type": "log"
      },
      "body": {
        "pid": 18300,
        "tid": "Main Thread",
        "startTime": 21071038491000
      },
      "additional": {
        "logType": "debug",
        "children": []
      }
    },
    {
      "head": {
        "id": "9b65081a-eac2-462e-a8fc-40c2bfd26101",
        "name": "Plugin build process completed",
        "description": "",
        "type": "log"
      },
      "body": {
        "pid": 18300,
        "tid": "Main Thread",
        "startTime": 21071038534600
      },
      "additional": {
        "logType": "debug",
        "children": []
      }
    },
    {
      "head": {
        "id": "384e0903-5e79-4962-9507-57a8f1b91ba7",
        "name": "hvigorfile, binding custom plugins []",
        "description": "",
        "type": "log"
      },
      "body": {
        "pid": 18300,
        "tid": "Main Thread",
        "startTime": 21071038625700
      },
      "additional": {
        "logType": "debug",
        "children": []
      }
    },
    {
      "head": {
        "id": "c20b3eb3-686b-4fb4-bd53-2301768cfc15",
        "name": "hvigorfile, no custom plugins were found in D:\\MCMonitor\\entry\\hvigorfile.ts",
        "description": "",
        "type": "log"
      },
      "body": {
        "pid": 18300,
        "tid": "Main Thread",
        "startTime": 21071038688900
      },
      "additional": {
        "logType": "debug",
        "children": []
      }
    },
    {
      "head": {
        "id": "f0d3b84a-e76b-4c19-bf98-79127f35061e",
        "name": "hvigorfile, resolve finished D:\\MCMonitor\\entry\\hvigorfile.ts",
        "description": "",
        "type": "log"
      },
      "body": {
        "pid": 18300,
        "tid": "Main Thread",
        "startTime": 21071038769600
      },
      "additional": {
        "logType": "debug",
        "children": []
      }
    },
    {
      "head": {
        "id": "eab8af7a-8ce7-4c76-b68a-3bcf48017dd9",
        "name": "bind plugins",
        "description": "",
        "type": "log"
      },
      "body": {
        "pid": 18300,
        "tid": "Main Thread",
        "startTime": 21071023619900,
        "endTime": 21071038824200
      },
      "additional": {
        "logType": "info",
        "children": [],
        "durationId": "68eee7bf-7c48-48a6-8807-4b6a2e806200",
        "parent": "fe0f5903-f966-44b5-abb3-f84b3350efb0"
      }
    },
    {
      "head": {
        "id": "fe0f5903-f966-44b5-abb3-f84b3350efb0",
        "name": "eval hvigorfile",
        "description": "",
        "type": "log"
      },
      "body": {
        "pid": 18300,
        "tid": "Main Thread",
        "startTime": 21071017277000,
        "endTime": 21071038838300
      },
      "additional": {
        "logType": "info",
        "children": [
          "ca042135-29d2-458c-b618-b03b8d2e726e",
          "eab8af7a-8ce7-4c76-b68a-3bcf48017dd9"
        ],
        "durationId": "f6fb444d-2182-400c-ac78-7dffeb88d783",
        "parent": "e98eeb70-8dd5-4a4f-827a-f73d24c736c8"
      }
    },
    {
      "head": {
        "id": "b3f643d6-708d-407d-a901-9a5eaf31e383",
        "name": "\"afterNodeEvaluate\" hook function",
        "description": "",
        "type": "duration"
      },
      "body": {
        "pid": 18300,
        "tid": "Main Thread",
        "startTime": 21071039124300,
        "endTime": 21071039135500
      },
      "additional": {
        "children": [],
        "state": "success",
        "targetName": "",
        "moduleName": "",
        "category": "",
        "taskRunReasons": [],
        "parent": "8f5d5d95-3356-49ae-8529-44a09e18d184",
        "logId": "52b903b0-7e2c-4d56-bd93-546c08bbfe85"
      },
      "log": {
        "_logger": {
          "category": "DurationEvent",
          "context": {},
          "callStackSkipIndex": 0
        },
        "_filelogger": {
          "category": "debug-file",
          "context": {},
          "callStackSkipIndex": 0
        },
        "anonymizeFileLogger": {
          "fileLogger": {
            "category": "debug-file",
            "context": {},
            "callStackSkipIndex": 0
          }
        }
      }
    },
    {
      "head": {
        "id": "52b903b0-7e2c-4d56-bd93-546c08bbfe85",
        "name": "\"afterNodeEvaluate\" hook function",
        "description": "",
        "type": "log"
      },
      "body": {
        "pid": 18300,
        "tid": "Main Thread",
        "startTime": 21071039124300,
        "endTime": 21071039135500
      },
      "additional": {
        "logType": "info",
        "children": [],
        "durationId": "b3f643d6-708d-407d-a901-9a5eaf31e383",
        "parent": "e98eeb70-8dd5-4a4f-827a-f73d24c736c8"
      }
    },
    {
      "head": {
        "id": "e98eeb70-8dd5-4a4f-827a-f73d24c736c8",
        "name": "eval submodule",
        "description": "",
        "type": "log"
      },
      "body": {
        "pid": 18300,
        "tid": "Main Thread",
        "startTime": 21071016872300,
        "endTime": 21071039149300
      },
      "additional": {
        "logType": "info",
        "children": [
          "0a14386f-445b-4302-bc65-5121feba54b9",
          "fe0f5903-f966-44b5-abb3-f84b3350efb0",
          "52b903b0-7e2c-4d56-bd93-546c08bbfe85"
        ],
        "durationId": "8f5d5d95-3356-49ae-8529-44a09e18d184",
        "parent": "6d556a1e-e454-4c42-ba91-652ab43544f3"
      }
    },
    {
      "head": {
        "id": "6d556a1e-e454-4c42-ba91-652ab43544f3",
        "name": "eval modules",
        "description": "",
        "type": "log"
      },
      "body": {
        "pid": 18300,
        "tid": "Main Thread",
        "startTime": 21071016856100,
        "endTime": 21071039161800
      },
      "additional": {
        "logType": "info",
        "children": [
          "e98eeb70-8dd5-4a4f-827a-f73d24c736c8"
        ],
        "durationId": "65a0d626-9d9e-4449-b430-6aefffa101d5",
        "parent": "b7ced8af-5d80-4600-a542-994649fb73f2"
      }
    },
    {
      "head": {
        "id": "fa885ef7-0a3d-4c99-bb64-dfe4a88ad138",
        "name": "watch files: [\n  'D:\\\\MCMonitor\\\\hvigorfile.ts',\n  'D:\\\\MCMonitor\\\\entry\\\\hvigorfile.ts'\n]",
        "description": "",
        "type": "log"
      },
      "body": {
        "pid": 18300,
        "tid": "Main Thread",
        "startTime": 21071065406800
      },
      "additional": {
        "logType": "debug",
        "children": []
      }
    },
    {
      "head": {
        "id": "a1bb9f28-64b1-4675-ac5e-02e3c11d4cb1",
        "name": "hvigorfile, resolve hvigorfile dependencies in 28 ms ",
        "description": "",
        "type": "log"
      },
      "body": {
        "pid": 18300,
        "tid": "Main Thread",
        "startTime": 21071066268300
      },
      "additional": {
        "logType": "debug",
        "children": []
      }
    },
    {
      "head": {
        "id": "53020be2-214f-4a22-9390-6865c8ec5b21",
        "name": "add config dependencies",
        "description": "",
        "type": "log"
      },
      "body": {
        "pid": 18300,
        "tid": "Main Thread",
        "startTime": 21071039172200,
        "endTime": 21071066512900
      },
      "additional": {
        "logType": "info",
        "children": [],
        "durationId": "20f9b57c-171e-4fd3-b635-6336cf8062a7",
        "parent": "b7ced8af-5d80-4600-a542-994649fb73f2"
      }
    },
    {
      "head": {
        "id": "576eeae3-4a21-465d-9718-f8a81487559e",
        "name": "\"nodesEvaluated\" hook function",
        "description": "",
        "type": "duration"
      },
      "body": {
        "pid": 18300,
        "tid": "Main Thread",
        "startTime": 21071066571600,
        "endTime": 21071066889300
      },
      "additional": {
        "children": [],
        "state": "success",
        "targetName": "",
        "moduleName": "",
        "category": "",
        "taskRunReasons": [],
        "parent": "a459b5dd-1164-4f5b-a4c4-fb080d91280c",
        "logId": "41984a20-041e-4182-814e-20de7b57540d"
      },
      "log": {
        "_logger": {
          "category": "DurationEvent",
          "context": {},
          "callStackSkipIndex": 0
        },
        "_filelogger": {
          "category": "debug-file",
          "context": {},
          "callStackSkipIndex": 0
        },
        "anonymizeFileLogger": {
          "fileLogger": {
            "category": "debug-file",
            "context": {},
            "callStackSkipIndex": 0
          }
        }
      }
    },
    {
      "head": {
        "id": "362b5328-6987-4895-8050-b2d06880ade2",
        "name": "project has submodules:entry",
        "description": "",
        "type": "log"
      },
      "body": {
        "pid": 18300,
        "tid": "Main Thread",
        "startTime": 21071066603300
      },
      "additional": {
        "logType": "debug",
        "children": []
      }
    },
    {
      "head": {
        "id": "41984a20-041e-4182-814e-20de7b57540d",
        "name": "\"nodesEvaluated\" hook function",
        "description": "",
        "type": "log"
      },
      "body": {
        "pid": 18300,
        "tid": "Main Thread",
        "startTime": 21071066571600,
        "endTime": 21071066889300
      },
      "additional": {
        "logType": "info",
        "children": [],
        "durationId": "576eeae3-4a21-465d-9718-f8a81487559e",
        "parent": "b7ced8af-5d80-4600-a542-994649fb73f2"
      }
    },
    {
      "head": {
        "id": "b24cb43e-7d66-448f-93d5-611faf79e6c0",
        "name": "start to load updatedOhPackageInfo to the disk",
        "description": "",
        "type": "log"
      },
      "body": {
        "pid": 18300,
        "tid": "Main Thread",
        "startTime": 21071070243700
      },
      "additional": {
        "logType": "debug",
        "children": []
      }
    },
    {
      "head": {
        "id": "d7ad87ef-bcbf-4a8b-aa78-70453e462d33",
        "name": "load to the disk finished",
        "description": "",
        "type": "log"
      },
      "body": {
        "pid": 18300,
        "tid": "Main Thread",
        "startTime": 21071076819500
      },
      "additional": {
        "logType": "debug",
        "children": []
      }
    },
    {
      "head": {
        "id": "f37f26e2-ffcc-4fb5-85a0-4d287f1d3c44",
        "name": "ohpm install",
        "description": "",
        "type": "log"
      },
      "body": {
        "pid": 18300,
        "tid": "Main Thread",
        "startTime": 21071066909300,
        "endTime": 21071078806300
      },
      "additional": {
        "logType": "info",
        "children": [],
        "durationId": "dba5f172-01cf-45a2-b4ca-115c9091a7ed",
        "parent": "b7ced8af-5d80-4600-a542-994649fb73f2"
      }
    },
    {
      "head": {
        "id": "2fe2779f-a026-458b-a776-bd85c5214294",
        "name": "Start to initialize dependency information.",
        "description": "",
        "type": "log"
      },
      "body": {
        "pid": 18300,
        "tid": "Main Thread",
        "startTime": 21071078897200
      },
      "additional": {
        "logType": "debug",
        "children": []
      }
    },
    {
      "head": {
        "id": "8f94c431-dd7b-441d-96e5-a10ec7a63fcf",
        "name": "Module MCMonitor Collected Dependency: ",
        "description": "",
        "type": "log"
      },
      "body": {
        "pid": 18300,
        "tid": "Main Thread",
        "startTime": 21071083226500
      },
      "additional": {
        "logType": "debug",
        "children": []
      }
    },
    {
      "head": {
        "id": "5166c87a-c543-41b7-a40c-11c83eb46b40",
        "name": "Module MCMonitor's total dependency: 0",
        "description": "",
        "type": "log"
      },
      "body": {
        "pid": 18300,
        "tid": "Main Thread",
        "startTime": 21071083451700
      },
      "additional": {
        "logType": "debug",
        "children": []
      }
    },
    {
      "head": {
        "id": "475107e1-ef6a-4a16-936e-dc8dc8b09696",
        "name": "Start to initialize dependency information.",
        "description": "",
        "type": "log"
      },
      "body": {
        "pid": 18300,
        "tid": "Main Thread",
        "startTime": 21071084706200
      },
      "additional": {
        "logType": "debug",
        "children": []
      }
    },
    {
      "head": {
        "id": "6952f52c-3068-4e53-be46-56d997e4d1de",
        "name": "Module entry Collected Dependency: ",
        "description": "",
        "type": "log"
      },
      "body": {
        "pid": 18300,
        "tid": "Main Thread",
        "startTime": 21071089840100
      },
      "additional": {
        "logType": "debug",
        "children": []
      }
    },
    {
      "head": {
        "id": "c6d68fdc-fbe5-4255-a050-90547bfc5de0",
        "name": "Module entry's total dependency: 0",
        "description": "",
        "type": "log"
      },
      "body": {
        "pid": 18300,
        "tid": "Main Thread",
        "startTime": 21071090123200
      },
      "additional": {
        "logType": "debug",
        "children": []
      }
    },
    {
      "head": {
        "id": "099d0068-f37a-4037-8d90-39e7bc9624c2",
        "name": "eval hook",
        "description": "",
        "type": "log"
      },
      "body": {
        "pid": 18300,
        "tid": "Main Thread",
        "startTime": 21071078861200,
        "endTime": 21071093354600
      },
      "additional": {
        "logType": "info",
        "children": [],
        "durationId": "20940d5f-4664-4e8c-9a91-92b132d6506c",
        "parent": "b7ced8af-5d80-4600-a542-994649fb73f2"
      }
    },
    {
      "head": {
        "id": "834c2875-2bd4-47e4-9729-97a398368f54",
        "name": "Configuration phase cost:481 ms ",
        "description": "",
        "type": "log"
      },
      "body": {
        "pid": 18300,
        "tid": "Main Thread",
        "startTime": 21071093487900
      },
      "additional": {
        "logType": "debug",
        "children": []
      }
    },
    {
      "head": {
        "id": "f7040c6e-c0f6-4936-b08e-68ba26a47f7f",
        "name": "fin configuration",
        "description": "",
        "type": "log"
      },
      "body": {
        "pid": 18300,
        "tid": "Main Thread",
        "startTime": 21071093429600,
        "endTime": 21071093739500
      },
      "additional": {
        "logType": "info",
        "children": [],
        "durationId": "688c4bc2-121e-4d0a-b836-30b37b4865bb",
        "parent": "b7ced8af-5d80-4600-a542-994649fb73f2"
      }
    },
    {
      "head": {
        "id": "b7ced8af-5d80-4600-a542-994649fb73f2",
        "name": "configure hvigor plugin",
        "description": "",
        "type": "log"
      },
      "body": {
        "pid": 18300,
        "tid": "Main Thread",
        "startTime": 21070612950800,
        "endTime": 21071093772400
      },
      "additional": {
        "logType": "info",
        "children": [
          "d9d151b2-46da-48fb-91ea-8284aa894bc1",
          "d8fcdc73-0316-4515-b325-b5474224465b",
          "ea4a1a91-7fef-45a4-89a6-01f18e65918f",
          "6d556a1e-e454-4c42-ba91-652ab43544f3",
          "53020be2-214f-4a22-9390-6865c8ec5b21",
          "f37f26e2-ffcc-4fb5-85a0-4d287f1d3c44",
          "099d0068-f37a-4037-8d90-39e7bc9624c2",
          "f7040c6e-c0f6-4936-b08e-68ba26a47f7f",
          "41984a20-041e-4182-814e-20de7b57540d"
        ],
        "durationId": "a459b5dd-1164-4f5b-a4c4-fb080d91280c",
        "parent": "e2327756-dc60-4dc2-9a04-b4632e990396"
      }
    },
    {
      "head": {
        "id": "e331a7f1-87ce-4995-aa1a-5873aba68b1a",
        "name": "\"taskGraphResolved\" hook function",
        "description": "",
        "type": "duration"
      },
      "body": {
        "pid": 18300,
        "tid": "Main Thread",
        "startTime": 21071095205600,
        "endTime": 21071095242600
      },
      "additional": {
        "children": [],
        "state": "success",
        "targetName": "",
        "moduleName": "",
        "category": "",
        "taskRunReasons": [],
        "parent": "09d0e0f3-69b7-4c49-9ef6-1d9543fddb69",
        "logId": "c8899890-e19c-45c1-b539-da64e3347cde"
      },
      "log": {
        "_logger": {
          "category": "DurationEvent",
          "context": {},
          "callStackSkipIndex": 0
        },
        "_filelogger": {
          "category": "debug-file",
          "context": {},
          "callStackSkipIndex": 0
        },
        "anonymizeFileLogger": {
          "fileLogger": {
            "category": "debug-file",
            "context": {},
            "callStackSkipIndex": 0
          }
        }
      }
    },
    {
      "head": {
        "id": "c8899890-e19c-45c1-b539-da64e3347cde",
        "name": "\"taskGraphResolved\" hook function",
        "description": "",
        "type": "log"
      },
      "body": {
        "pid": 18300,
        "tid": "Main Thread",
        "startTime": 21071095205600,
        "endTime": 21071095242600
      },
      "additional": {
        "logType": "info",
        "children": [],
        "durationId": "e331a7f1-87ce-4995-aa1a-5873aba68b1a",
        "parent": "e2327756-dc60-4dc2-9a04-b4632e990396"
      }
    },
    {
      "head": {
        "id": "bc4dde01-df2b-474b-b361-04a68681ab95",
        "name": "build task graph",
        "description": "",
        "type": "log"
      },
      "body": {
        "pid": 18300,
        "tid": "Main Thread",
        "startTime": 21071093847700,
        "endTime": 21071095268600
      },
      "additional": {
        "logType": "info",
        "children": [],
        "durationId": "5a5829a2-1472-4813-928a-5008988f790f",
        "parent": "e2327756-dc60-4dc2-9a04-b4632e990396"
      }
    },
    {
      "head": {
        "id": "4ed4bd6f-f891-494d-9b03-79f3ee2d50b2",
        "name": "init task execution option",
        "description": "",
        "type": "log"
      },
      "body": {
        "pid": 18300,
        "tid": "Main Thread",
        "startTime": 21071095277500,
        "endTime": 21071095321700
      },
      "additional": {
        "logType": "info",
        "children": [],
        "durationId": "58045722-72c6-4f47-a22f-c7d85f146175",
        "parent": "e2327756-dc60-4dc2-9a04-b4632e990396"
      }
    },
    {
      "head": {
        "id": "e2327756-dc60-4dc2-9a04-b4632e990396",
        "name": "init",
        "description": "",
        "type": "log"
      },
      "body": {
        "pid": 18300,
        "tid": "Main Thread",
        "startTime": 21070557795200,
        "endTime": 21071095329800
      },
      "additional": {
        "logType": "info",
        "children": [
          "90e4c639-fcc2-47a9-a14b-90eda614a078",
          "b7ced8af-5d80-4600-a542-994649fb73f2",
          "bc4dde01-df2b-474b-b361-04a68681ab95",
          "4ed4bd6f-f891-494d-9b03-79f3ee2d50b2",
          "53c4f34f-4868-4974-a237-64ebd2a7afdc",
          "ddae0999-728c-45c9-8fd9-e28bd980c967",
          "c8899890-e19c-45c1-b539-da64e3347cde"
        ],
        "durationId": "09d0e0f3-69b7-4c49-9ef6-1d9543fddb69"
      }
    },
    {
      "head": {
        "id": "ffbf6b94-1ed4-49aa-ba1e-588fc5fd7bb7",
        "name": "Configuration task cost before running: 540 ms ",
        "description": "",
        "type": "log"
      },
      "body": {
        "pid": 18300,
        "tid": "Main Thread",
        "startTime": 21071095685600
      },
      "additional": {
        "logType": "debug",
        "children": []
      }
    },
    {
      "head": {
        "id": "5f6f893c-56cb-4a23-a6f4-37e5468bac10",
        "name": "\"buildFinished\" hook function",
        "description": "",
        "type": "duration"
      },
      "body": {
        "pid": 18300,
        "tid": "Main Thread",
        "startTime": 21071110396100,
        "endTime": 21071110467800
      },
      "additional": {
        "children": [],
        "state": "success",
        "targetName": "",
        "moduleName": "",
        "category": "",
        "taskRunReasons": [],
        "parent": "5c285d68-7e3c-49fd-9b60-c0adf2af41fa",
        "logId": "837ed097-ec06-4b97-b2dc-002d96b60fd2"
      },
      "log": {
        "_logger": {
          "category": "DurationEvent",
          "context": {},
          "callStackSkipIndex": 0
        },
        "_filelogger": {
          "category": "debug-file",
          "context": {},
          "callStackSkipIndex": 0
        },
        "anonymizeFileLogger": {
          "fileLogger": {
            "category": "debug-file",
            "context": {},
            "callStackSkipIndex": 0
          }
        }
      }
    },
    {
      "head": {
        "id": "837ed097-ec06-4b97-b2dc-002d96b60fd2",
        "name": "\"buildFinished\" hook function",
        "description": "",
        "type": "log"
      },
      "body": {
        "pid": 18300,
        "tid": "Main Thread",
        "startTime": 21071110396100,
        "endTime": 21071110467800
      },
      "additional": {
        "logType": "info",
        "children": [],
        "durationId": "5f6f893c-56cb-4a23-a6f4-37e5468bac10"
      }
    },
    {
      "head": {
        "id": "2400140f-d356-4fe9-8ce9-de4d8a08c502",
        "name": "hvigor worker: Exit with error: AdaptorError: \u001b[31m00306054 Specification Limit Violation\r\nError Message: Task [ 'assembleRelease' ] was not found in the project MCMonitor. Invalid command to execute the build task, please verify the parameters in the command and try again.\r\n\r\n* Try the following:\r\n  > Run 'hvigorw --help' to learn more about hvigor command.\r\n  > Run 'hvigorw tasks' to get a list of available tasks.\r\n  > Run the command with '--info' or '--debug' option to get more log output.\r\n  > More info: https://developer.huawei.com/consumer/cn/doc/harmonyos-faqs/faqs-compiling-and-building-37\r\n\u001b[39m",
        "description": "",
        "type": "log"
      },
      "body": {
        "pid": 18300,
        "tid": "Main Thread",
        "startTime": 21071318721400
      },
      "additional": {
        "logType": "debug",
        "children": []
      }
    },
    {
      "head": {
        "id": "d9dadbcb-d98a-491d-b60c-90b674f7a752",
        "name": "hvigor worker: Stack: AdaptorError: \u001b[31m00306054 Specification Limit Violation\r\nError Message: Task [ 'assembleRelease' ] was not found in the project MCMonitor. Invalid command to execute the build task, please verify the parameters in the command and try again.\r\n\r\n* Try the following:\r\n  > Run 'hvigorw --help' to learn more about hvigor command.\r\n  > Run 'hvigorw tasks' to get a list of available tasks.\r\n  > Run the command with '--info' or '--debug' option to get more log output.\r\n  > More info: https://developer.huawei.com/consumer/cn/doc/harmonyos-faqs/faqs-compiling-and-building-37\r\n\u001b[39m\n    at HvigorLogger.printErrorExit (D:\\Harmony\\DevEco Studio\\tools\\hvigor\\hvigor\\src\\base\\log\\hvigor-log.js:1:5087)\n    at D:\\Harmony\\DevEco Studio\\tools\\hvigor\\hvigor\\src\\base\\internal\\lifecycle\\hvigor-process.js:1:6505\n    at process.processTicksAndRejections (node:internal/process/task_queues:95:5)\n    at async HvigorBuildProcess.<anonymous> (D:\\Harmony\\DevEco Studio\\tools\\hvigor\\hvigor\\src\\base\\internal\\lifecycle\\hvigor-process.js:1:2674)",
        "description": "",
        "type": "log"
      },
      "body": {
        "pid": 18300,
        "tid": "Main Thread",
        "startTime": 21071322475200
      },
      "additional": {
        "logType": "debug",
        "children": []
      }
    },
    {
      "head": {
        "id": "4c108810-0e8c-4e7a-ba6a-57a8175a4919",
        "name": "watch worker: worker id should be larger than 0. Nothing will be sent to any worker thread.",
        "description": "",
        "type": "log"
      },
      "body": {
        "pid": 18300,
        "tid": "Main Thread",
        "startTime": 21071341183000
      },
      "additional": {
        "logType": "debug",
        "children": []
      }
    },
    {
      "head": {
        "id": "fc1deb80-70b0-4dd7-86f6-223de9fb09e6",
        "name": "\"buildFinished\" hook function",
        "description": "",
        "type": "duration"
      },
      "body": {
        "pid": 18300,
        "tid": "Main Thread",
        "startTime": 21071391134100,
        "endTime": 21071391210700
      },
      "additional": {
        "children": [],
        "state": "success",
        "targetName": "",
        "moduleName": "",
        "category": "",
        "taskRunReasons": [],
        "parent": "43ec757c-9db6-43aa-ae1e-e72082cdda2b",
        "logId": "11580c67-e573-4f2e-a57c-5b04c4876500"
      },
      "log": {
        "_logger": {
          "category": "DurationEvent",
          "context": {},
          "callStackSkipIndex": 0
        },
        "_filelogger": {
          "category": "debug-file",
          "context": {},
          "callStackSkipIndex": 0
        },
        "anonymizeFileLogger": {
          "fileLogger": {
            "category": "debug-file",
            "context": {},
            "callStackSkipIndex": 0
          }
        }
      }
    },
    {
      "head": {
        "id": "11580c67-e573-4f2e-a57c-5b04c4876500",
        "name": "\"buildFinished\" hook function",
        "description": "",
        "type": "log"
      },
      "body": {
        "pid": 18300,
        "tid": "Main Thread",
        "startTime": 21071391134100,
        "endTime": 21071391210700
      },
      "additional": {
        "logType": "info",
        "children": [],
        "durationId": "fc1deb80-70b0-4dd7-86f6-223de9fb09e6"
      }
    },
    {
      "head": {
        "id": "f240d919-ad40-44a3-89d5-05db6b4e1703",
        "name": "assembleRelease",
        "description": "",
        "type": "mark"
      },
      "body": {
        "pid": 18300,
        "tid": "Main Thread",
        "startTime": 21070556178400,
        "endTime": 21071391473800
      },
      "additional": {
        "time": {
          "year": 2026,
          "month": 2,
          "day": 15,
          "hour": 17,
          "minute": 2,
          "second": 40
        },
        "completeCommand": "{\"prop\":[],\"_\":[\"assembleRelease\"]};assembleRelease",
        "hvigorVersion": "6.22.3",
        "markType": "history",
        "nodeVersion": "v18.20.1",
        "category": "build",
        "state": "failed"
      }
    },
    {
      "head": {
        "id": "2dff9982-044b-4a84-868c-75d6ab675b46",
        "name": "BUILD FAILED in 836 ms ",
        "description": "",
        "type": "log"
      },
      "body": {
        "pid": 18300,
        "tid": "Main Thread",
        "startTime": 21071391522200
      },
      "additional": {
        "logType": "error",
        "children": []
      }
    }
  ],
  "workLog": []
}