{
  "version": "2.0",
  "ppid": 23752,
  "events": [
    {
      "head": {
        "id": "e0ce86b6-e6e6-4b24-953e-b67da2c3bf2e",
        "name": "watch worker: worker id should be larger than 0. Nothing will be sent to any worker thread.",
        "description": "",
        "type": "log"
      },
      "body": {
        "pid": 24348,
        "tid": "Main Thread",
        "startTime": 21077592697900
      },
      "additional": {
        "logType": "debug",
        "children": []
      }
    },
    {
      "head": {
        "id": "5f8ffcbd-90b2-4203-8d2b-53374f19383c",
        "name": "Since there is no instance or instance is terminated, create a new worker pool.",
        "description": "",
        "type": "log"
      },
      "body": {
        "pid": 24348,
        "tid": "Main Thread",
        "startTime": 21077605069200
      },
      "additional": {
        "logType": "debug",
        "children": []
      }
    },
    {
      "head": {
        "id": "eb6d00d2-82f4-4b81-9534-1c42a277336a",
        "name": "Worker pool is initialized with config:  {\n  minPoolNum: 2,\n  maxPoolNum: undefined,\n  maxCoreSize: undefined,\n  cacheCapacity: undefined,\n  cacheTtl: undefined\n}",
        "description": "",
        "type": "log"
      },
      "body": {
        "pid": 24348,
        "tid": "Main Thread",
        "startTime": 21077605975600
      },
      "additional": {
        "logType": "debug",
        "children": []
      }
    },
    {
      "head": {
        "id": "ded90ebd-3e34-48ad-9d45-1aa59dd9f8f4",
        "name": "Create  resident worker with id: 0.",
        "description": "",
        "type": "log"
      },
      "body": {
        "pid": 24348,
        "tid": "Main Thread",
        "startTime": 21077607073000
      },
      "additional": {
        "logType": "debug",
        "children": []
      }
    },
    {
      "head": {
        "id": "bbb00929-1a9d-4247-8ef8-ca9c2cd033ba",
        "name": "Create  resident worker with id: 1.",
        "description": "",
        "type": "log"
      },
      "body": {
        "pid": 24348,
        "tid": "Main Thread",
        "startTime": 21077707549100
      },
      "additional": {
        "logType": "debug",
        "children": []
      }
    },
    {
      "head": {
        "id": "ea1e9d96-b98f-4c9c-b9ef-40874e7b04f3",
        "name": "Workers' log level updated to INFO",
        "description": "",
        "type": "log"
      },
      "body": {
        "pid": 24348,
        "tid": "Main Thread",
        "startTime": 21077709960500
      },
      "additional": {
        "logType": "debug",
        "children": []
      }
    },
    {
      "head": {
        "id": "799a6b63-dc48-477e-a776-1037251517f4",
        "name": "init",
        "description": "Initialize and build task graph.",
        "type": "duration"
      },
      "body": {
        "pid": 24348,
        "tid": "Main Thread",
        "startTime": 21077713059800,
        "endTime": 21082236416100
      },
      "additional": {
        "children": [
          "7a9b1632-adb8-47f8-98c4-548689ad4aa5",
          "fcca20e2-0b30-4263-af8a-117e72f5c1ae",
          "2a391237-1165-4f31-b8d5-ab06cc879434",
          "17963226-62fd-453e-ab71-4ea86ea7a4a6",
          "421148f4-bd99-4cc8-8a80-de399b8f6335",
          "cdceeaab-9e1a-4698-a74d-77b0d126e490",
          "db6300bc-8882-4e2d-8f54-8c1622d18d1c"
        ],
        "state": "success",
        "targetName": "",
        "moduleName": "",
        "category": "Init",
        "taskRunReasons": [],
        "logId": "0c08d36d-2348-474a-be4d-35ce0c161ba5"
      },
      "log": {
        "_logger": {
          "category": "DurationEvent",
          "context": {},
          "callStackSkipIndex": 0
        },
        "_filelogger": {
          "category": "debug-file",
          "context": {},
          "callStackSkipIndex": 0
        },
        "anonymizeFileLogger": {
          "fileLogger": {
            "category": "debug-file",
            "context": {},
            "callStackSkipIndex": 0
          }
        }
      }
    },
    {
      "head": {
        "id": "7a9b1632-adb8-47f8-98c4-548689ad4aa5",
        "name": "create hvigor project model",
        "description": "Initialize hvigor project model.",
        "type": "duration"
      },
      "body": {
        "pid": 24348,
        "tid": "Main Thread",
        "startTime": 21077713064400,
        "endTime": 21077734006000
      },
      "additional": {
        "children": [],
        "state": "success",
        "targetName": "",
        "moduleName": "",
        "category": "",
        "taskRunReasons": [],
        "parent": "799a6b63-dc48-477e-a776-1037251517f4",
        "logId": "26c810cd-1d33-4075-a500-0f79be310de5"
      },
      "log": {
        "_logger": {
          "category": "DurationEvent",
          "context": {},
          "callStackSkipIndex": 0
        },
        "_filelogger": {
          "category": "debug-file",
          "context": {},
          "callStackSkipIndex": 0
        },
        "anonymizeFileLogger": {
          "fileLogger": {
            "category": "debug-file",
            "context": {},
            "callStackSkipIndex": 0
          }
        }
      }
    },
    {
      "head": {
        "id": "fcca20e2-0b30-4263-af8a-117e72f5c1ae",
        "name": "configure hvigor plugin",
        "description": "Configure hvigor plugin.",
        "type": "duration"
      },
      "body": {
        "pid": 24348,
        "tid": "Main Thread",
        "startTime": 21077734047600,
        "endTime": 21082234659200
      },
      "additional": {
        "children": [
          "6ba36d0b-2f16-4b8f-8af8-d7b3953aacee",
          "a6fea32e-ddbd-4b50-863c-e34b5d038ad3",
          "dc44e8fb-589d-4d54-be89-2b264a3565ec",
          "ed63675e-73b5-4048-9f3c-caf76ff06b53",
          "73db19ac-2f1c-48b6-8952-ca9486e80e99",
          "7c78b93d-07f2-4359-b2f8-2ebbff1477e8",
          "a204cf2b-b009-4b17-9d72-319f5a46ccac",
          "331b79cb-c605-4156-8ac1-2a39962c1a86",
          "5e3571ca-5c18-4155-abf1-72ddd4d29ed7"
        ],
        "state": "success",
        "targetName": "",
        "moduleName": "",
        "category": "",
        "taskRunReasons": [],
        "parent": "799a6b63-dc48-477e-a776-1037251517f4",
        "logId": "57c4fd43-a0c4-4e8f-89d5-d953095640b2"
      },
      "log": {
        "_logger": {
          "category": "DurationEvent",
          "context": {},
          "callStackSkipIndex": 0
        },
        "_filelogger": {
          "category": "debug-file",
          "context": {},
          "callStackSkipIndex": 0
        },
        "anonymizeFileLogger": {
          "fileLogger": {
            "category": "debug-file",
            "context": {},
            "callStackSkipIndex": 0
          }
        }
      }
    },
    {
      "head": {
        "id": "2a391237-1165-4f31-b8d5-ab06cc879434",
        "name": "build task graph",
        "description": "Build task graph.",
        "type": "duration"
      },
      "body": {
        "pid": 24348,
        "tid": "Main Thread",
        "startTime": 21082234687300,
        "endTime": 21082236387800
      },
      "additional": {
        "children": [],
        "state": "success",
        "targetName": "",
        "moduleName": "",
        "category": "",
        "taskRunReasons": [],
        "parent": "799a6b63-dc48-477e-a776-1037251517f4",
        "logId": "016857ad-6305-49fb-9c88-9cdb08d5fe23"
      },
      "log": {
        "_logger": {
          "category": "DurationEvent",
          "context": {},
          "callStackSkipIndex": 0
        },
        "_filelogger": {
          "category": "debug-file",
          "context": {},
          "callStackSkipIndex": 0
        },
        "anonymizeFileLogger": {
          "fileLogger": {
            "category": "debug-file",
            "context": {},
            "callStackSkipIndex": 0
          }
        }
      }
    },
    {
      "head": {
        "id": "17963226-62fd-453e-ab71-4ea86ea7a4a6",
        "name": "init task execution option",
        "description": "Init task execution option.",
        "type": "duration"
      },
      "body": {
        "pid": 24348,
        "tid": "Main Thread",
        "startTime": 21082236394200,
        "endTime": 21082236406400
      },
      "additional": {
        "children": [],
        "state": "success",
        "targetName": "",
        "moduleName": "",
        "category": "",
        "taskRunReasons": [],
        "parent": "799a6b63-dc48-477e-a776-1037251517f4",
        "logId": "8ee62c12-6c8f-4ee2-9fc1-7911dbc496cd"
      },
      "log": {
        "_logger": {
          "category": "DurationEvent",
          "context": {},
          "callStackSkipIndex": 0
        },
        "_filelogger": {
          "category": "debug-file",
          "context": {},
          "callStackSkipIndex": 0
        },
        "anonymizeFileLogger": {
          "fileLogger": {
            "category": "debug-file",
            "context": {},
            "callStackSkipIndex": 0
          }
        }
      }
    },
    {
      "head": {
        "id": "421148f4-bd99-4cc8-8a80-de399b8f6335",
        "name": "\"configEvaluated\" hook function",
        "description": "",
        "type": "duration"
      },
      "body": {
        "pid": 24348,
        "tid": "Main Thread",
        "startTime": 21077721279100,
        "endTime": 21077722239300
      },
      "additional": {
        "children": [],
        "state": "success",
        "targetName": "",
        "moduleName": "",
        "category": "",
        "taskRunReasons": [],
        "parent": "799a6b63-dc48-477e-a776-1037251517f4",
        "logId": "dcfa8f2d-33b9-46ab-bd9f-a2503cb97ea7"
      },
      "log": {
        "_logger": {
          "category": "DurationEvent",
          "context": {},
          "callStackSkipIndex": 0
        },
        "_filelogger": {
          "category": "debug-file",
          "context": {},
          "callStackSkipIndex": 0
        },
        "anonymizeFileLogger": {
          "fileLogger": {
            "category": "debug-file",
            "context": {},
            "callStackSkipIndex": 0
          }
        }
      }
    },
    {
      "head": {
        "id": "dcfa8f2d-33b9-46ab-bd9f-a2503cb97ea7",
        "name": "\"configEvaluated\" hook function",
        "description": "",
        "type": "log"
      },
      "body": {
        "pid": 24348,
        "tid": "Main Thread",
        "startTime": 21077721279100,
        "endTime": 21077722239300
      },
      "additional": {
        "logType": "info",
        "children": [],
        "durationId": "421148f4-bd99-4cc8-8a80-de399b8f6335",
        "parent": "0c08d36d-2348-474a-be4d-35ce0c161ba5"
      }
    },
    {
      "head": {
        "id": "cdceeaab-9e1a-4698-a74d-77b0d126e490",
        "name": "\"nodesInitialized\" hook function",
        "description": "",
        "type": "duration"
      },
      "body": {
        "pid": 24348,
        "tid": "Main Thread",
        "startTime": 21077724716200,
        "endTime": 21077724772100
      },
      "additional": {
        "children": [],
        "state": "success",
        "targetName": "",
        "moduleName": "",
        "category": "",
        "taskRunReasons": [],
        "parent": "799a6b63-dc48-477e-a776-1037251517f4",
        "logId": "968afc32-ee8f-4732-9415-838ffbb360f3"
      },
      "log": {
        "_logger": {
          "category": "DurationEvent",
          "context": {},
          "callStackSkipIndex": 0
        },
        "_filelogger": {
          "category": "debug-file",
          "context": {},
          "callStackSkipIndex": 0
        },
        "anonymizeFileLogger": {
          "fileLogger": {
            "category": "debug-file",
            "context": {},
            "callStackSkipIndex": 0
          }
        }
      }
    },
    {
      "head": {
        "id": "968afc32-ee8f-4732-9415-838ffbb360f3",
        "name": "\"nodesInitialized\" hook function",
        "description": "",
        "type": "log"
      },
      "body": {
        "pid": 24348,
        "tid": "Main Thread",
        "startTime": 21077724716200,
        "endTime": 21077724772100
      },
      "additional": {
        "logType": "info",
        "children": [],
        "durationId": "cdceeaab-9e1a-4698-a74d-77b0d126e490",
        "parent": "0c08d36d-2348-474a-be4d-35ce0c161ba5"
      }
    },
    {
      "head": {
        "id": "d6403f04-a08d-481f-8239-d893eee4e849",
        "name": "Hvigor init with startParameters:{\n  hvigorfileTypeCheck: false,\n  parallelExecution: true,\n  incrementalExecution: true,\n  printStackTrace: false,\n  daemon: true,\n  analyze: 0,\n  logLevel: Level { level: 20000, levelStr: 'INFO', colour: 'green' },\n  optimizationStrategy: 'performance',\n  hotCompile: undefined,\n  hotReloadBuild: undefined,\n  customizedParam: undefined\n}",
        "description": "",
        "type": "log"
      },
      "body": {
        "pid": 24348,
        "tid": "Main Thread",
        "startTime": 21077725482500
      },
      "additional": {
        "logType": "debug",
        "children": []
      }
    },
    {
      "head": {
        "id": "85b2d959-462b-4db4-9e70-e4227001c71d",
        "name": "Cache service initialization finished in 8 ms ",
        "description": "",
        "type": "log"
      },
      "body": {
        "pid": 24348,
        "tid": "Main Thread",
        "startTime": 21077733740300
      },
      "additional": {
        "logType": "debug",
        "children": []
      }
    },
    {
      "head": {
        "id": "26c810cd-1d33-4075-a500-0f79be310de5",
        "name": "create hvigor project model",
        "description": "",
        "type": "log"
      },
      "body": {
        "pid": 24348,
        "tid": "Main Thread",
        "startTime": 21077713064400,
        "endTime": 21077734006000
      },
      "additional": {
        "logType": "info",
        "children": [],
        "durationId": "7a9b1632-adb8-47f8-98c4-548689ad4aa5",
        "parent": "0c08d36d-2348-474a-be4d-35ce0c161ba5"
      }
    },
    {
      "head": {
        "id": "6ba36d0b-2f16-4b8f-8af8-d7b3953aacee",
        "name": "init configuration",
        "description": "Initialize configuration.",
        "type": "duration"
      },
      "body": {
        "pid": 24348,
        "tid": "Main Thread",
        "startTime": 21077734626200,
        "endTime": 21077734680500
      },
      "additional": {
        "children": [],
        "state": "success",
        "targetName": "",
        "moduleName": "",
        "category": "",
        "taskRunReasons": [],
        "parent": "fcca20e2-0b30-4263-af8a-117e72f5c1ae",
        "logId": "09666b41-a8f1-401a-9d2e-a879daa75f4c"
      },
      "log": {
        "_logger": {
          "category": "DurationEvent",
          "context": {},
          "callStackSkipIndex": 0
        },
        "_filelogger": {
          "category": "debug-file",
          "context": {},
          "callStackSkipIndex": 0
        },
        "anonymizeFileLogger": {
          "fileLogger": {
            "category": "debug-file",
            "context": {},
            "callStackSkipIndex": 0
          }
        }
      }
    },
    {
      "head": {
        "id": "a6fea32e-ddbd-4b50-863c-e34b5d038ad3",
        "name": "configure project task",
        "description": "Configure project task.",
        "type": "duration"
      },
      "body": {
        "pid": 24348,
        "tid": "Main Thread",
        "startTime": 21077734734700,
        "endTime": 21077737104900
      },
      "additional": {
        "children": [],
        "state": "success",
        "targetName": "",
        "moduleName": "",
        "category": "",
        "taskRunReasons": [],
        "parent": "fcca20e2-0b30-4263-af8a-117e72f5c1ae",
        "logId": "06e3cec1-88b3-4181-af24-997a3b904732"
      },
      "log": {
        "_logger": {
          "category": "DurationEvent",
          "context": {},
          "callStackSkipIndex": 0
        },
        "_filelogger": {
          "category": "debug-file",
          "context": {},
          "callStackSkipIndex": 0
        },
        "anonymizeFileLogger": {
          "fileLogger": {
            "category": "debug-file",
            "context": {},
            "callStackSkipIndex": 0
          }
        }
      }
    },
    {
      "head": {
        "id": "dc44e8fb-589d-4d54-be89-2b264a3565ec",
        "name": "eval project",
        "description": "Evaluate project.",
        "type": "duration"
      },
      "body": {
        "pid": 24348,
        "tid": "Main Thread",
        "startTime": 21077737326600,
        "endTime": 21082101976900
      },
      "additional": {
        "children": [
          "6be51e5c-a72d-44a0-907a-0f3bb3dd586c",
          "9529f40b-b4cb-402e-bfa0-aa9f58aca8c7",
          "e8d5a7a5-f52d-4ada-aac5-7bbfe012a100"
        ],
        "state": "success",
        "targetName": "",
        "moduleName": "",
        "category": "",
        "taskRunReasons": [],
        "parent": "fcca20e2-0b30-4263-af8a-117e72f5c1ae",
        "logId": "b6560983-9689-44cf-99bc-c38efa3d8bdd"
      },
      "log": {
        "_logger": {
          "category": "DurationEvent",
          "context": {},
          "callStackSkipIndex": 0
        },
        "_filelogger": {
          "category": "debug-file",
          "context": {},
          "callStackSkipIndex": 0
        },
        "anonymizeFileLogger": {
          "fileLogger": {
            "category": "debug-file",
            "context": {},
            "callStackSkipIndex": 0
          }
        }
      }
    },
    {
      "head": {
        "id": "ed63675e-73b5-4048-9f3c-caf76ff06b53",
        "name": "eval modules",
        "description": "Evaluate modules.",
        "type": "duration"
      },
      "body": {
        "pid": 24348,
        "tid": "Main Thread",
        "startTime": 21082102225000,
        "endTime": 21082154427500
      },
      "additional": {
        "children": [
          "43bd5596-3bc7-4cea-b777-a7d085051224"
        ],
        "state": "success",
        "targetName": "",
        "moduleName": "",
        "category": "",
        "taskRunReasons": [],
        "parent": "fcca20e2-0b30-4263-af8a-117e72f5c1ae",
        "logId": "3ecbbbfa-1a97-4e94-b097-3dee659be477"
      },
      "log": {
        "_logger": {
          "category": "DurationEvent",
          "context": {},
          "callStackSkipIndex": 0
        },
        "_filelogger": {
          "category": "debug-file",
          "context": {},
          "callStackSkipIndex": 0
        },
        "anonymizeFileLogger": {
          "fileLogger": {
            "category": "debug-file",
            "context": {},
            "callStackSkipIndex": 0
          }
        }
      }
    },
    {
      "head": {
        "id": "73db19ac-2f1c-48b6-8952-ca9486e80e99",
        "name": "add config dependencies",
        "description": "Add configuration dependencies.",
        "type": "duration"
      },
      "body": {
        "pid": 24348,
        "tid": "Main Thread",
        "startTime": 21082154481200,
        "endTime": 21082189634800
      },
      "additional": {
        "children": [],
        "state": "success",
        "targetName": "",
        "moduleName": "",
        "category": "",
        "taskRunReasons": [],
        "parent": "fcca20e2-0b30-4263-af8a-117e72f5c1ae",
        "logId": "cc6733f1-1e61-48cc-b88b-20faa52a3948"
      },
      "log": {
        "_logger": {
          "category": "DurationEvent",
          "context": {},
          "callStackSkipIndex": 0
        },
        "_filelogger": {
          "category": "debug-file",
          "context": {},
          "callStackSkipIndex": 0
        },
        "anonymizeFileLogger": {
          "fileLogger": {
            "category": "debug-file",
            "context": {},
            "callStackSkipIndex": 0
          }
        }
      }
    },
    {
      "head": {
        "id": "7c78b93d-07f2-4359-b2f8-2ebbff1477e8",
        "name": "ohpm install",
        "description": "Ohpm install event.",
        "type": "duration"
      },
      "body": {
        "pid": 24348,
        "tid": "Main Thread",
        "startTime": 21082190705100,
        "endTime": 21082207254200
      },
      "additional": {
        "children": [],
        "state": "success",
        "targetName": "",
        "moduleName": "",
        "category": "",
        "taskRunReasons": [],
        "parent": "fcca20e2-0b30-4263-af8a-117e72f5c1ae",
        "logId": "40466ba0-b8e8-428e-a268-73bfca9980c0"
      },
      "log": {
        "_logger": {
          "category": "DurationEvent",
          "context": {},
          "callStackSkipIndex": 0
        },
        "_filelogger": {
          "category": "debug-file",
          "context": {},
          "callStackSkipIndex": 0
        },
        "anonymizeFileLogger": {
          "fileLogger": {
            "category": "debug-file",
            "context": {},
            "callStackSkipIndex": 0
          }
        }
      }
    },
    {
      "head": {
        "id": "a204cf2b-b009-4b17-9d72-319f5a46ccac",
        "name": "eval hook",
        "description": "EvaluateEvent hook.",
        "type": "duration"
      },
      "body": {
        "pid": 24348,
        "tid": "Main Thread",
        "startTime": 21082207325300,
        "endTime": 21082234325700
      },
      "additional": {
        "children": [],
        "state": "success",
        "targetName": "",
        "moduleName": "",
        "category": "",
        "taskRunReasons": [],
        "parent": "fcca20e2-0b30-4263-af8a-117e72f5c1ae",
        "logId": "34d28ff2-d5dc-4013-a413-3424ed3f7bc8"
      },
      "log": {
        "_logger": {
          "category": "DurationEvent",
          "context": {},
          "callStackSkipIndex": 0
        },
        "_filelogger": {
          "category": "debug-file",
          "context": {},
          "callStackSkipIndex": 0
        },
        "anonymizeFileLogger": {
          "fileLogger": {
            "category": "debug-file",
            "context": {},
            "callStackSkipIndex": 0
          }
        }
      }
    },
    {
      "head": {
        "id": "331b79cb-c605-4156-8ac1-2a39962c1a86",
        "name": "fin configuration",
        "description": "Finish configuration.",
        "type": "duration"
      },
      "body": {
        "pid": 24348,
        "tid": "Main Thread",
        "startTime": 21082234351000,
        "endTime": 21082234646400
      },
      "additional": {
        "children": [],
        "state": "success",
        "targetName": "",
        "moduleName": "",
        "category": "",
        "taskRunReasons": [],
        "parent": "fcca20e2-0b30-4263-af8a-117e72f5c1ae",
        "logId": "1b44917f-31ee-47f4-acef-0aa87847965e"
      },
      "log": {
        "_logger": {
          "category": "DurationEvent",
          "context": {},
          "callStackSkipIndex": 0
        },
        "_filelogger": {
          "category": "debug-file",
          "context": {},
          "callStackSkipIndex": 0
        },
        "anonymizeFileLogger": {
          "fileLogger": {
            "category": "debug-file",
            "context": {},
            "callStackSkipIndex": 0
          }
        }
      }
    },
    {
      "head": {
        "id": "09666b41-a8f1-401a-9d2e-a879daa75f4c",
        "name": "init configuration",
        "description": "",
        "type": "log"
      },
      "body": {
        "pid": 24348,
        "tid": "Main Thread",
        "startTime": 21077734626200,
        "endTime": 21077734680500
      },
      "additional": {
        "logType": "info",
        "children": [],
        "durationId": "6ba36d0b-2f16-4b8f-8af8-d7b3953aacee",
        "parent": "57c4fd43-a0c4-4e8f-89d5-d953095640b2"
      }
    },
    {
      "head": {
        "id": "a8721f0b-8c36-4efb-90f1-b5297eb6b68a",
        "name": ":tasks",
        "description": "Displays the tasks of the HvigorCoreNode.",
        "type": "duration"
      },
      "body": {
        "pid": 24348,
        "tid": "Main Thread",
        "startTime": 21082239528000,
        "endTime": 21082240888400
      },
      "additional": {
        "children": [],
        "state": "success",
        "targetName": "",
        "moduleName": "",
        "category": "Help",
        "taskRunReasons": [],
        "detailId": "4428ed49-edbd-494c-99c4-ad7e12f35353",
        "logId": "4d57f19a-1db8-432a-a14d-62cc68555e67"
      },
      "log": {
        "_logger": {
          "category": "DurationEvent",
          "context": {},
          "callStackSkipIndex": 0
        },
        "_filelogger": {
          "category": "debug-file",
          "context": {},
          "callStackSkipIndex": 0
        },
        "anonymizeFileLogger": {
          "fileLogger": {
            "category": "debug-file",
            "context": {},
            "callStackSkipIndex": 0
          }
        }
      }
    },
    {
      "head": {
        "id": "4428ed49-edbd-494c-99c4-ad7e12f35353",
        "name": "create :tasks task",
        "description": "",
        "type": "log"
      },
      "body": {
        "pid": 24348,
        "tid": "Main Thread",
        "startTime": 21077736549000
      },
      "additional": {
        "logType": "detail",
        "children": [],
        "durationId": "a8721f0b-8c36-4efb-90f1-b5297eb6b68a"
      }
    },
    {
      "head": {
        "id": "06e3cec1-88b3-4181-af24-997a3b904732",
        "name": "configure project task",
        "description": "",
        "type": "log"
      },
      "body": {
        "pid": 24348,
        "tid": "Main Thread",
        "startTime": 21077734734700,
        "endTime": 21077737104900
      },
      "additional": {
        "logType": "info",
        "children": [],
        "durationId": "a6fea32e-ddbd-4b50-863c-e34b5d038ad3",
        "parent": "57c4fd43-a0c4-4e8f-89d5-d953095640b2"
      }
    },
    {
      "head": {
        "id": "6be51e5c-a72d-44a0-907a-0f3bb3dd586c",
        "name": "\"beforeNodeEvaluate\" hook function",
        "description": "",
        "type": "duration"
      },
      "body": {
        "pid": 24348,
        "tid": "Main Thread",
        "startTime": 21077737688300,
        "endTime": 21077737781600
      },
      "additional": {
        "children": [],
        "state": "success",
        "targetName": "",
        "moduleName": "",
        "category": "",
        "taskRunReasons": [],
        "parent": "dc44e8fb-589d-4d54-be89-2b264a3565ec",
        "logId": "a98f4b08-eb97-4c9a-861f-7148a2e4ce49"
      },
      "log": {
        "_logger": {
          "category": "DurationEvent",
          "context": {},
          "callStackSkipIndex": 0
        },
        "_filelogger": {
          "category": "debug-file",
          "context": {},
          "callStackSkipIndex": 0
        },
        "anonymizeFileLogger": {
          "fileLogger": {
            "category": "debug-file",
            "context": {},
            "callStackSkipIndex": 0
          }
        }
      }
    },
    {
      "head": {
        "id": "a98f4b08-eb97-4c9a-861f-7148a2e4ce49",
        "name": "\"beforeNodeEvaluate\" hook function",
        "description": "",
        "type": "log"
      },
      "body": {
        "pid": 24348,
        "tid": "Main Thread",
        "startTime": 21077737688300,
        "endTime": 21077737781600
      },
      "additional": {
        "logType": "info",
        "children": [],
        "durationId": "6be51e5c-a72d-44a0-907a-0f3bb3dd586c",
        "parent": "b6560983-9689-44cf-99bc-c38efa3d8bdd"
      }
    },
    {
      "head": {
        "id": "9529f40b-b4cb-402e-bfa0-aa9f58aca8c7",
        "name": "eval hvigorfile",
        "description": "Evaluate hvigorfile.",
        "type": "duration"
      },
      "body": {
        "pid": 24348,
        "tid": "Main Thread",
        "startTime": 21077738635000,
        "endTime": 21082101783400
      },
      "additional": {
        "children": [
          "8d98982c-ed94-40a8-8d28-23737784d05d",
          "2f46690f-b337-49d7-b112-e0d881e5246b"
        ],
        "state": "success",
        "targetName": "",
        "moduleName": "",
        "category": "",
        "taskRunReasons": [],
        "parent": "dc44e8fb-589d-4d54-be89-2b264a3565ec",
        "logId": "7ecdc8df-1ccf-4d07-ac0b-7dff10a45319"
      },
      "log": {
        "_logger": {
          "category": "DurationEvent",
          "context": {},
          "callStackSkipIndex": 0
        },
        "_filelogger": {
          "category": "debug-file",
          "context": {},
          "callStackSkipIndex": 0
        },
        "anonymizeFileLogger": {
          "fileLogger": {
            "category": "debug-file",
            "context": {},
            "callStackSkipIndex": 0
          }
        }
      }
    },
    {
      "head": {
        "id": "8d98982c-ed94-40a8-8d28-23737784d05d",
        "name": "require hvigorfile",
        "description": "Require hvigorfile.",
        "type": "duration"
      },
      "body": {
        "pid": 24348,
        "tid": "Main Thread",
        "startTime": 21077738637300,
        "endTime": 21081799043800
      },
      "additional": {
        "children": [],
        "state": "success",
        "targetName": "",
        "moduleName": "",
        "category": "",
        "taskRunReasons": [],
        "parent": "9529f40b-b4cb-402e-bfa0-aa9f58aca8c7",
        "logId": "4fd182eb-1f48-4e88-946d-5d9a4f8bd4bb"
      },
      "log": {
        "_logger": {
          "category": "DurationEvent",
          "context": {},
          "callStackSkipIndex": 0
        },
        "_filelogger": {
          "category": "debug-file",
          "context": {},
          "callStackSkipIndex": 0
        },
        "anonymizeFileLogger": {
          "fileLogger": {
            "category": "debug-file",
            "context": {},
            "callStackSkipIndex": 0
          }
        }
      }
    },
    {
      "head": {
        "id": "2f46690f-b337-49d7-b112-e0d881e5246b",
        "name": "bind plugins",
        "description": "Bind plugins.",
        "type": "duration"
      },
      "body": {
        "pid": 24348,
        "tid": "Main Thread",
        "startTime": 21081799069600,
        "endTime": 21082101762200
      },
      "additional": {
        "children": [],
        "state": "success",
        "targetName": "",
        "moduleName": "",
        "category": "",
        "taskRunReasons": [],
        "parent": "9529f40b-b4cb-402e-bfa0-aa9f58aca8c7",
        "logId": "ddbe2b8b-c6bc-43f7-9978-8a7b307ea330"
      },
      "log": {
        "_logger": {
          "category": "DurationEvent",
          "context": {},
          "callStackSkipIndex": 0
        },
        "_filelogger": {
          "category": "debug-file",
          "context": {},
          "callStackSkipIndex": 0
        },
        "anonymizeFileLogger": {
          "fileLogger": {
            "category": "debug-file",
            "context": {},
            "callStackSkipIndex": 0
          }
        }
      }
    },
    {
      "head": {
        "id": "e27fcca6-9264-429e-b5ac-4d1c3e6f55f4",
        "name": "hvigorfile, resolving D:\\MCMonitor\\hvigorfile.ts",
        "description": "",
        "type": "log"
      },
      "body": {
        "pid": 24348,
        "tid": "Main Thread",
        "startTime": 21077738650200
      },
      "additional": {
        "logType": "debug",
        "children": []
      }
    },
    {
      "head": {
        "id": "ab9d5cb7-6d25-4772-a5c0-17627107063c",
        "name": "hvigorfile, require result:  { default: { system: [Function: appTasks], plugins: [] } }",
        "description": "",
        "type": "log"
      },
      "body": {
        "pid": 24348,
        "tid": "Main Thread",
        "startTime": 21081798909300
      },
      "additional": {
        "logType": "debug",
        "children": []
      }
    },
    {
      "head": {
        "id": "4fd182eb-1f48-4e88-946d-5d9a4f8bd4bb",
        "name": "require hvigorfile",
        "description": "",
        "type": "log"
      },
      "body": {
        "pid": 24348,
        "tid": "Main Thread",
        "startTime": 21077738637300,
        "endTime": 21081799043800
      },
      "additional": {
        "logType": "info",
        "children": [],
        "durationId": "8d98982c-ed94-40a8-8d28-23737784d05d",
        "parent": "7ecdc8df-1ccf-4d07-ac0b-7dff10a45319"
      }
    },
    {
      "head": {
        "id": "da2c0c00-3311-44dc-8f93-72360d74383a",
        "name": "hvigorfile, binding system plugins [Function: appTasks]",
        "description": "",
        "type": "log"
      },
      "body": {
        "pid": 24348,
        "tid": "Main Thread",
        "startTime": 21081799191100
      },
      "additional": {
        "logType": "debug",
        "children": []
      }
    },
    {
      "head": {
        "id": "55b04dac-0af9-407a-8dd5-7343cc0237f0",
        "name": "Starting plugin build process",
        "description": "",
        "type": "log"
      },
      "body": {
        "pid": 24348,
        "tid": "Main Thread",
        "startTime": 21081799841400
      },
      "additional": {
        "logType": "debug",
        "children": []
      }
    },
    {
      "head": {
        "id": "0417c426-9a22-4dfc-88ab-5cf063fdf8dd",
        "name": "App plugin prepare start...",
        "description": "",
        "type": "log"
      },
      "body": {
        "pid": 24348,
        "tid": "Main Thread",
        "startTime": 21081799945300
      },
      "additional": {
        "logType": "debug",
        "children": []
      }
    },
    {
      "head": {
        "id": "40d47b9a-35e7-482c-9b85-e85e41a3344b",
        "name": "App plugin prepare end...",
        "description": "",
        "type": "log"
      },
      "body": {
        "pid": 24348,
        "tid": "Main Thread",
        "startTime": 21081800077000
      },
      "additional": {
        "logType": "debug",
        "children": []
      }
    },
    {
      "head": {
        "id": "d85c9e7c-65c4-45fa-89fc-82b97a1d0496",
        "name": "App plugin creating...",
        "description": "",
        "type": "log"
      },
      "body": {
        "pid": 24348,
        "tid": "Main Thread",
        "startTime": 21081800171400
      },
      "additional": {
        "logType": "debug",
        "children": []
      }
    },
    {
      "head": {
        "id": "a4015103-4db2-4cd1-91e2-feeab1fd463e",
        "name": "App plugin register hook start...",
        "description": "",
        "type": "log"
      },
      "body": {
        "pid": 24348,
        "tid": "Main Thread",
        "startTime": 21082030056200
      },
      "additional": {
        "logType": "debug",
        "children": []
      }
    },
    {
      "head": {
        "id": "36606323-740c-42d9-97c8-a6ca50056f48",
        "name": "App plugin register hook end...",
        "description": "",
        "type": "log"
      },
      "body": {
        "pid": 24348,
        "tid": "Main Thread",
        "startTime": 21082030591500
      },
      "additional": {
        "logType": "debug",
        "children": []
      }
    },
    {
      "head": {
        "id": "95316253-9334-4a61-b098-eb8ea57ece38",
        "name": "Plugin build process completed",
        "description": "",
        "type": "log"
      },
      "body": {
        "pid": 24348,
        "tid": "Main Thread",
        "startTime": 21082030681600
      },
      "additional": {
        "logType": "debug",
        "children": []
      }
    },
    {
      "head": {
        "id": "3f802db5-05ce-456e-9055-1baa7ba3b268",
        "name": "Start initialize project's product build option map with build mode debug.",
        "description": "",
        "type": "log"
      },
      "body": {
        "pid": 24348,
        "tid": "Main Thread",
        "startTime": 21082032019000
      },
      "additional": {
        "logType": "debug",
        "children": []
      }
    },
    {
      "head": {
        "id": "457da8f9-7240-4a17-91e3-71ccb28eefd2",
        "name": "Picking option from product 'default' with build mode 'debug'.",
        "description": "",
        "type": "log"
      },
      "body": {
        "pid": 24348,
        "tid": "Main Thread",
        "startTime": 21082032210200
      },
      "additional": {
        "logType": "debug",
        "children": []
      }
    },
    {
      "head": {
        "id": "5f714550-7085-4ddd-8222-f3c8ab9bebba",
        "name": "Product 'default' build option initialized",
        "description": "",
        "type": "log"
      },
      "body": {
        "pid": 24348,
        "tid": "Main Thread",
        "startTime": 21082032637400
      },
      "additional": {
        "logType": "debug",
        "children": []
      }
    },
    {
      "head": {
        "id": "812a0c35-5932-4cac-a5d8-1077ec7a3014",
        "name": "End initialize project's product build option map with build mode 'debug'.",
        "description": "",
        "type": "log"
      },
      "body": {
        "pid": 24348,
        "tid": "Main Thread",
        "startTime": 21082032740500
      },
      "additional": {
        "logType": "debug",
        "children": []
      }
    },
    {
      "head": {
        "id": "ef98e878-7f6b-4fbd-919e-7ccc817291a0",
        "name": "Obtain build option for product 'default'in this build.",
        "description": "",
        "type": "log"
      },
      "body": {
        "pid": 24348,
        "tid": "Main Thread",
        "startTime": 21082034806600
      },
      "additional": {
        "logType": "debug",
        "children": []
      }
    },
    {
      "head": {
        "id": "97312513-1849-4322-a539-8cf055042572",
        "name": "No signingConfig found, initRemoteHspCache failed.",
        "description": "",
        "type": "log"
      },
      "body": {
        "pid": 24348,
        "tid": "Main Thread",
        "startTime": 21082036417200
      },
      "additional": {
        "logType": "debug",
        "children": []
      }
    },
    {
      "head": {
        "id": "e2932594-dc0a-4456-bc9c-a878d49159a5",
        "name": "harmonyOS sdk scan",
        "description": "HarmonyOS sdk scan",
        "type": "duration"
      },
      "body": {
        "pid": 24348,
        "tid": "Main Thread",
        "startTime": 21082039058900,
        "endTime": 21082042256800
      },
      "additional": {
        "children": [],
        "state": "success",
        "targetName": "",
        "moduleName": "",
        "category": "Other",
        "taskRunReasons": []
      },
      "log": {
        "_logger": {
          "category": "DurationEvent",
          "context": {},
          "callStackSkipIndex": 0
        },
        "_filelogger": {
          "category": "debug-file",
          "context": {},
          "callStackSkipIndex": 0
        },
        "anonymizeFileLogger": {
          "fileLogger": {
            "category": "debug-file",
            "context": {},
            "callStackSkipIndex": 0
          }
        }
      }
    },
    {
      "head": {
        "id": "3e937981-b8cd-4960-86e0-16988e1bdbcf",
        "name": "Local scan or download HarmonyOS sdk components toolchains,ets,js,native,previewer",
        "description": "",
        "type": "log"
      },
      "body": {
        "pid": 24348,
        "tid": "Main Thread",
        "startTime": 21082039075900
      },
      "additional": {
        "logType": "debug",
        "children": []
      }
    },
    {
      "head": {
        "id": "343fe78f-20f7-4644-ab77-ae1050662b55",
        "name": "hmscore sdk scan",
        "description": "Hmscore sdk scan",
        "type": "duration"
      },
      "body": {
        "pid": 24348,
        "tid": "Main Thread",
        "startTime": 21082042767900,
        "endTime": 21082043899800
      },
      "additional": {
        "children": [],
        "state": "success",
        "targetName": "",
        "moduleName": "",
        "category": "Other",
        "taskRunReasons": []
      },
      "log": {
        "_logger": {
          "category": "DurationEvent",
          "context": {},
          "callStackSkipIndex": 0
        },
        "_filelogger": {
          "category": "debug-file",
          "context": {},
          "callStackSkipIndex": 0
        },
        "anonymizeFileLogger": {
          "fileLogger": {
            "category": "debug-file",
            "context": {},
            "callStackSkipIndex": 0
          }
        }
      }
    },
    {
      "head": {
        "id": "051f1afd-b95a-4261-8dd8-70d7e7df02bc",
        "name": "Local scan or download hmscore sdk components toolchains,ets,native",
        "description": "",
        "type": "log"
      },
      "body": {
        "pid": 24348,
        "tid": "Main Thread",
        "startTime": 21082042784400
      },
      "additional": {
        "logType": "debug",
        "children": []
      }
    },
    {
      "head": {
        "id": "3950d0ec-2ab1-48fd-9040-4c9f2a454bfd",
        "name": "Start recording SDK configuration permission data.",
        "description": "",
        "type": "log"
      },
      "body": {
        "pid": 24348,
        "tid": "Main Thread",
        "startTime": 21082045776400
      },
      "additional": {
        "logType": "debug",
        "children": []
      }
    },
    {
      "head": {
        "id": "6872d040-2141-4aad-b5b8-2c81a79d62f5",
        "name": "Sdk init in 57 ms ",
        "description": "",
        "type": "log"
      },
      "body": {
        "pid": 24348,
        "tid": "Main Thread",
        "startTime": 21082094309400
      },
      "additional": {
        "logType": "debug",
        "children": []
      }
    },
    {
      "head": {
        "id": "9328ade1-809a-4771-aa05-71dee82369c0",
        "name": "sdkVersion",
        "description": "6.0.2.130",
        "type": "mark"
      },
      "body": {
        "pid": 24348,
        "tid": "Main Thread",
        "startTime": 21082094623500
      },
      "additional": {
        "time": {
          "year": 2026,
          "month": 2,
          "day": 15,
          "hour": 17,
          "minute": 2,
          "second": 50
        },
        "markType": "other"
      }
    },
    {
      "head": {
        "id": "2625f353-2078-4b29-ba26-2ce72afdb789",
        "name": "caseSensitiveCheckOff",
        "description": "caseSensitiveCheck check is off",
        "type": "mark"
      },
      "body": {
        "pid": 24348,
        "tid": "Main Thread",
        "startTime": 21082094728400
      },
      "additional": {
        "time": {
          "year": 2026,
          "month": 2,
          "day": 15,
          "hour": 17,
          "minute": 2,
          "second": 50
        },
        "markType": "other"
      }
    },
    {
      "head": {
        "id": "9d467fcc-37f9-4c76-9248-72f2b6e0ab2e",
        "name": "Project task initialization takes 6 ms ",
        "description": "",
        "type": "log"
      },
      "body": {
        "pid": 24348,
        "tid": "Main Thread",
        "startTime": 21082101148500
      },
      "additional": {
        "logType": "debug",
        "children": []
      }
    },
    {
      "head": {
        "id": "dd59d868-ceef-41fd-a159-2d9f2f67c956",
        "name": "hvigorfile, binding custom plugins []",
        "description": "",
        "type": "log"
      },
      "body": {
        "pid": 24348,
        "tid": "Main Thread",
        "startTime": 21082101504200
      },
      "additional": {
        "logType": "debug",
        "children": []
      }
    },
    {
      "head": {
        "id": "960de36d-c4a0-4bd1-b275-2bd145aa0371",
        "name": "hvigorfile, no custom plugins were found in D:\\MCMonitor\\hvigorfile.ts",
        "description": "",
        "type": "log"
      },
      "body": {
        "pid": 24348,
        "tid": "Main Thread",
        "startTime": 21082101593500
      },
      "additional": {
        "logType": "debug",
        "children": []
      }
    },
    {
      "head": {
        "id": "4c0e1f7d-fd0f-4f95-ba9a-c4a5fff967d7",
        "name": "hvigorfile, resolve finished D:\\MCMonitor\\hvigorfile.ts",
        "description": "",
        "type": "log"
      },
      "body": {
        "pid": 24348,
        "tid": "Main Thread",
        "startTime": 21082101655500
      },
      "additional": {
        "logType": "debug",
        "children": []
      }
    },
    {
      "head": {
        "id": "ddbe2b8b-c6bc-43f7-9978-8a7b307ea330",
        "name": "bind plugins",
        "description": "",
        "type": "log"
      },
      "body": {
        "pid": 24348,
        "tid": "Main Thread",
        "startTime": 21081799069600,
        "endTime": 21082101762200
      },
      "additional": {
        "logType": "info",
        "children": [],
        "durationId": "2f46690f-b337-49d7-b112-e0d881e5246b",
        "parent": "7ecdc8df-1ccf-4d07-ac0b-7dff10a45319"
      }
    },
    {
      "head": {
        "id": "7ecdc8df-1ccf-4d07-ac0b-7dff10a45319",
        "name": "eval hvigorfile",
        "description": "",
        "type": "log"
      },
      "body": {
        "pid": 24348,
        "tid": "Main Thread",
        "startTime": 21077738635000,
        "endTime": 21082101783400
      },
      "additional": {
        "logType": "info",
        "children": [
          "4fd182eb-1f48-4e88-946d-5d9a4f8bd4bb",
          "ddbe2b8b-c6bc-43f7-9978-8a7b307ea330"
        ],
        "durationId": "9529f40b-b4cb-402e-bfa0-aa9f58aca8c7",
        "parent": "b6560983-9689-44cf-99bc-c38efa3d8bdd"
      }
    },
    {
      "head": {
        "id": "e8d5a7a5-f52d-4ada-aac5-7bbfe012a100",
        "name": "\"afterNodeEvaluate\" hook function",
        "description": "",
        "type": "duration"
      },
      "body": {
        "pid": 24348,
        "tid": "Main Thread",
        "startTime": 21082101910200,
        "endTime": 21082101943500
      },
      "additional": {
        "children": [],
        "state": "success",
        "targetName": "",
        "moduleName": "",
        "category": "",
        "taskRunReasons": [],
        "parent": "dc44e8fb-589d-4d54-be89-2b264a3565ec",
        "logId": "91fa14a3-eca5-44e3-9c41-8bf66d37b966"
      },
      "log": {
        "_logger": {
          "category": "DurationEvent",
          "context": {},
          "callStackSkipIndex": 0
        },
        "_filelogger": {
          "category": "debug-file",
          "context": {},
          "callStackSkipIndex": 0
        },
        "anonymizeFileLogger": {
          "fileLogger": {
            "category": "debug-file",
            "context": {},
            "callStackSkipIndex": 0
          }
        }
      }
    },
    {
      "head": {
        "id": "91fa14a3-eca5-44e3-9c41-8bf66d37b966",
        "name": "\"afterNodeEvaluate\" hook function",
        "description": "",
        "type": "log"
      },
      "body": {
        "pid": 24348,
        "tid": "Main Thread",
        "startTime": 21082101910200,
        "endTime": 21082101943500
      },
      "additional": {
        "logType": "info",
        "children": [],
        "durationId": "e8d5a7a5-f52d-4ada-aac5-7bbfe012a100",
        "parent": "b6560983-9689-44cf-99bc-c38efa3d8bdd"
      }
    },
    {
      "head": {
        "id": "b6560983-9689-44cf-99bc-c38efa3d8bdd",
        "name": "eval project",
        "description": "",
        "type": "log"
      },
      "body": {
        "pid": 24348,
        "tid": "Main Thread",
        "startTime": 21077737326600,
        "endTime": 21082101976900
      },
      "additional": {
        "logType": "info",
        "children": [
          "a98f4b08-eb97-4c9a-861f-7148a2e4ce49",
          "7ecdc8df-1ccf-4d07-ac0b-7dff10a45319",
          "91fa14a3-eca5-44e3-9c41-8bf66d37b966"
        ],
        "durationId": "dc44e8fb-589d-4d54-be89-2b264a3565ec",
        "parent": "57c4fd43-a0c4-4e8f-89d5-d953095640b2"
      }
    },
    {
      "head": {
        "id": "43bd5596-3bc7-4cea-b777-a7d085051224",
        "name": "eval submodule",
        "description": "Evaluate submodule.",
        "type": "duration"
      },
      "body": {
        "pid": 24348,
        "tid": "Main Thread",
        "startTime": 21082102238200,
        "endTime": 21082154396600
      },
      "additional": {
        "children": [
          "9ef33034-e70a-4524-aee6-cc6f4e34bd67",
          "414ec589-0c09-4c8b-9b79-f8014d78ea93",
          "e21ed722-5a30-47e5-a6ef-10ccd86177b3"
        ],
        "state": "success",
        "targetName": "",
        "moduleName": "",
        "category": "",
        "taskRunReasons": [],
        "parent": "ed63675e-73b5-4048-9f3c-caf76ff06b53",
        "logId": "ff087488-686a-412f-b95e-97073612543f"
      },
      "log": {
        "_logger": {
          "category": "DurationEvent",
          "context": {},
          "callStackSkipIndex": 0
        },
        "_filelogger": {
          "category": "debug-file",
          "context": {},
          "callStackSkipIndex": 0
        },
        "anonymizeFileLogger": {
          "fileLogger": {
            "category": "debug-file",
            "context": {},
            "callStackSkipIndex": 0
          }
        }
      }
    },
    {
      "head": {
        "id": "55ba5584-04fc-4943-b4f2-1ffa5e34c598",
        "name": "entry:tasks",
        "description": "Displays the tasks of the HvigorCoreNode.",
        "type": "duration"
      },
      "body": {
        "pid": 24348,
        "tid": "Main Thread",
        "startTime": 21082237757700,
        "endTime": 21082238860400
      },
      "additional": {
        "children": [],
        "state": "success",
        "targetName": "",
        "moduleName": "entry",
        "category": "Help",
        "taskRunReasons": [],
        "detailId": "5e934c64-194c-4528-9d53-97ba57f64af7",
        "logId": "6ed26554-4d73-4321-88bb-ecbdff789fbc"
      },
      "log": {
        "_logger": {
          "category": "DurationEvent",
          "context": {},
          "callStackSkipIndex": 0
        },
        "_filelogger": {
          "category": "debug-file",
          "context": {},
          "callStackSkipIndex": 0
        },
        "anonymizeFileLogger": {
          "fileLogger": {
            "category": "debug-file",
            "context": {},
            "callStackSkipIndex": 0
          }
        }
      }
    },
    {
      "head": {
        "id": "5e934c64-194c-4528-9d53-97ba57f64af7",
        "name": "create entry:tasks task",
        "description": "",
        "type": "log"
      },
      "body": {
        "pid": 24348,
        "tid": "Main Thread",
        "startTime": 21082102309000
      },
      "additional": {
        "logType": "detail",
        "children": [],
        "durationId": "55ba5584-04fc-4943-b4f2-1ffa5e34c598"
      }
    },
    {
      "head": {
        "id": "9ef33034-e70a-4524-aee6-cc6f4e34bd67",
        "name": "\"beforeNodeEvaluate\" hook function",
        "description": "",
        "type": "duration"
      },
      "body": {
        "pid": 24348,
        "tid": "Main Thread",
        "startTime": 21082102378800,
        "endTime": 21082102394600
      },
      "additional": {
        "children": [],
        "state": "success",
        "targetName": "",
        "moduleName": "",
        "category": "",
        "taskRunReasons": [],
        "parent": "43bd5596-3bc7-4cea-b777-a7d085051224",
        "logId": "c18a58e2-8172-4801-a124-186cc1022023"
      },
      "log": {
        "_logger": {
          "category": "DurationEvent",
          "context": {},
          "callStackSkipIndex": 0
        },
        "_filelogger": {
          "category": "debug-file",
          "context": {},
          "callStackSkipIndex": 0
        },
        "anonymizeFileLogger": {
          "fileLogger": {
            "category": "debug-file",
            "context": {},
            "callStackSkipIndex": 0
          }
        }
      }
    },
    {
      "head": {
        "id": "c18a58e2-8172-4801-a124-186cc1022023",
        "name": "\"beforeNodeEvaluate\" hook function",
        "description": "",
        "type": "log"
      },
      "body": {
        "pid": 24348,
        "tid": "Main Thread",
        "startTime": 21082102378800,
        "endTime": 21082102394600
      },
      "additional": {
        "logType": "info",
        "children": [],
        "durationId": "9ef33034-e70a-4524-aee6-cc6f4e34bd67",
        "parent": "ff087488-686a-412f-b95e-97073612543f"
      }
    },
    {
      "head": {
        "id": "414ec589-0c09-4c8b-9b79-f8014d78ea93",
        "name": "eval hvigorfile",
        "description": "Evaluate hvigorfile.",
        "type": "duration"
      },
      "body": {
        "pid": 24348,
        "tid": "Main Thread",
        "startTime": 21082102694400,
        "endTime": 21082153850700
      },
      "additional": {
        "children": [
          "7dce4887-c2ab-4cef-82d5-85fae1dc04e4",
          "37045db2-b36b-4d51-97b3-2344ccb7dedd"
        ],
        "state": "success",
        "targetName": "",
        "moduleName": "",
        "category": "",
        "taskRunReasons": [],
        "parent": "43bd5596-3bc7-4cea-b777-a7d085051224",
        "logId": "753bd070-1247-4a21-92e9-aefb8fca7a92"
      },
      "log": {
        "_logger": {
          "category": "DurationEvent",
          "context": {},
          "callStackSkipIndex": 0
        },
        "_filelogger": {
          "category": "debug-file",
          "context": {},
          "callStackSkipIndex": 0
        },
        "anonymizeFileLogger": {
          "fileLogger": {
            "category": "debug-file",
            "context": {},
            "callStackSkipIndex": 0
          }
        }
      }
    },
    {
      "head": {
        "id": "7dce4887-c2ab-4cef-82d5-85fae1dc04e4",
        "name": "require hvigorfile",
        "description": "Require hvigorfile.",
        "type": "duration"
      },
      "body": {
        "pid": 24348,
        "tid": "Main Thread",
        "startTime": 21082102694800,
        "endTime": 21082115649000
      },
      "additional": {
        "children": [],
        "state": "success",
        "targetName": "",
        "moduleName": "",
        "category": "",
        "taskRunReasons": [],
        "parent": "414ec589-0c09-4c8b-9b79-f8014d78ea93",
        "logId": "c3ed2fd2-37c0-456d-95c4-71c38064fb8b"
      },
      "log": {
        "_logger": {
          "category": "DurationEvent",
          "context": {},
          "callStackSkipIndex": 0
        },
        "_filelogger": {
          "category": "debug-file",
          "context": {},
          "callStackSkipIndex": 0
        },
        "anonymizeFileLogger": {
          "fileLogger": {
            "category": "debug-file",
            "context": {},
            "callStackSkipIndex": 0
          }
        }
      }
    },
    {
      "head": {
        "id": "37045db2-b36b-4d51-97b3-2344ccb7dedd",
        "name": "bind plugins",
        "description": "Bind plugins.",
        "type": "duration"
      },
      "body": {
        "pid": 24348,
        "tid": "Main Thread",
        "startTime": 21082115672600,
        "endTime": 21082153840900
      },
      "additional": {
        "children": [],
        "state": "success",
        "targetName": "",
        "moduleName": "",
        "category": "",
        "taskRunReasons": [],
        "parent": "414ec589-0c09-4c8b-9b79-f8014d78ea93",
        "logId": "bb98b7fd-a1e0-46b5-aa45-6c3cccbab008"
      },
      "log": {
        "_logger": {
          "category": "DurationEvent",
          "context": {},
          "callStackSkipIndex": 0
        },
        "_filelogger": {
          "category": "debug-file",
          "context": {},
          "callStackSkipIndex": 0
        },
        "anonymizeFileLogger": {
          "fileLogger": {
            "category": "debug-file",
            "context": {},
            "callStackSkipIndex": 0
          }
        }
      }
    },
    {
      "head": {
        "id": "a94518aa-f5ad-45ce-bc61-dfd039f2d350",
        "name": "hvigorfile, resolving D:\\MCMonitor\\entry\\hvigorfile.ts",
        "description": "",
        "type": "log"
      },
      "body": {
        "pid": 24348,
        "tid": "Main Thread",
        "startTime": 21082102698200
      },
      "additional": {
        "logType": "debug",
        "children": []
      }
    },
    {
      "head": {
        "id": "faa84436-a20f-44aa-99b5-f40cb0b82f16",
        "name": "hvigorfile, require result:  { default: { system: [Function: hapTasks], plugins: [] } }",
        "description": "",
        "type": "log"
      },
      "body": {
        "pid": 24348,
        "tid": "Main Thread",
        "startTime": 21082115450700
      },
      "additional": {
        "logType": "debug",
        "children": []
      }
    },
    {
      "head": {
        "id": "c3ed2fd2-37c0-456d-95c4-71c38064fb8b",
        "name": "require hvigorfile",
        "description": "",
        "type": "log"
      },
      "body": {
        "pid": 24348,
        "tid": "Main Thread",
        "startTime": 21082102694800,
        "endTime": 21082115649000
      },
      "additional": {
        "logType": "info",
        "children": [],
        "durationId": "7dce4887-c2ab-4cef-82d5-85fae1dc04e4",
        "parent": "753bd070-1247-4a21-92e9-aefb8fca7a92"
      }
    },
    {
      "head": {
        "id": "681a01fb-ebee-495e-9ad8-ecb7e46c8dae",
        "name": "hvigorfile, binding system plugins [Function: hapTasks]",
        "description": "",
        "type": "log"
      },
      "body": {
        "pid": 24348,
        "tid": "Main Thread",
        "startTime": 21082115694800
      },
      "additional": {
        "logType": "debug",
        "children": []
      }
    },
    {
      "head": {
        "id": "e55a88e2-f086-4838-8a52-4ff925defc1b",
        "name": "Starting plugin build process",
        "description": "",
        "type": "log"
      },
      "body": {
        "pid": 24348,
        "tid": "Main Thread",
        "startTime": 21082116039300
      },
      "additional": {
        "logType": "debug",
        "children": []
      }
    },
    {
      "head": {
        "id": "9a099890-32e3-4739-a257-3089dfe53b1d",
        "name": "Hap plugin creating...",
        "description": "",
        "type": "log"
      },
      "body": {
        "pid": 24348,
        "tid": "Main Thread",
        "startTime": 21082116255200
      },
      "additional": {
        "logType": "debug",
        "children": []
      }
    },
    {
      "head": {
        "id": "8e45a5dc-88c7-48c4-8ba8-6fc61374e2da",
        "name": "failed to load cangjie to dynamically generate schemas: Error: Cannot find module '@ohos/cangjie-build-support/index'\nRequire stack:\n- D:\\Harmony\\DevEco Studio\\tools\\hvigor\\hvigor-ohos-plugin\\src\\plugin\\hooks\\cangjie-register.js\n- D:\\Harmony\\DevEco Studio\\tools\\hvigor\\hvigor-ohos-plugin\\src\\plugin\\strategy\\stage-init-strategy.js\n- D:\\Harmony\\DevEco Studio\\tools\\hvigor\\hvigor-ohos-plugin\\src\\plugin\\builder\\abstract-plugin-builder.js\n- D:\\Harmony\\DevEco Studio\\tools\\hvigor\\hvigor-ohos-plugin\\src\\plugin\\builder\\app-plugin-builder.js\n- D:\\Harmony\\DevEco Studio\\tools\\hvigor\\hvigor-ohos-plugin\\src\\plugin\\factory\\plugin-factory.js\n- D:\\Harmony\\DevEco Studio\\tools\\hvigor\\hvigor-ohos-plugin\\index.js\n- D:\\MCMonitor\\hvigorfile.ts\n- D:\\Harmony\\DevEco Studio\\tools\\hvigor\\hvigor\\src\\base\\internal\\lifecycle\\configuration.js\n- D:\\Harmony\\DevEco Studio\\tools\\hvigor\\hvigor\\src\\base\\boot\\index.js\n- D:\\Harmony\\DevEco Studio\\tools\\hvigor\\hvigor\\src\\base\\daemon\\cluster\\worker-process-lifecycle.js\n- D:\\Harmony\\DevEco Studio\\tools\\hvigor\\hvigor\\src\\base\\daemon\\process\\daemon-process-boot-script.js",
        "description": "",
        "type": "log"
      },
      "body": {
        "pid": 24348,
        "tid": "Main Thread",
        "startTime": 21082118951700
      },
      "additional": {
        "logType": "debug",
        "children": []
      }
    },
    {
      "head": {
        "id": "be67265c-7712-4149-9953-ed5ba356cd26",
        "name": "Start initialize module-target build option map, moduleName=entry, buildMode=release",
        "description": "",
        "type": "log"
      },
      "body": {
        "pid": 24348,
        "tid": "Main Thread",
        "startTime": 21082138544400
      },
      "additional": {
        "logType": "debug",
        "children": []
      }
    },
    {
      "head": {
        "id": "619920eb-9aea-4f41-a4ab-8451be926f93",
        "name": "Target 'default' config initialized",
        "description": "",
        "type": "log"
      },
      "body": {
        "pid": 24348,
        "tid": "Main Thread",
        "startTime": 21082138963500
      },
      "additional": {
        "logType": "debug",
        "children": []
      }
    },
    {
      "head": {
        "id": "a0b0cadd-22d7-4a92-97cc-396888af56d6",
        "name": "Module 'entry' target 'default' build option initialized",
        "description": "",
        "type": "log"
      },
      "body": {
        "pid": 24348,
        "tid": "Main Thread",
        "startTime": 21082139528700
      },
      "additional": {
        "logType": "debug",
        "children": []
      }
    },
    {
      "head": {
        "id": "1c03ae22-0d9c-4a53-b6e5-15a54e3c4b21",
        "name": "End initialize module-target build option map, moduleName=entry",
        "description": "",
        "type": "log"
      },
      "body": {
        "pid": 24348,
        "tid": "Main Thread",
        "startTime": 21082139619300
      },
      "additional": {
        "logType": "debug",
        "children": []
      }
    },
    {
      "head": {
        "id": "dd38fca1-c0f1-4187-9453-ca911a13bcea",
        "name": "Start initialize module-target build option map, moduleName=entry, buildMode=debug",
        "description": "",
        "type": "log"
      },
      "body": {
        "pid": 24348,
        "tid": "Main Thread",
        "startTime": 21082139735900
      },
      "additional": {
        "logType": "debug",
        "children": []
      }
    },
    {
      "head": {
        "id": "a263b268-46b0-4f45-95c5-c7ffa091c77a",
        "name": "Target 'default' config initialized",
        "description": "",
        "type": "log"
      },
      "body": {
        "pid": 24348,
        "tid": "Main Thread",
        "startTime": 21082139830900
      },
      "additional": {
        "logType": "debug",
        "children": []
      }
    },
    {
      "head": {
        "id": "e64fda01-ff4a-49ac-90eb-dea1f81e6dee",
        "name": "Module 'entry' target 'default' build option initialized",
        "description": "",
        "type": "log"
      },
      "body": {
        "pid": 24348,
        "tid": "Main Thread",
        "startTime": 21082143127200
      },
      "additional": {
        "logType": "debug",
        "children": []
      }
    },
    {
      "head": {
        "id": "e36915c2-fd59-4574-93ae-5c2dcb05feac",
        "name": "End initialize module-target build option map, moduleName=entry",
        "description": "",
        "type": "log"
      },
      "body": {
        "pid": 24348,
        "tid": "Main Thread",
        "startTime": 21082143418400
      },
      "additional": {
        "logType": "debug",
        "children": []
      }
    },
    {
      "head": {
        "id": "96acca5f-1d07-4db9-ac9e-ddb88ed748c0",
        "name": "Start initialize module-target build option map, moduleName=entry, buildMode=debug",
        "description": "",
        "type": "log"
      },
      "body": {
        "pid": 24348,
        "tid": "Main Thread",
        "startTime": 21082143878000
      },
      "additional": {
        "logType": "debug",
        "children": []
      }
    },
    {
      "head": {
        "id": "76e0c14b-8f86-42ca-8a57-89447e2b9d25",
        "name": "Target 'default' config initialized",
        "description": "",
        "type": "log"
      },
      "body": {
        "pid": 24348,
        "tid": "Main Thread",
        "startTime": 21082144028300
      },
      "additional": {
        "logType": "debug",
        "children": []
      }
    },
    {
      "head": {
        "id": "3093a578-af26-4194-a784-bced9e7069ee",
        "name": "Module 'entry' target 'default' build option initialized",
        "description": "",
        "type": "log"
      },
      "body": {
        "pid": 24348,
        "tid": "Main Thread",
        "startTime": 21082144568400
      },
      "additional": {
        "logType": "debug",
        "children": []
      }
    },
    {
      "head": {
        "id": "2cf5f981-0d30-40fb-a991-ade8a3ef4eb8",
        "name": "End initialize module-target build option map, moduleName=entry",
        "description": "",
        "type": "log"
      },
      "body": {
        "pid": 24348,
        "tid": "Main Thread",
        "startTime": 21082144671700
      },
      "additional": {
        "logType": "debug",
        "children": []
      }
    },
    {
      "head": {
        "id": "d3788d77-6ed2-4bb5-bf4d-bbc66a1edb89",
        "name": "Obtain build option for module 'entry' target 'default'in this build.",
        "description": "",
        "type": "log"
      },
      "body": {
        "pid": 24348,
        "tid": "Main Thread",
        "startTime": 21082145092800
      },
      "additional": {
        "logType": "debug",
        "children": []
      }
    },
    {
      "head": {
        "id": "562ba452-b2ad-4bf3-8efb-65dcc54a8ac1",
        "name": "Module entry task initialization takes 7 ms ",
        "description": "",
        "type": "log"
      },
      "body": {
        "pid": 24348,
        "tid": "Main Thread",
        "startTime": 21082153221600
      },
      "additional": {
        "logType": "debug",
        "children": []
      }
    },
    {
      "head": {
        "id": "b8455f4d-1c52-492e-a63c-5e689bf1db03",
        "name": "Hap plugin register hook start...",
        "description": "",
        "type": "log"
      },
      "body": {
        "pid": 24348,
        "tid": "Main Thread",
        "startTime": 21082153448500
      },
      "additional": {
        "logType": "debug",
        "children": []
      }
    },
    {
      "head": {
        "id": "b4eb43bf-4358-4b09-b833-4f2154beb9e1",
        "name": "Hap plugin register hook end...",
        "description": "",
        "type": "log"
      },
      "body": {
        "pid": 24348,
        "tid": "Main Thread",
        "startTime": 21082153545100
      },
      "additional": {
        "logType": "debug",
        "children": []
      }
    },
    {
      "head": {
        "id": "032819d4-5022-44f5-a8d5-5088c6389add",
        "name": "Plugin build process completed",
        "description": "",
        "type": "log"
      },
      "body": {
        "pid": 24348,
        "tid": "Main Thread",
        "startTime": 21082153603000
      },
      "additional": {
        "logType": "debug",
        "children": []
      }
    },
    {
      "head": {
        "id": "86271851-512e-4dad-bc5c-da4e2c360112",
        "name": "hvigorfile, binding custom plugins []",
        "description": "",
        "type": "log"
      },
      "body": {
        "pid": 24348,
        "tid": "Main Thread",
        "startTime": 21082153683700
      },
      "additional": {
        "logType": "debug",
        "children": []
      }
    },
    {
      "head": {
        "id": "9a900bf4-289c-4125-ae34-bf006c3c5379",
        "name": "hvigorfile, no custom plugins were found in D:\\MCMonitor\\entry\\hvigorfile.ts",
        "description": "",
        "type": "log"
      },
      "body": {
        "pid": 24348,
        "tid": "Main Thread",
        "startTime": 21082153742700
      },
      "additional": {
        "logType": "debug",
        "children": []
      }
    },
    {
      "head": {
        "id": "1b5dd316-b17e-4fa4-97d5-c27b597eb25b",
        "name": "hvigorfile, resolve finished D:\\MCMonitor\\entry\\hvigorfile.ts",
        "description": "",
        "type": "log"
      },
      "body": {
        "pid": 24348,
        "tid": "Main Thread",
        "startTime": 21082153794400
      },
      "additional": {
        "logType": "debug",
        "children": []
      }
    },
    {
      "head": {
        "id": "bb98b7fd-a1e0-46b5-aa45-6c3cccbab008",
        "name": "bind plugins",
        "description": "",
        "type": "log"
      },
      "body": {
        "pid": 24348,
        "tid": "Main Thread",
        "startTime": 21082115672600,
        "endTime": 21082153840900
      },
      "additional": {
        "logType": "info",
        "children": [],
        "durationId": "37045db2-b36b-4d51-97b3-2344ccb7dedd",
        "parent": "753bd070-1247-4a21-92e9-aefb8fca7a92"
      }
    },
    {
      "head": {
        "id": "753bd070-1247-4a21-92e9-aefb8fca7a92",
        "name": "eval hvigorfile",
        "description": "",
        "type": "log"
      },
      "body": {
        "pid": 24348,
        "tid": "Main Thread",
        "startTime": 21082102694400,
        "endTime": 21082153850700
      },
      "additional": {
        "logType": "info",
        "children": [
          "c3ed2fd2-37c0-456d-95c4-71c38064fb8b",
          "bb98b7fd-a1e0-46b5-aa45-6c3cccbab008"
        ],
        "durationId": "414ec589-0c09-4c8b-9b79-f8014d78ea93",
        "parent": "ff087488-686a-412f-b95e-97073612543f"
      }
    },
    {
      "head": {
        "id": "e21ed722-5a30-47e5-a6ef-10ccd86177b3",
        "name": "\"afterNodeEvaluate\" hook function",
        "description": "",
        "type": "duration"
      },
      "body": {
        "pid": 24348,
        "tid": "Main Thread",
        "startTime": 21082154374800,
        "endTime": 21082154384000
      },
      "additional": {
        "children": [],
        "state": "success",
        "targetName": "",
        "moduleName": "",
        "category": "",
        "taskRunReasons": [],
        "parent": "43bd5596-3bc7-4cea-b777-a7d085051224",
        "logId": "ca605c86-fe0d-4efb-a3a0-7831b56e2012"
      },
      "log": {
        "_logger": {
          "category": "DurationEvent",
          "context": {},
          "callStackSkipIndex": 0
        },
        "_filelogger": {
          "category": "debug-file",
          "context": {},
          "callStackSkipIndex": 0
        },
        "anonymizeFileLogger": {
          "fileLogger": {
            "category": "debug-file",
            "context": {},
            "callStackSkipIndex": 0
          }
        }
      }
    },
    {
      "head": {
        "id": "ca605c86-fe0d-4efb-a3a0-7831b56e2012",
        "name": "\"afterNodeEvaluate\" hook function",
        "description": "",
        "type": "log"
      },
      "body": {
        "pid": 24348,
        "tid": "Main Thread",
        "startTime": 21082154374800,
        "endTime": 21082154384000
      },
      "additional": {
        "logType": "info",
        "children": [],
        "durationId": "e21ed722-5a30-47e5-a6ef-10ccd86177b3",
        "parent": "ff087488-686a-412f-b95e-97073612543f"
      }
    },
    {
      "head": {
        "id": "ff087488-686a-412f-b95e-97073612543f",
        "name": "eval submodule",
        "description": "",
        "type": "log"
      },
      "body": {
        "pid": 24348,
        "tid": "Main Thread",
        "startTime": 21082102238200,
        "endTime": 21082154396600
      },
      "additional": {
        "logType": "info",
        "children": [
          "c18a58e2-8172-4801-a124-186cc1022023",
          "753bd070-1247-4a21-92e9-aefb8fca7a92",
          "ca605c86-fe0d-4efb-a3a0-7831b56e2012"
        ],
        "durationId": "43bd5596-3bc7-4cea-b777-a7d085051224",
        "parent": "3ecbbbfa-1a97-4e94-b097-3dee659be477"
      }
    },
    {
      "head": {
        "id": "3ecbbbfa-1a97-4e94-b097-3dee659be477",
        "name": "eval modules",
        "description": "",
        "type": "log"
      },
      "body": {
        "pid": 24348,
        "tid": "Main Thread",
        "startTime": 21082102225000,
        "endTime": 21082154427500
      },
      "additional": {
        "logType": "info",
        "children": [
          "ff087488-686a-412f-b95e-97073612543f"
        ],
        "durationId": "ed63675e-73b5-4048-9f3c-caf76ff06b53",
        "parent": "57c4fd43-a0c4-4e8f-89d5-d953095640b2"
      }
    },
    {
      "head": {
        "id": "39191094-839e-45ad-bd9b-927bad49a8c7",
        "name": "watch files: [\n  'D:\\\\MCMonitor\\\\hvigorfile.ts',\n  'D:\\\\MCMonitor\\\\entry\\\\hvigorfile.ts'\n]",
        "description": "",
        "type": "log"
      },
      "body": {
        "pid": 24348,
        "tid": "Main Thread",
        "startTime": 21082188828500
      },
      "additional": {
        "logType": "debug",
        "children": []
      }
    },
    {
      "head": {
        "id": "1e2dc55d-d9c6-4565-a5f8-dfc97c691413",
        "name": "hvigorfile, resolve hvigorfile dependencies in 35 ms ",
        "description": "",
        "type": "log"
      },
      "body": {
        "pid": 24348,
        "tid": "Main Thread",
        "startTime": 21082189501500
      },
      "additional": {
        "logType": "debug",
        "children": []
      }
    },
    {
      "head": {
        "id": "cc6733f1-1e61-48cc-b88b-20faa52a3948",
        "name": "add config dependencies",
        "description": "",
        "type": "log"
      },
      "body": {
        "pid": 24348,
        "tid": "Main Thread",
        "startTime": 21082154481200,
        "endTime": 21082189634800
      },
      "additional": {
        "logType": "info",
        "children": [],
        "durationId": "73db19ac-2f1c-48b6-8952-ca9486e80e99",
        "parent": "57c4fd43-a0c4-4e8f-89d5-d953095640b2"
      }
    },
    {
      "head": {
        "id": "5e3571ca-5c18-4155-abf1-72ddd4d29ed7",
        "name": "\"nodesEvaluated\" hook function",
        "description": "",
        "type": "duration"
      },
      "body": {
        "pid": 24348,
        "tid": "Main Thread",
        "startTime": 21082189686500,
        "endTime": 21082190658900
      },
      "additional": {
        "children": [],
        "state": "success",
        "targetName": "",
        "moduleName": "",
        "category": "",
        "taskRunReasons": [],
        "parent": "fcca20e2-0b30-4263-af8a-117e72f5c1ae",
        "logId": "081442a0-a017-4881-995e-1cf64a4cbd2a"
      },
      "log": {
        "_logger": {
          "category": "DurationEvent",
          "context": {},
          "callStackSkipIndex": 0
        },
        "_filelogger": {
          "category": "debug-file",
          "context": {},
          "callStackSkipIndex": 0
        },
        "anonymizeFileLogger": {
          "fileLogger": {
            "category": "debug-file",
            "context": {},
            "callStackSkipIndex": 0
          }
        }
      }
    },
    {
      "head": {
        "id": "2ae9d8f7-dcae-4778-9513-fcc19ef3a963",
        "name": "project has submodules:entry",
        "description": "",
        "type": "log"
      },
      "body": {
        "pid": 24348,
        "tid": "Main Thread",
        "startTime": 21082189837000
      },
      "additional": {
        "logType": "debug",
        "children": []
      }
    },
    {
      "head": {
        "id": "081442a0-a017-4881-995e-1cf64a4cbd2a",
        "name": "\"nodesEvaluated\" hook function",
        "description": "",
        "type": "log"
      },
      "body": {
        "pid": 24348,
        "tid": "Main Thread",
        "startTime": 21082189686500,
        "endTime": 21082190658900
      },
      "additional": {
        "logType": "info",
        "children": [],
        "durationId": "5e3571ca-5c18-4155-abf1-72ddd4d29ed7",
        "parent": "57c4fd43-a0c4-4e8f-89d5-d953095640b2"
      }
    },
    {
      "head": {
        "id": "7a22b5c3-b221-4a89-9e57-caf8b2bb28ec",
        "name": "start to load updatedOhPackageInfo to the disk",
        "description": "",
        "type": "log"
      },
      "body": {
        "pid": 24348,
        "tid": "Main Thread",
        "startTime": 21082193485000
      },
      "additional": {
        "logType": "debug",
        "children": []
      }
    },
    {
      "head": {
        "id": "144c7372-733a-4a87-8390-795768c4b242",
        "name": "load to the disk finished",
        "description": "",
        "type": "log"
      },
      "body": {
        "pid": 24348,
        "tid": "Main Thread",
        "startTime": 21082203172600
      },
      "additional": {
        "logType": "debug",
        "children": []
      }
    },
    {
      "head": {
        "id": "40466ba0-b8e8-428e-a268-73bfca9980c0",
        "name": "ohpm install",
        "description": "",
        "type": "log"
      },
      "body": {
        "pid": 24348,
        "tid": "Main Thread",
        "startTime": 21082190705100,
        "endTime": 21082207254200
      },
      "additional": {
        "logType": "info",
        "children": [],
        "durationId": "7c78b93d-07f2-4359-b2f8-2ebbff1477e8",
        "parent": "57c4fd43-a0c4-4e8f-89d5-d953095640b2"
      }
    },
    {
      "head": {
        "id": "a6bc42f3-f154-4562-9aa4-702358925fb2",
        "name": "Start to initialize dependency information.",
        "description": "",
        "type": "log"
      },
      "body": {
        "pid": 24348,
        "tid": "Main Thread",
        "startTime": 21082207657600
      },
      "additional": {
        "logType": "debug",
        "children": []
      }
    },
    {
      "head": {
        "id": "47846a86-05c6-462e-b5dd-733ce2bb4086",
        "name": "Module MCMonitor Collected Dependency: ",
        "description": "",
        "type": "log"
      },
      "body": {
        "pid": 24348,
        "tid": "Main Thread",
        "startTime": 21082221939900
      },
      "additional": {
        "logType": "debug",
        "children": []
      }
    },
    {
      "head": {
        "id": "8689cae7-1591-489f-9acc-67141cbc4401",
        "name": "Module MCMonitor's total dependency: 0",
        "description": "",
        "type": "log"
      },
      "body": {
        "pid": 24348,
        "tid": "Main Thread",
        "startTime": 21082222077800
      },
      "additional": {
        "logType": "debug",
        "children": []
      }
    },
    {
      "head": {
        "id": "ab39e1dc-6341-457a-8bda-02a4de1d1a30",
        "name": "Start to initialize dependency information.",
        "description": "",
        "type": "log"
      },
      "body": {
        "pid": 24348,
        "tid": "Main Thread",
        "startTime": 21082223773400
      },
      "additional": {
        "logType": "debug",
        "children": []
      }
    },
    {
      "head": {
        "id": "c55dff65-0243-4511-a889-98ba1572b246",
        "name": "Module entry Collected Dependency: ",
        "description": "",
        "type": "log"
      },
      "body": {
        "pid": 24348,
        "tid": "Main Thread",
        "startTime": 21082229693500
      },
      "additional": {
        "logType": "debug",
        "children": []
      }
    },
    {
      "head": {
        "id": "d6c6f1f8-9b8b-48c8-bc48-4ce46f4c292f",
        "name": "Module entry's total dependency: 0",
        "description": "",
        "type": "log"
      },
      "body": {
        "pid": 24348,
        "tid": "Main Thread",
        "startTime": 21082229841600
      },
      "additional": {
        "logType": "debug",
        "children": []
      }
    },
    {
      "head": {
        "id": "34d28ff2-d5dc-4013-a413-3424ed3f7bc8",
        "name": "eval hook",
        "description": "",
        "type": "log"
      },
      "body": {
        "pid": 24348,
        "tid": "Main Thread",
        "startTime": 21082207325300,
        "endTime": 21082234325700
      },
      "additional": {
        "logType": "info",
        "children": [],
        "durationId": "a204cf2b-b009-4b17-9d72-319f5a46ccac",
        "parent": "57c4fd43-a0c4-4e8f-89d5-d953095640b2"
      }
    },
    {
      "head": {
        "id": "7ec55820-cbcc-4d10-8b48-933571849afa",
        "name": "Configuration phase cost:4 s 500 ms ",
        "description": "",
        "type": "log"
      },
      "body": {
        "pid": 24348,
        "tid": "Main Thread",
        "startTime": 21082234532000
      },
      "additional": {
        "logType": "debug",
        "children": []
      }
    },
    {
      "head": {
        "id": "1b44917f-31ee-47f4-acef-0aa87847965e",
        "name": "fin configuration",
        "description": "",
        "type": "log"
      },
      "body": {
        "pid": 24348,
        "tid": "Main Thread",
        "startTime": 21082234351000,
        "endTime": 21082234646400
      },
      "additional": {
        "logType": "info",
        "children": [],
        "durationId": "331b79cb-c605-4156-8ac1-2a39962c1a86",
        "parent": "57c4fd43-a0c4-4e8f-89d5-d953095640b2"
      }
    },
    {
      "head": {
        "id": "57c4fd43-a0c4-4e8f-89d5-d953095640b2",
        "name": "configure hvigor plugin",
        "description": "",
        "type": "log"
      },
      "body": {
        "pid": 24348,
        "tid": "Main Thread",
        "startTime": 21077734047600,
        "endTime": 21082234659200
      },
      "additional": {
        "logType": "info",
        "children": [
          "09666b41-a8f1-401a-9d2e-a879daa75f4c",
          "06e3cec1-88b3-4181-af24-997a3b904732",
          "b6560983-9689-44cf-99bc-c38efa3d8bdd",
          "3ecbbbfa-1a97-4e94-b097-3dee659be477",
          "cc6733f1-1e61-48cc-b88b-20faa52a3948",
          "40466ba0-b8e8-428e-a268-73bfca9980c0",
          "34d28ff2-d5dc-4013-a413-3424ed3f7bc8",
          "1b44917f-31ee-47f4-acef-0aa87847965e",
          "081442a0-a017-4881-995e-1cf64a4cbd2a"
        ],
        "durationId": "fcca20e2-0b30-4263-af8a-117e72f5c1ae",
        "parent": "0c08d36d-2348-474a-be4d-35ce0c161ba5"
      }
    },
    {
      "head": {
        "id": "db6300bc-8882-4e2d-8f54-8c1622d18d1c",
        "name": "\"taskGraphResolved\" hook function",
        "description": "",
        "type": "duration"
      },
      "body": {
        "pid": 24348,
        "tid": "Main Thread",
        "startTime": 21082236325900,
        "endTime": 21082236374900
      },
      "additional": {
        "children": [],
        "state": "success",
        "targetName": "",
        "moduleName": "",
        "category": "",
        "taskRunReasons": [],
        "parent": "799a6b63-dc48-477e-a776-1037251517f4",
        "logId": "99bdece5-54ae-4883-b868-cae06993665a"
      },
      "log": {
        "_logger": {
          "category": "DurationEvent",
          "context": {},
          "callStackSkipIndex": 0
        },
        "_filelogger": {
          "category": "debug-file",
          "context": {},
          "callStackSkipIndex": 0
        },
        "anonymizeFileLogger": {
          "fileLogger": {
            "category": "debug-file",
            "context": {},
            "callStackSkipIndex": 0
          }
        }
      }
    },
    {
      "head": {
        "id": "99bdece5-54ae-4883-b868-cae06993665a",
        "name": "\"taskGraphResolved\" hook function",
        "description": "",
        "type": "log"
      },
      "body": {
        "pid": 24348,
        "tid": "Main Thread",
        "startTime": 21082236325900,
        "endTime": 21082236374900
      },
      "additional": {
        "logType": "info",
        "children": [],
        "durationId": "db6300bc-8882-4e2d-8f54-8c1622d18d1c",
        "parent": "0c08d36d-2348-474a-be4d-35ce0c161ba5"
      }
    },
    {
      "head": {
        "id": "016857ad-6305-49fb-9c88-9cdb08d5fe23",
        "name": "build task graph",
        "description": "",
        "type": "log"
      },
      "body": {
        "pid": 24348,
        "tid": "Main Thread",
        "startTime": 21082234687300,
        "endTime": 21082236387800
      },
      "additional": {
        "logType": "info",
        "children": [],
        "durationId": "2a391237-1165-4f31-b8d5-ab06cc879434",
        "parent": "0c08d36d-2348-474a-be4d-35ce0c161ba5"
      }
    },
    {
      "head": {
        "id": "8ee62c12-6c8f-4ee2-9fc1-7911dbc496cd",
        "name": "init task execution option",
        "description": "",
        "type": "log"
      },
      "body": {
        "pid": 24348,
        "tid": "Main Thread",
        "startTime": 21082236394200,
        "endTime": 21082236406400
      },
      "additional": {
        "logType": "info",
        "children": [],
        "durationId": "17963226-62fd-453e-ab71-4ea86ea7a4a6",
        "parent": "0c08d36d-2348-474a-be4d-35ce0c161ba5"
      }
    },
    {
      "head": {
        "id": "0c08d36d-2348-474a-be4d-35ce0c161ba5",
        "name": "init",
        "description": "",
        "type": "log"
      },
      "body": {
        "pid": 24348,
        "tid": "Main Thread",
        "startTime": 21077713059800,
        "endTime": 21082236416100
      },
      "additional": {
        "logType": "info",
        "children": [
          "26c810cd-1d33-4075-a500-0f79be310de5",
          "57c4fd43-a0c4-4e8f-89d5-d953095640b2",
          "016857ad-6305-49fb-9c88-9cdb08d5fe23",
          "8ee62c12-6c8f-4ee2-9fc1-7911dbc496cd",
          "dcfa8f2d-33b9-46ab-bd9f-a2503cb97ea7",
          "968afc32-ee8f-4732-9415-838ffbb360f3",
          "99bdece5-54ae-4883-b868-cae06993665a"
        ],
        "durationId": "799a6b63-dc48-477e-a776-1037251517f4"
      }
    },
    {
      "head": {
        "id": "c608579e-d698-4c5e-901d-f487871ffab8",
        "name": "Configuration task cost before running: 4 s 526 ms ",
        "description": "",
        "type": "log"
      },
      "body": {
        "pid": 24348,
        "tid": "Main Thread",
        "startTime": 21082237199900
      },
      "additional": {
        "logType": "debug",
        "children": []
      }
    },
    {
      "head": {
        "id": "89e66d5b-a0e6-444f-a7fd-9b3d34ea32d0",
        "name": "Executing task :entry:tasks",
        "description": "",
        "type": "log"
      },
      "body": {
        "pid": 24348,
        "tid": "Main Thread",
        "startTime": 21082237794800
      },
      "additional": {
        "logType": "debug",
        "children": []
      }
    },
    {
      "head": {
        "id": "c00f4fd4-b2ab-49d2-a272-4ac13ca54f6a",
        "name": "--------------------------------------------------------------------------\r\nAll tasks from hvigor node 'entry'\r\n--------------------------------------------------------------------------\r\nHelp tasks\r\n-------------\r\ntasks - Displays the tasks of the HvigorCoreNode.\r\ntaskTree - Displays the task dag tree of the HvigorCoreNode.\r\n\r\nSync tasks\r\n-------------\r\ninit\r\n",
        "description": "",
        "type": "log"
      },
      "body": {
        "pid": 24348,
        "tid": "Main Thread",
        "startTime": 21082238317600
      },
      "additional": {
        "logType": "info",
        "children": []
      }
    },
    {
      "head": {
        "id": "4f00246c-487f-4e22-8c63-6b8815e2a944",
        "name": "entry : tasks cost memory 0.23816680908203125",
        "description": "",
        "type": "log"
      },
      "body": {
        "pid": 24348,
        "tid": "Main Thread",
        "startTime": 21082238522900
      },
      "additional": {
        "logType": "debug",
        "children": []
      }
    },
    {
      "head": {
        "id": "27d20ca7-4593-4c35-adc0-09c99f180d8d",
        "name": "runTaskFromQueue task cost before running: 4 s 528 ms ",
        "description": "",
        "type": "log"
      },
      "body": {
        "pid": 24348,
        "tid": "Main Thread",
        "startTime": 21082238693900
      },
      "additional": {
        "logType": "debug",
        "children": []
      }
    },
    {
      "head": {
        "id": "6ed26554-4d73-4321-88bb-ecbdff789fbc",
        "name": "Finished :entry:tasks",
        "description": "Displays the tasks of the HvigorCoreNode.",
        "type": "log"
      },
      "body": {
        "pid": 24348,
        "tid": "Main Thread",
        "startTime": 21082237757700,
        "endTime": 21082238860400,
        "totalTime": 885700
      },
      "additional": {
        "logType": "info",
        "children": [],
        "durationId": "55ba5584-04fc-4943-b4f2-1ffa5e34c598"
      }
    },
    {
      "head": {
        "id": "d0886757-11a2-4831-b2a7-f2149f10e0b2",
        "name": "Executing task ::tasks",
        "description": "",
        "type": "log"
      },
      "body": {
        "pid": 24348,
        "tid": "Main Thread",
        "startTime": 21082239536800
      },
      "additional": {
        "logType": "debug",
        "children": []
      }
    },
    {
      "head": {
        "id": "5a796857-b05a-4def-a5fd-07e169baaa0e",
        "name": "--------------------------------------------------------------------------\r\nAll tasks from hvigor node 'MCMonitor'\r\n--------------------------------------------------------------------------\r\nHelp tasks\r\n-------------\r\ntasks - Displays the tasks of the HvigorCoreNode.\r\ntaskTree - Displays the task dag tree of the HvigorCoreNode.\r\nbuildInfo - Displays the build information of the Project or Module.\r\n\r\nOther tasks\r\n-------------\r\nprune - Clean up old hvigor cache files and remove unreferenced packages from store.\r\nclean - Clear the cache information.\r\ncollectCoverage - Generate coverage statistics reports based on instrumentation dotting data.\r\n\r\nHook tasks\r\n-------------\r\nassembleApp - Assemble the task for the packaged app.\r\n\r\nSync tasks\r\n-------------\r\ninit\r\n\r\nSign tasks\r\n-------------\r\nSignApp - Sign the app package.\r\n\r\nPackage tasks\r\n-------------\r\nPackageApp - Build the app package in the stage model.\r\nSignPackagesFromApp - Build all unsigned app package in the stage model.\r\n\r\nGenerate tasks\r\n-------------\r\nProcessProjectPrivacyProfile - Process project pac.json5 in the stage model.\r\nGeneratePackRes - Build the pack.res file in the stage model.\r\nMakeProjectPackInfo - Generate project pack.info in the stage model.\r\n\r\nVerification tasks\r\n-------------\r\nPreBuildApp - Prepare before building the app.\r\nDuplicateDependencyCheck - Check duplicated dependencies when building app.\r\n",
        "description": "",
        "type": "log"
      },
      "body": {
        "pid": 24348,
        "tid": "Main Thread",
        "startTime": 21082240014000
      },
      "additional": {
        "logType": "info",
        "children": []
      }
    },
    {
      "head": {
        "id": "25725b24-09be-437b-ac1e-b4b5cd0a0920",
        "name": "MCMonitor : tasks cost memory 0.07407379150390625",
        "description": "",
        "type": "log"
      },
      "body": {
        "pid": 24348,
        "tid": "Main Thread",
        "startTime": 21082240458000
      },
      "additional": {
        "logType": "debug",
        "children": []
      }
    },
    {
      "head": {
        "id": "a755af92-bd30-4688-9ffb-7a07e6733234",
        "name": "runTaskFromQueue task cost before running: 4 s 530 ms ",
        "description": "",
        "type": "log"
      },
      "body": {
        "pid": 24348,
        "tid": "Main Thread",
        "startTime": 21082240786600
      },
      "additional": {
        "logType": "debug",
        "children": []
      }
    },
    {
      "head": {
        "id": "4d57f19a-1db8-432a-a14d-62cc68555e67",
        "name": "Finished ::tasks",
        "description": "Displays the tasks of the HvigorCoreNode.",
        "type": "log"
      },
      "body": {
        "pid": 24348,
        "tid": "Main Thread",
        "startTime": 21082239528000,
        "endTime": 21082240888400,
        "totalTime": 1186300
      },
      "additional": {
        "logType": "info",
        "children": [],
        "durationId": "a8721f0b-8c36-4efb-90f1-b5297eb6b68a"
      }
    },
    {
      "head": {
        "id": "df90e2e0-781b-4caf-9eb8-7c250b130a48",
        "name": "\"buildFinished\" hook function",
        "description": "",
        "type": "duration"
      },
      "body": {
        "pid": 24348,
        "tid": "Main Thread",
        "startTime": 21082248979100,
        "endTime": 21082249282400
      },
      "additional": {
        "children": [],
        "state": "success",
        "targetName": "",
        "moduleName": "",
        "category": "",
        "taskRunReasons": [],
        "parent": "7e96b2ef-f5b0-4ccc-8a72-4a6f48fc0978",
        "logId": "89184e54-18ad-4ab0-b0bd-c250d346e326"
      },
      "log": {
        "_logger": {
          "category": "DurationEvent",
          "context": {},
          "callStackSkipIndex": 0
        },
        "_filelogger": {
          "category": "debug-file",
          "context": {},
          "callStackSkipIndex": 0
        },
        "anonymizeFileLogger": {
          "fileLogger": {
            "category": "debug-file",
            "context": {},
            "callStackSkipIndex": 0
          }
        }
      }
    },
    {
      "head": {
        "id": "89184e54-18ad-4ab0-b0bd-c250d346e326",
        "name": "\"buildFinished\" hook function",
        "description": "",
        "type": "log"
      },
      "body": {
        "pid": 24348,
        "tid": "Main Thread",
        "startTime": 21082248979100,
        "endTime": 21082249282400
      },
      "additional": {
        "logType": "info",
        "children": [],
        "durationId": "df90e2e0-781b-4caf-9eb8-7c250b130a48"
      }
    },
    {
      "head": {
        "id": "18cce942-0c60-4873-9a83-4b3705e85eb4",
        "name": "BUILD SUCCESSFUL in 4 s 539 ms ",
        "description": "",
        "type": "log"
      },
      "body": {
        "pid": 24348,
        "tid": "Main Thread",
        "startTime": 21082249334200
      },
      "additional": {
        "logType": "info",
        "children": []
      }
    },
    {
      "head": {
        "id": "baddcc59-1654-48ac-bb3b-3d07670e7fa4",
        "name": "tasks",
        "description": "",
        "type": "mark"
      },
      "body": {
        "pid": 24348,
        "tid": "Main Thread",
        "startTime": 21077711171200,
        "endTime": 21082249990300
      },
      "additional": {
        "time": {
          "year": 2026,
          "month": 2,
          "day": 15,
          "hour": 17,
          "minute": 2,
          "second": 50
        },
        "completeCommand": "{\"prop\":[],\"_\":[\"tasks\"]};tasks",
        "hvigorVersion": "6.22.3",
        "markType": "history",
        "nodeVersion": "v18.20.1",
        "category": "build",
        "state": "success"
      }
    }
  ],
  "workLog": []
}