{
  "HVIGOR": {
    "IS_INCREMENTAL": true,
    "IS_DAEMON": true,
    "IS_PARALLEL": true,
    "IS_HVIGORFILE_TYPE_CHECK": false,
    "TASK_TIME": {
      "923fe53966c6cd9343e11af776cd4b05be315ea4b200b02e4d5dfb0f929b73bf": {
        "init": 707600,
        "PreBuild": 14421400,
        "CreateModuleInfo": 1081700,
        "ConfigureCmake": 522300,
        "MergeProfile": 3695600,
        "CreateBuildProfile": 2466600,
        "PreCheckSyscap": 655400,
        "GeneratePkgContextInfo": 3271200,
        "ProcessIntegratedHsp": 807100,
        "BuildNativeWithCmake": 411000,
        "MakePackInfo": 2322200,
        "SyscapTransform": 2439500,
        "ProcessProfile": 281158100,
        "ProcessStartupConfig": 1905000,
        "BuildNativeWithNinja": 891600,
        "ProcessLibs": 4692500,
        "CompileResource": 408239600,
        "BuildJS": 4824500,
        "CompileArkTS": 3134762400,
        "GeneratePkgModuleJson": 3856500,
        "ProcessCompiledResources": 1061500,
        "PackageHap": 50563700,
        "PackingCheck": 4213000,
        "SignHap": 2561600,
        "CollectDebugSymbol": 1366600,
        "assembleHap": 298200
      },
      "APP": {
        "init": 502600
      }
    },
    "APIS": [
      "getProperty"
    ],
    "CONFIG_EXPERIMENT": {
      "ENABLE_MODULE_SKIP": false,
      "ENABLE_CPP_FUNCTION_LEVEL_INCREMENTAL": false
    },
    "CONFIG_PROPERTIES": {},
    "TOTAL_TIME": 4180573600,
    "BUILD_ID": "202602151923553950"
  },
  "HVIGOR_OHOS_PLUGIN": {
    "MODULES": [
      {
        "MODULE_NAME": "923fe53966c6cd9343e11af776cd4b05be315ea4b200b02e4d5dfb0f929b73bf",
        "API_TYPE": "stageMode",
        "INCLUDE_IN_BUILD": true,
        "IS_COMMAND_LINE_ENTRY_MODULE": true,
        "MODULE_TYPE": "entry",
        "INCREMENTAL_TASKS": {
          "COMPILE_ARKTS": true
        },
        "IS_INCREMENTAL_MODULE": true
      }
    ],
    "NATIVE_COMPILER": "Default",
    "IS_FULL_BUILD": false,
    "BUILD_MODE": "debug"
  }
}