{"D:\\MCMonitor\\AppScope\\app.json5":{"hashValue":"915cd892a165448ed89d3431eeeda71b2521abe379ae426617718a1cdd4a18ab","name":"app.json5","path":"D:\\MCMonitor\\AppScope\\app.json5","type":"file","isSymbolicLink":false,"fileMetaData":{"size":403,"lastModifiedTime":1771068408798}},"D:\\MCMonitor\\entry\\src\\main\\module.json5":{"hashValue":"c7427f002eec0c97fe1d0bfac897f95cb0a83182e8da0e479d6fae4153e979f1","name":"module.json5","path":"D:\\MCMonitor\\entry\\src\\main\\module.json5","type":"file","isSymbolicLink":false,"fileMetaData":{"size":1166,"lastModifiedTime":1771065352524}},"D:\\MCMonitor\\build-profile.json5":{"hashValue":"2a6783ed5372cd56a7b409ca250fc29049e8e3e878c1d1a2d585c78d8e253fd8","name":"build-profile.json5","path":"D:\\MCMonitor\\build-profile.json5","type":"file","isSymbolicLink":false,"fileMetaData":{"size":1294,"lastModifiedTime":1771154624077}},"D:\\MCMonitor\\entry\\build-profile.json5":{"hashValue":"6a7e8a1878385afee8fa55d524f0c431968116263e07073aeaa799d6a7966dfb","name":"build-profile.json5","path":"D:\\MCMonitor\\entry\\build-profile.json5","type":"file","isSymbolicLink":false,"fileMetaData":{"size":310,"lastModifiedTime":1771068200725}},"D:\\MCMonitor\\entry\\src\\main\\resources\\base\\profile\\main_pages.json":{"hashValue":"59e5df2d0c977b58a3c71b50ec7d490ecc96b5d8362e1c63479436df740d9efe","name":"main_pages.json","path":"D:\\MCMonitor\\entry\\src\\main\\resources\\base\\profile\\main_pages.json","type":"file","isSymbolicLink":false,"fileMetaData":{"size":135,"lastModifiedTime":1771065357327}},"D:\\MCMonitor\\hvigor\\hvigor-config.json5":{"hashValue":"d1bbc2f9e6170a3aef1d5a35b90993e7fb46642b685cab76be84d1b806bbdf31","name":"hvigor-config.json5","path":"D:\\MCMonitor\\hvigor\\hvigor-config.json5","type":"file","isSymbolicLink":false,"fileMetaData":{"size":115,"lastModifiedTime":1771068234806}},"D:\\MCMonitor\\entry\\oh-package.json5":{"hashValue":"170f57ff7d6bdc1c9ba422c12c5069604356fac671e5a3a2b711084792217584","name":"oh-package.json5","path":"D:\\MCMonitor\\entry\\oh-package.json5","type":"file","isSymbolicLink":false,"fileMetaData":{"size":212,"lastModifiedTime":1771072215541}},"D:\\MCMonitor\\oh-package.json5":{"hashValue":"3c35e03a3654b0158221d42c96cf607c5f3deb972847fa96d5b3e50a4e08639a","name":"oh-package.json5","path":"D:\\MCMonitor\\oh-package.json5","type":"file","isSymbolicLink":false,"fileMetaData":{"size":281,"lastModifiedTime":1771145279709}},"D:\\MCMonitor\\entry\\build\\default\\intermediates\\hap_metadata\\default\\output_metadata.json":{"hashValue":"e070f47781c5bf4dc4ad152af9d8ad1e53d36ca4ebe41ee1247f73bc3f37e73e","name":"output_metadata.json","path":"D:\\MCMonitor\\entry\\build\\default\\intermediates\\hap_metadata\\default\\output_metadata.json","type":"file","isSymbolicLink":false,"fileMetaData":{"size":93,"lastModifiedTime":1771146224302}},"D:\\MCMonitor\\entry\\build\\default\\intermediates\\merge_profile\\default\\module.json":{"hashValue":"319feefffedae2ee929f6b8a0ffecac034178672e6d68c6c47aed346c9f4097a","name":"module.json","path":"D:\\MCMonitor\\entry\\build\\default\\intermediates\\merge_profile\\default\\module.json","type":"file","isSymbolicLink":false,"fileMetaData":{"size":1625,"lastModifiedTime":1771154635596}},"D:\\MCMonitor\\entry\\build\\default\\generated\\profile\\default\\BuildProfile.ets":{"hashValue":"d5806619c02e606ef69e7feb440270902115e860058a3439fe58c155f627cd44","name":"BuildProfile.ets","path":"D:\\MCMonitor\\entry\\build\\default\\generated\\profile\\default\\BuildProfile.ets","type":"file","isSymbolicLink":false,"fileMetaData":{"size":864,"lastModifiedTime":1771154635600}},"D:\\MCMonitor\\entry\\build\\default\\outputs\\default\\pack.info":{"hashValue":"7c8bf2bcd490cc7032748e387b64da8240df03a0ad66161e40231da8f577b637","name":"pack.info","path":"D:\\MCMonitor\\entry\\build\\default\\outputs\\default\\pack.info","type":"file","isSymbolicLink":false,"fileMetaData":{"size":560,"lastModifiedTime":1771154635619}},"D:\\Harmony\\DevEco Studio\\sdk\\default\\openharmony\\toolchains\\syscap_tool.exe":{"hashValue":"dc27f3b355a1f32df6d180b6a0ace4f48a0dca0ee2e3fa1f928d93d32f1a06d8","name":"syscap_tool.exe","path":"D:\\Harmony\\DevEco Studio\\sdk\\default\\openharmony\\toolchains\\syscap_tool.exe","type":"file","isSymbolicLink":false,"fileMetaData":{"size":378824,"lastModifiedTime":1768795642000}},"D:\\Harmony\\DevEco Studio\\sdk\\default\\openharmony\\ets\\api\\device-define":{"hashValue":"856de614a47b31420438c4f4e1b887e10a42b39300a3960f72f5cf5072a83d3f","name":"device-define","path":"D:\\Harmony\\DevEco Studio\\sdk\\default\\openharmony\\ets\\api\\device-define","type":"directory","isSymbolicLink":false,"children":[{"hashValue":"3aace3eb20975da1b6545941c883570fbbd07efe3fcad2fcd0c4ec370df27fe7","name":"2in1.json","path":"D:\\Harmony\\DevEco Studio\\sdk\\default\\openharmony\\ets\\api\\device-define\\2in1.json","type":"file","isSymbolicLink":false,"fileMetaData":{"size":12033,"lastModifiedTime":1768795642000}},{"hashValue":"7d552ad4c676356a2cdbfd76d9234ee4fa69604c45e5da9d778059d13037ca0f","name":"default.json","path":"D:\\Harmony\\DevEco Studio\\sdk\\default\\openharmony\\ets\\api\\device-define\\default.json","type":"file","isSymbolicLink":false,"fileMetaData":{"size":12495,"lastModifiedTime":1768795642000}},{"hashValue":"6f819d8e25fff4d6567029138e1ca18a97ec64cef93b8d8acd10eae5a03d6d88","name":"liteWearable.json","path":"D:\\Harmony\\DevEco Studio\\sdk\\default\\openharmony\\ets\\api\\device-define\\liteWearable.json","type":"file","isSymbolicLink":false,"fileMetaData":{"size":882,"lastModifiedTime":1768795642000}},{"hashValue":"7a6cf517332f58ca9e3d99796d24641587e87beefa8d3b1cd2459f4f152f7561","name":"tablet.json","path":"D:\\Harmony\\DevEco Studio\\sdk\\default\\openharmony\\ets\\api\\device-define\\tablet.json","type":"file","isSymbolicLink":false,"fileMetaData":{"size":12122,"lastModifiedTime":1768795642000}},{"hashValue":"ccb7de01c4e97fbc598636a401498f543b9b59b4d1b00c3d532c2037929959e1","name":"tv.json","path":"D:\\Harmony\\DevEco Studio\\sdk\\default\\openharmony\\ets\\api\\device-define\\tv.json","type":"file","isSymbolicLink":false,"fileMetaData":{"size":9819,"lastModifiedTime":1768795642000}},{"hashValue":"680270ad9b065f18dad1c178e0103b2dba87103d33f88b20299b98971117feb0","name":"wearable.json","path":"D:\\Harmony\\DevEco Studio\\sdk\\default\\openharmony\\ets\\api\\device-define\\wearable.json","type":"file","isSymbolicLink":false,"fileMetaData":{"size":10521,"lastModifiedTime":1768795642000}}]},"D:\\MCMonitor\\entry\\build\\default\\intermediates\\process_profile\\default\\module.json":{"hashValue":"f8daaa5f7b1e2367f5d590b50a7191fe15a361478d8c92faaaa030c0881abd08","name":"module.json","path":"D:\\MCMonitor\\entry\\build\\default\\intermediates\\process_profile\\default\\module.json","type":"file","isSymbolicLink":false,"fileMetaData":{"size":1711,"lastModifiedTime":1771154635905}},"D:\\MCMonitor\\entry\\build\\default\\intermediates\\router_map\\default\\temp-router-map.json":{"hashValue":"8855abc65db75d89e6811781679424757de20dfe31b918d528c8255e34f860ca","name":"temp-router-map.json","path":"D:\\MCMonitor\\entry\\build\\default\\intermediates\\router_map\\default\\temp-router-map.json","type":"file","isSymbolicLink":false,"fileMetaData":{"size":16,"lastModifiedTime":1771146225701}},"D:\\MCMonitor\\entry\\build\\default\\intermediates\\router_map\\default\\loader-router-map.json":{"hashValue":"c0bb370fb26f71dd8e30e4ad18723da3312c1645ccefeadb7d6cfc85dc1ae653","name":"loader-router-map.json","path":"D:\\MCMonitor\\entry\\build\\default\\intermediates\\router_map\\default\\loader-router-map.json","type":"file","isSymbolicLink":false,"fileMetaData":{"size":16,"lastModifiedTime":1771146225702}},"D:\\MCMonitor\\entry\\build\\default\\intermediates\\share_config\\default\\temp-share-config.json":{"hashValue":"a3affb11cc3d7fa7b2b164291909f66e0bb023e68300739366ef5f90abf85a61","name":"temp-share-config.json","path":"D:\\MCMonitor\\entry\\build\\default\\intermediates\\share_config\\default\\temp-share-config.json","type":"file","isSymbolicLink":false,"fileMetaData":{"size":27,"lastModifiedTime":1771146225713}},"D:\\MCMonitor\\entry\\build\\default\\intermediates\\res\\default\\resConfig.json":{"hashValue":"c0ae7e61626a5806a41e89277be834bc7df8902dfb818d83d0331e217953c523","name":"resConfig.json","path":"D:\\MCMonitor\\entry\\build\\default\\intermediates\\res\\default\\resConfig.json","type":"file","isSymbolicLink":false,"fileMetaData":{"size":888,"lastModifiedTime":1771146225746}},"D:\\MCMonitor\\entry\\build\\default\\intermediates\\res\\default\\opt-compression.json":{"hashValue":"1ff116f16fd08e551909646a3def6f12425b6907ca5ba9688d57e2be34977ef8","name":"opt-compression.json","path":"D:\\MCMonitor\\entry\\build\\default\\intermediates\\res\\default\\opt-compression.json","type":"file","isSymbolicLink":false,"fileMetaData":{"size":181,"lastModifiedTime":1771146225745}},"D:\\MCMonitor\\entry\\build\\default\\intermediates\\loader\\default\\loader.json":{"hashValue":"be0c0b89df1321035709560ee9b78e1832a458a6db4b3804cbebbd0ee08f7a12","name":"loader.json","path":"D:\\MCMonitor\\entry\\build\\default\\intermediates\\loader\\default\\loader.json","type":"file","isSymbolicLink":false,"fileMetaData":{"size":847,"lastModifiedTime":1771146301190}},"D:\\MCMonitor\\entry\\build\\default\\intermediates\\libs\\default":{"hashValue":"","name":"default","path":"D:\\MCMonitor\\entry\\build\\default\\intermediates\\libs\\default","type":"directory","isSymbolicLink":false,"children":[]},"D:\\MCMonitor\\entry\\src\\main\\resources":{"hashValue":"965006dfb1471a5ac1b491dca16c85891cd10df49e06d1197833c4b0f1034ffb","name":"resources","path":"D:\\MCMonitor\\entry\\src\\main\\resources","type":"directory","isSymbolicLink":false,"children":[{"hashValue":"89e4fae7913777bb993b5a99a52ea1b46b93aedc87751da10ded0583446f7308","name":"base","path":"D:\\MCMonitor\\entry\\src\\main\\resources\\base","type":"directory","isSymbolicLink":false,"children":[{"hashValue":"19c696a584f347bd3e2b3b6df2716491b5ac0f1d008c018d8c6ac087af4c68c8","name":"element","path":"D:\\MCMonitor\\entry\\src\\main\\resources\\base\\element","type":"directory","isSymbolicLink":false,"children":[{"hashValue":"95a97d1c3019c5803f8c1d670c891bdb1965869ca57d0b9e5946ff3d41e00f38","name":"color.json","path":"D:\\MCMonitor\\entry\\src\\main\\resources\\base\\element\\color.json","type":"file","isSymbolicLink":false,"fileMetaData":{"size":518,"lastModifiedTime":1771065380355}},{"hashValue":"7273128d7790d50811880c6a12d4b8872faa6aa5ecd35246fed89065fae5787f","name":"string.json","path":"D:\\MCMonitor\\entry\\src\\main\\resources\\base\\element\\string.json","type":"file","isSymbolicLink":false,"fileMetaData":{"size":1315,"lastModifiedTime":1771065371510}}]},{"hashValue":"fca6a5f01551e6e3073da85818336da8996d71b3873f6ebf85725427d40451d5","name":"media","path":"D:\\MCMonitor\\entry\\src\\main\\resources\\base\\media","type":"directory","isSymbolicLink":false,"children":[{"hashValue":"4de43de1730b07292d66d45918dbb9b07c5c2f48bf59027dbea9d28c01454f95","name":"ic_about.svg","path":"D:\\MCMonitor\\entry\\src\\main\\resources\\base\\media\\ic_about.svg","type":"file","isSymbolicLink":false,"fileMetaData":{"size":355,"lastModifiedTime":1771066950062}},{"hashValue":"a7f5f02cb30b4b2e0a6e6e65ac5c2dd2173e1fd4e5cdaa2376535ea6e699e575","name":"ic_add.svg","path":"D:\\MCMonitor\\entry\\src\\main\\resources\\base\\media\\ic_add.svg","type":"file","isSymbolicLink":false,"fileMetaData":{"size":176,"lastModifiedTime":1771066911024}},{"hashValue":"352f98b5bb9f577aff9020b222abe0de528532443311fea916c59f87e8ab998f","name":"ic_arrow_right.svg","path":"D:\\MCMonitor\\entry\\src\\main\\resources\\base\\media\\ic_arrow_right.svg","type":"file","isSymbolicLink":false,"fileMetaData":{"size":156,"lastModifiedTime":1771066955259}},{"hashValue":"fd9d99a49e19a0e0599f2620a81655ddf9b5b2dd4640bd70cd980ac543341f43","name":"ic_help.svg","path":"D:\\MCMonitor\\entry\\src\\main\\resources\\base\\media\\ic_help.svg","type":"file","isSymbolicLink":false,"fileMetaData":{"size":484,"lastModifiedTime":1771066941763}},{"hashValue":"4632d40adebcbf148023fb2bd0f6230d3803cb3ac82d35f40dcc0fdff892bb3b","name":"ic_home.svg","path":"D:\\MCMonitor\\entry\\src\\main\\resources\\base\\media\\ic_home.svg","type":"file","isSymbolicLink":false,"fileMetaData":{"size":178,"lastModifiedTime":1771066882444}},{"hashValue":"cc472114d3995a938948f2d3a7c6cde80cb4c28909674539d4a8f908725a121e","name":"ic_person.svg","path":"D:\\MCMonitor\\entry\\src\\main\\resources\\base\\media\\ic_person.svg","type":"file","isSymbolicLink":false,"fileMetaData":{"size":287,"lastModifiedTime":1771066889483}},{"hashValue":"e6c2f02f8c49848f90625ee7a5d277fdd8974b43fcdedaf65e97d80f9f92a820","name":"ic_refresh.svg","path":"D:\\MCMonitor\\entry\\src\\main\\resources\\base\\media\\ic_refresh.svg","type":"file","isSymbolicLink":false,"fileMetaData":{"size":374,"lastModifiedTime":1771066897832}},{"hashValue":"8b4edb1f9371460ad8671c36f530eb0ed1637c19096efc38b8d47458d9b26a2b","name":"ic_server.svg","path":"D:\\MCMonitor\\entry\\src\\main\\resources\\base\\media\\ic_server.svg","type":"file","isSymbolicLink":false,"fileMetaData":{"size":328,"lastModifiedTime":1771066905470}},{"hashValue":"ee2c3176585783bac586612d5cd780f32ef738f5e0f50691bde76a59d4debe40","name":"ic_settings.svg","path":"D:\\MCMonitor\\entry\\src\\main\\resources\\base\\media\\ic_settings.svg","type":"file","isSymbolicLink":false,"fileMetaData":{"size":1117,"lastModifiedTime":1771066930869}},{"hashValue":"d66bc961b4d06b15e712e25bb0d3aae88108606a1fba0067dfbf2638da88c95b","name":"icon.svg","path":"D:\\MCMonitor\\entry\\src\\main\\resources\\base\\media\\icon.svg","type":"file","isSymbolicLink":false,"fileMetaData":{"size":762,"lastModifiedTime":1771066966831}}]},{"hashValue":"a4d481880ae43a6b6e4ff48249a54fa0c131e25205fcb63d46edc5c2ee9d351a","name":"profile","path":"D:\\MCMonitor\\entry\\src\\main\\resources\\base\\profile","type":"directory","isSymbolicLink":false,"children":[{"hashValue":"59e5df2d0c977b58a3c71b50ec7d490ecc96b5d8362e1c63479436df740d9efe","name":"main_pages.json","path":"D:\\MCMonitor\\entry\\src\\main\\resources\\base\\profile\\main_pages.json","type":"file","isSymbolicLink":false,"fileMetaData":{"size":135,"lastModifiedTime":1771065357327}}]}]}]},"D:\\MCMonitor\\AppScope\\resources":{"hashValue":"0c2f380999564177f7e4c109fa82675e0961668a69532a3744d6b3f1f4018730","name":"resources","path":"D:\\MCMonitor\\AppScope\\resources","type":"directory","isSymbolicLink":false,"children":[{"hashValue":"3ed0622a82ef9d190f76fb93c445384446635c35c5ccb0fcae62a74ccc336ee3","name":"base","path":"D:\\MCMonitor\\AppScope\\resources\\base","type":"directory","isSymbolicLink":false,"children":[{"hashValue":"5897ee458d9ea31edd77dbd46db0fa26520cda455c64149f9a8016bbd85ffeaa","name":"element","path":"D:\\MCMonitor\\AppScope\\resources\\base\\element","type":"directory","isSymbolicLink":false,"children":[{"hashValue":"acb18bd744903792d409b4617fffca5d3f6483034bdec797cf5cff7cfcd0063d","name":"string.json","path":"D:\\MCMonitor\\AppScope\\resources\\base\\element\\string.json","type":"file","isSymbolicLink":false,"fileMetaData":{"size":192,"lastModifiedTime":1771065679950}}]}]}]},"D:\\MCMonitor\\entry\\build\\default\\intermediates\\res\\default":{"hashValue":"bfd556135a043583eb0875e4645075b45ef66704fc2986f57775f36401f6847a","name":"default","path":"D:\\MCMonitor\\entry\\build\\default\\intermediates\\res\\default","type":"directory","isSymbolicLink":false,"children":[{"hashValue":"d48b87b1921bcf022e6c774aa1d9d1e97877773c47cf9b04af348098a2caae03","name":".caches","path":"D:\\MCMonitor\\entry\\build\\default\\intermediates\\res\\default\\.caches","type":"directory","isSymbolicLink":false,"children":[{"hashValue":"721c9525ade2ea8903d343ef25cf68b9bf4ab0aad56bb7b01fbe48d09bc7fcf4","name":"base","path":"D:\\MCMonitor\\entry\\build\\default\\intermediates\\res\\default\\.caches\\base","type":"directory","isSymbolicLink":false,"children":[{"hashValue":"","name":"media","path":"D:\\MCMonitor\\entry\\build\\default\\intermediates\\res\\default\\.caches\\base\\media","type":"directory","isSymbolicLink":false,"children":[]}]}]},{"hashValue":"87f14996ebc26a96ca225340c6b2d8052c38a22e6a6f577b772e82fc02f88f07","name":"ark_module.json","path":"D:\\MCMonitor\\entry\\build\\default\\intermediates\\res\\default\\ark_module.json","type":"file","isSymbolicLink":false,"fileMetaData":{"size":1363,"lastModifiedTime":1771154635904}},{"hashValue":"0b1814717a5bed6f231e4a3bee75d236e8f93d56c6491433a921b136fbdc63c1","name":"ids_map","path":"D:\\MCMonitor\\entry\\build\\default\\intermediates\\res\\default\\ids_map","type":"directory","isSymbolicLink":false,"children":[{"hashValue":"03909e16f5d6f005f8a731d7bf46a6af581366bae2e765d753a70c05295b0003","name":"id_defined.json","path":"D:\\MCMonitor\\entry\\build\\default\\intermediates\\res\\default\\ids_map\\id_defined.json","type":"file","isSymbolicLink":false,"fileMetaData":{"size":2835,"lastModifiedTime":1771154636288}}]},{"hashValue":"374ae8e7decb517527df296f9808df1b4aea77c3a62c10926afebf1ea1b43223","name":"module.json","path":"D:\\MCMonitor\\entry\\build\\default\\intermediates\\res\\default\\module.json","type":"file","isSymbolicLink":false,"fileMetaData":{"size":1917,"lastModifiedTime":1771154636282}},{"hashValue":"1ff116f16fd08e551909646a3def6f12425b6907ca5ba9688d57e2be34977ef8","name":"opt-compression.json","path":"D:\\MCMonitor\\entry\\build\\default\\intermediates\\res\\default\\opt-compression.json","type":"file","isSymbolicLink":false,"fileMetaData":{"size":181,"lastModifiedTime":1771146225745}},{"hashValue":"c0ae7e61626a5806a41e89277be834bc7df8902dfb818d83d0331e217953c523","name":"resConfig.json","path":"D:\\MCMonitor\\entry\\build\\default\\intermediates\\res\\default\\resConfig.json","type":"file","isSymbolicLink":false,"fileMetaData":{"size":888,"lastModifiedTime":1771146225746}},{"hashValue":"ef290140046464c80b1385d677df559be71c48663ab03b818bca1377f88bd67b","name":"resources","path":"D:\\MCMonitor\\entry\\build\\default\\intermediates\\res\\default\\resources","type":"directory","isSymbolicLink":false,"children":[{"hashValue":"6889e060f41149a122d33f733ffa4b10ecacb484b7c77127cc231ff94c218267","name":"base","path":"D:\\MCMonitor\\entry\\build\\default\\intermediates\\res\\default\\resources\\base","type":"directory","isSymbolicLink":false,"children":[{"hashValue":"fca6a5f01551e6e3073da85818336da8996d71b3873f6ebf85725427d40451d5","name":"media","path":"D:\\MCMonitor\\entry\\build\\default\\intermediates\\res\\default\\resources\\base\\media","type":"directory","isSymbolicLink":false,"children":[{"hashValue":"4de43de1730b07292d66d45918dbb9b07c5c2f48bf59027dbea9d28c01454f95","name":"ic_about.svg","path":"D:\\MCMonitor\\entry\\build\\default\\intermediates\\res\\default\\resources\\base\\media\\ic_about.svg","type":"file","isSymbolicLink":false,"fileMetaData":{"size":355,"lastModifiedTime":1771066950062}},{"hashValue":"a7f5f02cb30b4b2e0a6e6e65ac5c2dd2173e1fd4e5cdaa2376535ea6e699e575","name":"ic_add.svg","path":"D:\\MCMonitor\\entry\\build\\default\\intermediates\\res\\default\\resources\\base\\media\\ic_add.svg","type":"file","isSymbolicLink":false,"fileMetaData":{"size":176,"lastModifiedTime":1771066911024}},{"hashValue":"352f98b5bb9f577aff9020b222abe0de528532443311fea916c59f87e8ab998f","name":"ic_arrow_right.svg","path":"D:\\MCMonitor\\entry\\build\\default\\intermediates\\res\\default\\resources\\base\\media\\ic_arrow_right.svg","type":"file","isSymbolicLink":false,"fileMetaData":{"size":156,"lastModifiedTime":1771066955259}},{"hashValue":"fd9d99a49e19a0e0599f2620a81655ddf9b5b2dd4640bd70cd980ac543341f43","name":"ic_help.svg","path":"D:\\MCMonitor\\entry\\build\\default\\intermediates\\res\\default\\resources\\base\\media\\ic_help.svg","type":"file","isSymbolicLink":false,"fileMetaData":{"size":484,"lastModifiedTime":1771066941763}},{"hashValue":"4632d40adebcbf148023fb2bd0f6230d3803cb3ac82d35f40dcc0fdff892bb3b","name":"ic_home.svg","path":"D:\\MCMonitor\\entry\\build\\default\\intermediates\\res\\default\\resources\\base\\media\\ic_home.svg","type":"file","isSymbolicLink":false,"fileMetaData":{"size":178,"lastModifiedTime":1771066882444}},{"hashValue":"cc472114d3995a938948f2d3a7c6cde80cb4c28909674539d4a8f908725a121e","name":"ic_person.svg","path":"D:\\MCMonitor\\entry\\build\\default\\intermediates\\res\\default\\resources\\base\\media\\ic_person.svg","type":"file","isSymbolicLink":false,"fileMetaData":{"size":287,"lastModifiedTime":1771066889483}},{"hashValue":"e6c2f02f8c49848f90625ee7a5d277fdd8974b43fcdedaf65e97d80f9f92a820","name":"ic_refresh.svg","path":"D:\\MCMonitor\\entry\\build\\default\\intermediates\\res\\default\\resources\\base\\media\\ic_refresh.svg","type":"file","isSymbolicLink":false,"fileMetaData":{"size":374,"lastModifiedTime":1771066897832}},{"hashValue":"8b4edb1f9371460ad8671c36f530eb0ed1637c19096efc38b8d47458d9b26a2b","name":"ic_server.svg","path":"D:\\MCMonitor\\entry\\build\\default\\intermediates\\res\\default\\resources\\base\\media\\ic_server.svg","type":"file","isSymbolicLink":false,"fileMetaData":{"size":328,"lastModifiedTime":1771066905470}},{"hashValue":"ee2c3176585783bac586612d5cd780f32ef738f5e0f50691bde76a59d4debe40","name":"ic_settings.svg","path":"D:\\MCMonitor\\entry\\build\\default\\intermediates\\res\\default\\resources\\base\\media\\ic_settings.svg","type":"file","isSymbolicLink":false,"fileMetaData":{"size":1117,"lastModifiedTime":1771066930869}},{"hashValue":"d66bc961b4d06b15e712e25bb0d3aae88108606a1fba0067dfbf2638da88c95b","name":"icon.svg","path":"D:\\MCMonitor\\entry\\build\\default\\intermediates\\res\\default\\resources\\base\\media\\icon.svg","type":"file","isSymbolicLink":false,"fileMetaData":{"size":762,"lastModifiedTime":1771066966831}}]},{"hashValue":"a4d481880ae43a6b6e4ff48249a54fa0c131e25205fcb63d46edc5c2ee9d351a","name":"profile","path":"D:\\MCMonitor\\entry\\build\\default\\intermediates\\res\\default\\resources\\base\\profile","type":"directory","isSymbolicLink":false,"children":[{"hashValue":"59e5df2d0c977b58a3c71b50ec7d490ecc96b5d8362e1c63479436df740d9efe","name":"main_pages.json","path":"D:\\MCMonitor\\entry\\build\\default\\intermediates\\res\\default\\resources\\base\\profile\\main_pages.json","type":"file","isSymbolicLink":false,"fileMetaData":{"size":135,"lastModifiedTime":1771065357327}}]}]}]},{"hashValue":"5e01ce34ec0b93e622589a75e9e40f8addf0508f51fcc0e79d1717fd4290d26f","name":"resources.index","path":"D:\\MCMonitor\\entry\\build\\default\\intermediates\\res\\default\\resources.index","type":"file","isSymbolicLink":false,"fileMetaData":{"size":2712,"lastModifiedTime":1771154636287}},{"hashValue":"4fa7318367e65785520722ab52fb5befcff1331fc82782014b3fc99f1a3e215a","name":"ResourceTable.txt","path":"D:\\MCMonitor\\entry\\build\\default\\intermediates\\res\\default\\ResourceTable.txt","type":"file","isSymbolicLink":false,"fileMetaData":{"size":1117,"lastModifiedTime":1771154636280}}]},"D:\\MCMonitor\\entry\\build\\default\\generated\\r\\default\\ResourceTable.h":{"hashValue":"6a53a0d267ad32b2fc50b0f9f032a42b6f498489a5bd5aa8be760c5794e9486e","name":"ResourceTable.h","path":"D:\\MCMonitor\\entry\\build\\default\\generated\\r\\default\\ResourceTable.h","type":"file","isSymbolicLink":false,"fileMetaData":{"size":2452,"lastModifiedTime":1771154636280}},"D:\\MCMonitor\\entry\\build\\default\\generated\\r\\default":{"hashValue":"11a8b2bedb0780c47bfc863b45d719b7ce77f455be32881c3d1e6c94c0fdace3","name":"default","path":"D:\\MCMonitor\\entry\\build\\default\\generated\\r\\default","type":"directory","isSymbolicLink":false,"children":[{"hashValue":"6a53a0d267ad32b2fc50b0f9f032a42b6f498489a5bd5aa8be760c5794e9486e","name":"ResourceTable.h","path":"D:\\MCMonitor\\entry\\build\\default\\generated\\r\\default\\ResourceTable.h","type":"file","isSymbolicLink":false,"fileMetaData":{"size":2452,"lastModifiedTime":1771154636280}}]},"D:\\MCMonitor\\entry\\build\\default\\intermediates\\stripped_native_libs\\default":{"hashValue":"","name":"default","path":"D:\\MCMonitor\\entry\\build\\default\\intermediates\\stripped_native_libs\\default","type":"directory","isSymbolicLink":false,"children":[]},"D:\\MCMonitor\\entry\\build\\default\\intermediates\\loader\\default":{"hashValue":"5b7ffbd31649155feb1b24e838889737906cdfb0d2c397c56dc051a7bd5c13ca","name":"default","path":"D:\\MCMonitor\\entry\\build\\default\\intermediates\\loader\\default","type":"directory","isSymbolicLink":false,"children":[{"hashValue":"be0c0b89df1321035709560ee9b78e1832a458a6db4b3804cbebbd0ee08f7a12","name":"loader.json","path":"D:\\MCMonitor\\entry\\build\\default\\intermediates\\loader\\default\\loader.json","type":"file","isSymbolicLink":false,"fileMetaData":{"size":847,"lastModifiedTime":1771146301190}}]},"D:\\MCMonitor\\entry\\build\\default\\intermediates\\res\\default\\ResourceTable.txt":{"hashValue":"4fa7318367e65785520722ab52fb5befcff1331fc82782014b3fc99f1a3e215a","name":"ResourceTable.txt","path":"D:\\MCMonitor\\entry\\build\\default\\intermediates\\res\\default\\ResourceTable.txt","type":"file","isSymbolicLink":false,"fileMetaData":{"size":1117,"lastModifiedTime":1771154636280}},"D:\\MCMonitor\\entry\\build\\default\\intermediates\\res\\default\\ark_module.json":{"hashValue":"87f14996ebc26a96ca225340c6b2d8052c38a22e6a6f577b772e82fc02f88f07","name":"ark_module.json","path":"D:\\MCMonitor\\entry\\build\\default\\intermediates\\res\\default\\ark_module.json","type":"file","isSymbolicLink":false,"fileMetaData":{"size":1363,"lastModifiedTime":1771154635904}},"D:\\MCMonitor\\entry\\build\\default\\intermediates\\res\\default\\resources\\base\\profile":{"hashValue":"a4d481880ae43a6b6e4ff48249a54fa0c131e25205fcb63d46edc5c2ee9d351a","name":"profile","path":"D:\\MCMonitor\\entry\\build\\default\\intermediates\\res\\default\\resources\\base\\profile","type":"directory","isSymbolicLink":false,"children":[{"hashValue":"59e5df2d0c977b58a3c71b50ec7d490ecc96b5d8362e1c63479436df740d9efe","name":"main_pages.json","path":"D:\\MCMonitor\\entry\\build\\default\\intermediates\\res\\default\\resources\\base\\profile\\main_pages.json","type":"file","isSymbolicLink":false,"fileMetaData":{"size":135,"lastModifiedTime":1771065357327}}]},"D:\\MCMonitor\\entry\\src\\main\\ets":{"hashValue":"90eb2d24da2e0882b009cb7ace5eb28b4948867c92eb2c1e11233addf1044bb7","name":"ets","path":"D:\\MCMonitor\\entry\\src\\main\\ets","type":"directory","isSymbolicLink":false,"children":[{"hashValue":"2ece2c0b612521f4497f1954cf08154f2b1c5ac9a8052ccf353a27be1586d524","name":"entryability","path":"D:\\MCMonitor\\entry\\src\\main\\ets\\entryability","type":"directory","isSymbolicLink":false,"children":[{"hashValue":"9278a1d5dc15aca8177df6a94c6793932bfd1d5e1bb30d024beb304ca03cdd17","name":"EntryAbility.ts","path":"D:\\MCMonitor\\entry\\src\\main\\ets\\entryability\\EntryAbility.ts","type":"file","isSymbolicLink":false,"fileMetaData":{"size":1581,"lastModifiedTime":1771071477761}}]},{"hashValue":"590eee8754181d05a5bb67e04b716c6e36f8a7682092044eaa45a9360f83435c","name":"model","path":"D:\\MCMonitor\\entry\\src\\main\\ets\\model","type":"directory","isSymbolicLink":false,"children":[{"hashValue":"6b78160b28dc63a37bcf25ead3e4dda5943372f85f93647b24f266de218d18bb","name":"MinecraftServer.ts","path":"D:\\MCMonitor\\entry\\src\\main\\ets\\model\\MinecraftServer.ts","type":"file","isSymbolicLink":false,"fileMetaData":{"size":9313,"lastModifiedTime":1771126288564}},{"hashValue":"6f894f560f00abc6aa33d755fb28fd38564c97bee9726da0f28b84e0d2416a99","name":"ServerManager.ts","path":"D:\\MCMonitor\\entry\\src\\main\\ets\\model\\ServerManager.ts","type":"file","isSymbolicLink":false,"fileMetaData":{"size":7557,"lastModifiedTime":1771126299542}}]},{"hashValue":"f8259d0d9622cd19bf05997d5074d7da2936f2201d8832305df3b25eb4536f42","name":"pages","path":"D:\\MCMonitor\\entry\\src\\main\\ets\\pages","type":"directory","isSymbolicLink":false,"children":[{"hashValue":"f5a92e7e62dfe811cec58eeba278449493f46af167bdbad12737a4b1d2a0fceb","name":"AddServerPage.ets","path":"D:\\MCMonitor\\entry\\src\\main\\ets\\pages\\AddServerPage.ets","type":"file","isSymbolicLink":false,"fileMetaData":{"size":6464,"lastModifiedTime":1771069688945}},{"hashValue":"dd226c227117ee217dd3bac43a35a5e1e388d14c7804d96c48b153a481a05786","name":"HomePage.ets","path":"D:\\MCMonitor\\entry\\src\\main\\ets\\pages\\HomePage.ets","type":"file","isSymbolicLink":false,"fileMetaData":{"size":5664,"lastModifiedTime":1771127721580}},{"hashValue":"df5cbda15e682a539338e4f9d3481af41d20febf4274c39e15f1f3c84dea3054","name":"Index.ets","path":"D:\\MCMonitor\\entry\\src\\main\\ets\\pages\\Index.ets","type":"file","isSymbolicLink":false,"fileMetaData":{"size":2077,"lastModifiedTime":1771127664281}},{"hashValue":"ffb74d81335b81251ca6999c5941a66a1216fad6417750acadca51d65f1db290","name":"MyPage.ets","path":"D:\\MCMonitor\\entry\\src\\main\\ets\\pages\\MyPage.ets","type":"file","isSymbolicLink":false,"fileMetaData":{"size":1792,"lastModifiedTime":1771069131707}},{"hashValue":"a5e0cc3f3841309ee48beb4460e7f9ced60cb99a5447ab87da52366117df3d4b","name":"ServerDetailPage.ets","path":"D:\\MCMonitor\\entry\\src\\main\\ets\\pages\\ServerDetailPage.ets","type":"file","isSymbolicLink":false,"fileMetaData":{"size":9120,"lastModifiedTime":1771127486892}}]}]},"D:\\MCMonitor\\entry\\build\\default\\intermediates\\loader_out\\default\\ets":{"hashValue":"4e41e33aaf2730c56ab0b238e07fef9b7559b04c8c97063fb1f07d4a4c562997","name":"ets","path":"D:\\MCMonitor\\entry\\build\\default\\intermediates\\loader_out\\default\\ets","type":"directory","isSymbolicLink":false,"children":[{"hashValue":"237d94ed08592f23db348a130d4d16f52f74d0c6b3cae5154e2503209d4acec2","name":"modules.abc","path":"D:\\MCMonitor\\entry\\build\\default\\intermediates\\loader_out\\default\\ets\\modules.abc","type":"file","isSymbolicLink":false,"fileMetaData":{"size":153532,"lastModifiedTime":1771154639482}},{"hashValue":"9f7f03330d158f14b1b4c628d85b14b768033281e5f79d03cf2cc7d735aa4f2c","name":"sourceMaps.map","path":"D:\\MCMonitor\\entry\\build\\default\\intermediates\\loader_out\\default\\ets\\sourceMaps.map","type":"file","isSymbolicLink":false,"fileMetaData":{"size":46520,"lastModifiedTime":1771154639405}}]},"D:\\MCMonitor\\entry\\build\\default\\intermediates\\patch\\default\\base_native_libs.json":{"hashValue":"f8dd63508b722131a7c7b9ac1fbe255d576efa7a03bdb8403154462e9daead14","name":"base_native_libs.json","path":"D:\\MCMonitor\\entry\\build\\default\\intermediates\\patch\\default\\base_native_libs.json","type":"file","isSymbolicLink":false,"fileMetaData":{"size":25,"lastModifiedTime":1771146228543}},"D:\\MCMonitor\\entry\\build\\default\\intermediates\\res\\default\\module.json":{"hashValue":"374ae8e7decb517527df296f9808df1b4aea77c3a62c10926afebf1ea1b43223","name":"module.json","path":"D:\\MCMonitor\\entry\\build\\default\\intermediates\\res\\default\\module.json","type":"file","isSymbolicLink":false,"fileMetaData":{"size":1917,"lastModifiedTime":1771154636282}},"D:\\MCMonitor\\entry\\build\\default\\intermediates\\package\\default\\module.json":{"hashValue":"95a9529c400c11f568dff90cabfbed4b9ee827dd55f20cbdf5c24713f36ab4c0","name":"module.json","path":"D:\\MCMonitor\\entry\\build\\default\\intermediates\\package\\default\\module.json","type":"file","isSymbolicLink":false,"fileMetaData":{"size":1596,"lastModifiedTime":1771154639500}},"D:\\MCMonitor\\entry\\build\\default\\intermediates\\res\\default\\resources":{"hashValue":"ef290140046464c80b1385d677df559be71c48663ab03b818bca1377f88bd67b","name":"resources","path":"D:\\MCMonitor\\entry\\build\\default\\intermediates\\res\\default\\resources","type":"directory","isSymbolicLink":false,"children":[{"hashValue":"6889e060f41149a122d33f733ffa4b10ecacb484b7c77127cc231ff94c218267","name":"base","path":"D:\\MCMonitor\\entry\\build\\default\\intermediates\\res\\default\\resources\\base","type":"directory","isSymbolicLink":false,"children":[{"hashValue":"fca6a5f01551e6e3073da85818336da8996d71b3873f6ebf85725427d40451d5","name":"media","path":"D:\\MCMonitor\\entry\\build\\default\\intermediates\\res\\default\\resources\\base\\media","type":"directory","isSymbolicLink":false,"children":[{"hashValue":"4de43de1730b07292d66d45918dbb9b07c5c2f48bf59027dbea9d28c01454f95","name":"ic_about.svg","path":"D:\\MCMonitor\\entry\\build\\default\\intermediates\\res\\default\\resources\\base\\media\\ic_about.svg","type":"file","isSymbolicLink":false,"fileMetaData":{"size":355,"lastModifiedTime":1771066950062}},{"hashValue":"a7f5f02cb30b4b2e0a6e6e65ac5c2dd2173e1fd4e5cdaa2376535ea6e699e575","name":"ic_add.svg","path":"D:\\MCMonitor\\entry\\build\\default\\intermediates\\res\\default\\resources\\base\\media\\ic_add.svg","type":"file","isSymbolicLink":false,"fileMetaData":{"size":176,"lastModifiedTime":1771066911024}},{"hashValue":"352f98b5bb9f577aff9020b222abe0de528532443311fea916c59f87e8ab998f","name":"ic_arrow_right.svg","path":"D:\\MCMonitor\\entry\\build\\default\\intermediates\\res\\default\\resources\\base\\media\\ic_arrow_right.svg","type":"file","isSymbolicLink":false,"fileMetaData":{"size":156,"lastModifiedTime":1771066955259}},{"hashValue":"fd9d99a49e19a0e0599f2620a81655ddf9b5b2dd4640bd70cd980ac543341f43","name":"ic_help.svg","path":"D:\\MCMonitor\\entry\\build\\default\\intermediates\\res\\default\\resources\\base\\media\\ic_help.svg","type":"file","isSymbolicLink":false,"fileMetaData":{"size":484,"lastModifiedTime":1771066941763}},{"hashValue":"4632d40adebcbf148023fb2bd0f6230d3803cb3ac82d35f40dcc0fdff892bb3b","name":"ic_home.svg","path":"D:\\MCMonitor\\entry\\build\\default\\intermediates\\res\\default\\resources\\base\\media\\ic_home.svg","type":"file","isSymbolicLink":false,"fileMetaData":{"size":178,"lastModifiedTime":1771066882444}},{"hashValue":"cc472114d3995a938948f2d3a7c6cde80cb4c28909674539d4a8f908725a121e","name":"ic_person.svg","path":"D:\\MCMonitor\\entry\\build\\default\\intermediates\\res\\default\\resources\\base\\media\\ic_person.svg","type":"file","isSymbolicLink":false,"fileMetaData":{"size":287,"lastModifiedTime":1771066889483}},{"hashValue":"e6c2f02f8c49848f90625ee7a5d277fdd8974b43fcdedaf65e97d80f9f92a820","name":"ic_refresh.svg","path":"D:\\MCMonitor\\entry\\build\\default\\intermediates\\res\\default\\resources\\base\\media\\ic_refresh.svg","type":"file","isSymbolicLink":false,"fileMetaData":{"size":374,"lastModifiedTime":1771066897832}},{"hashValue":"8b4edb1f9371460ad8671c36f530eb0ed1637c19096efc38b8d47458d9b26a2b","name":"ic_server.svg","path":"D:\\MCMonitor\\entry\\build\\default\\intermediates\\res\\default\\resources\\base\\media\\ic_server.svg","type":"file","isSymbolicLink":false,"fileMetaData":{"size":328,"lastModifiedTime":1771066905470}},{"hashValue":"ee2c3176585783bac586612d5cd780f32ef738f5e0f50691bde76a59d4debe40","name":"ic_settings.svg","path":"D:\\MCMonitor\\entry\\build\\default\\intermediates\\res\\default\\resources\\base\\media\\ic_settings.svg","type":"file","isSymbolicLink":false,"fileMetaData":{"size":1117,"lastModifiedTime":1771066930869}},{"hashValue":"d66bc961b4d06b15e712e25bb0d3aae88108606a1fba0067dfbf2638da88c95b","name":"icon.svg","path":"D:\\MCMonitor\\entry\\build\\default\\intermediates\\res\\default\\resources\\base\\media\\icon.svg","type":"file","isSymbolicLink":false,"fileMetaData":{"size":762,"lastModifiedTime":1771066966831}}]},{"hashValue":"a4d481880ae43a6b6e4ff48249a54fa0c131e25205fcb63d46edc5c2ee9d351a","name":"profile","path":"D:\\MCMonitor\\entry\\build\\default\\intermediates\\res\\default\\resources\\base\\profile","type":"directory","isSymbolicLink":false,"children":[{"hashValue":"59e5df2d0c977b58a3c71b50ec7d490ecc96b5d8362e1c63479436df740d9efe","name":"main_pages.json","path":"D:\\MCMonitor\\entry\\build\\default\\intermediates\\res\\default\\resources\\base\\profile\\main_pages.json","type":"file","isSymbolicLink":false,"fileMetaData":{"size":135,"lastModifiedTime":1771065357327}}]}]}]},"D:\\MCMonitor\\entry\\build\\default\\intermediates\\res\\default\\resources.index":{"hashValue":"5e01ce34ec0b93e622589a75e9e40f8addf0508f51fcc0e79d1717fd4290d26f","name":"resources.index","path":"D:\\MCMonitor\\entry\\build\\default\\intermediates\\res\\default\\resources.index","type":"file","isSymbolicLink":false,"fileMetaData":{"size":2712,"lastModifiedTime":1771154636287}},"D:\\MCMonitor\\entry\\build\\default\\intermediates\\loader_out\\default\\ets\\sourceMaps.map":{"hashValue":"9f7f03330d158f14b1b4c628d85b14b768033281e5f79d03cf2cc7d735aa4f2c","name":"sourceMaps.map","path":"D:\\MCMonitor\\entry\\build\\default\\intermediates\\loader_out\\default\\ets\\sourceMaps.map","type":"file","isSymbolicLink":false,"fileMetaData":{"size":46520,"lastModifiedTime":1771154639405}},"D:\\MCMonitor\\entry\\build\\default\\outputs\\default\\entry-default-unsigned.hap":{"hashValue":"f3c595aa6178e7a8e5dc203b52faff035887e321987acba7c1d3c1569c4b2ac6","name":"entry-default-unsigned.hap","path":"D:\\MCMonitor\\entry\\build\\default\\outputs\\default\\entry-default-unsigned.hap","type":"file","isSymbolicLink":false,"fileMetaData":{"size":211359,"lastModifiedTime":1771154639537}},"D:\\MCMonitor\\entry\\build\\default\\intermediates\\source_map\\default\\sourceMaps.map":{"hashValue":"9f7f03330d158f14b1b4c628d85b14b768033281e5f79d03cf2cc7d735aa4f2c","name":"sourceMaps.map","path":"D:\\MCMonitor\\entry\\build\\default\\intermediates\\source_map\\default\\sourceMaps.map","type":"file","isSymbolicLink":false,"fileMetaData":{"size":46520,"lastModifiedTime":1771154639405}},"D:\\MCMonitor\\entry\\build\\default\\outputs\\default\\mapping\\sourceMaps.map":{"hashValue":"9f7f03330d158f14b1b4c628d85b14b768033281e5f79d03cf2cc7d735aa4f2c","name":"sourceMaps.map","path":"D:\\MCMonitor\\entry\\build\\default\\outputs\\default\\mapping\\sourceMaps.map","type":"file","isSymbolicLink":false,"fileMetaData":{"size":46520,"lastModifiedTime":1771154639405}},"D:\\MCMonitor\\build\\outputs\\default\\pack.info":{"hashValue":"b9f5c6cac89a654b7636ff58657e4af05e005300ef03a309d6b6552726fcd2b2","name":"pack.info","path":"D:\\MCMonitor\\build\\outputs\\default\\pack.info","type":"file","isSymbolicLink":false,"fileMetaData":{"size":803,"lastModifiedTime":1771146178124}},"D:\\MCMonitor\\build\\outputs\\default\\pac.json":{"hashValue":"756548f518335b12162014a297a1c705fa70d975bac70468be5a6af74d655edc","name":"pac.json","path":"D:\\MCMonitor\\build\\outputs\\default\\pac.json","type":"file","isSymbolicLink":false,"fileMetaData":{"size":180,"lastModifiedTime":1771146178161}},"D:\\MCMonitor\\build\\outputs\\default\\MCMonitor-default-unsigned.app":{"hashValue":"9a0a41c4b3a0afbe2bdb1cda83a4c521202cee5c6320d401bbd44346ad3e28ce","name":"MCMonitor-default-unsigned.app","path":"D:\\MCMonitor\\build\\outputs\\default\\MCMonitor-default-unsigned.app","type":"file","isSymbolicLink":false,"fileMetaData":{"size":212903,"lastModifiedTime":1771146180105}},"D:\\MCMonitor\\entry\\build\\default\\outputs\\default\\app\\entry-default.hap":{"hashValue":"d216e949a211e5b33543552e6c33450eea477eea542eac2ea3c132e222bfe01e","name":"entry-default.hap","path":"D:\\MCMonitor\\entry\\build\\default\\outputs\\default\\app\\entry-default.hap","type":"file","isSymbolicLink":false,"fileMetaData":{"size":211359,"lastModifiedTime":1771146111230}},"D:\\MCMonitor\\entry\\build\\default\\generated\\profile\\default\\ModuleInfo.ts":{"hashValue":"","name":"emptyroot","path":"","type":"unknown","isSymbolicLink":false,"children":[]},"D:\\MCMonitor\\entry\\build\\default\\intermediates\\loader\\default\\pkgContextInfo.json":{"hashValue":"","name":"emptyroot","path":"","type":"unknown","isSymbolicLink":false,"children":[]},"D:\\MCMonitor\\build\\cache\\default\\integrated_hsp\\integratedHspCache.json":{"hashValue":"","name":"emptyroot","path":"","type":"unknown","isSymbolicLink":false,"children":[]},"D:\\MCMonitor\\entry\\build\\default\\intermediates\\syscap\\default\\rpcid.sc":{"hashValue":"","name":"emptyroot","path":"","type":"unknown","isSymbolicLink":false,"children":[]},"D:\\MCMonitor\\entry\\build\\default\\intermediates\\startup\\default\\startup_config.json":{"hashValue":"","name":"emptyroot","path":"","type":"unknown","isSymbolicLink":false,"children":[]},"D:\\MCMonitor\\entry\\build\\default\\intermediates\\loader_out\\default\\js":{"hashValue":"","name":"emptyroot","path":"","type":"unknown","isSymbolicLink":false,"children":[]},"D:\\MCMonitor\\entry\\build\\default\\outputs\\default\\entry-default-signed.hap":{"hashValue":"","name":"emptyroot","path":"","type":"unknown","isSymbolicLink":false,"children":[]},"D:\\MCMonitor\\entry\\build\\default\\outputs\\default\\symbol":{"hashValue":"","name":"emptyroot","path":"","type":"unknown","isSymbolicLink":false,"children":[]}}