{":MCMonitor:entry:default@PreBuild":{"_inputs":[{"dataType":"ValueEntry","value":"{\"_name\":\"compileApiVersion\",\"_value\":22,\"_valueType\":\"number\"}"},{"dataType":"ValueEntry","value":"{\"_name\":\"compatibleApiVersion\",\"_value\":22,\"_valueType\":\"number\"}"},{"dataType":"ValueEntry","value":"{\"_name\":\"targetStatusCode\",\"_value\":2,\"_valueType\":\"number\"}"},{"dataType":"ValueEntry","value":"{\"_name\":\"apiType\",\"_value\":\"stageMode\",\"_valueType\":\"string\"}"},{"dataType":"ValueEntry","value":"{\"_name\":\"deviceType\",\"_value\":[\"phone\",\"tablet\"],\"_valueType\":\"object\"}"},{"dataType":"ValueEntry","value":"{\"_name\":\"codeType\",\"_value\":true,\"_valueType\":\"boolean\"}"},{"dataType":"ValueEntry","value":"{\"_name\":\"sdkToolchainsComponentVersion\",\"_value\":\"6.0.2.130\",\"_valueType\":\"string\"}"},{"dataType":"ValueEntry","value":"{\"_name\":\"profileModuleName\",\"_value\":\"entry\",\"_valueType\":\"string\"}"},{"dataType":"ValueEntry","value":"{\"_name\":\"moduleJsonOpt\",\"_value\":\"{\\\"jsonFilePath\\\":\\\"D:\\\\\\\\MCMonitor\\\\\\\\entry\\\\\\\\src\\\\\\\\main\\\\\\\\module.json5\\\",\\\"profile\\\":{\\\"module\\\":{\\\"name\\\":\\\"entry\\\",\\\"type\\\":\\\"entry\\\",\\\"description\\\":\\\"$string:module_desc\\\",\\\"mainElement\\\":\\\"EntryAbility\\\",\\\"deviceTypes\\\":[\\\"phone\\\",\\\"tablet\\\"],\\\"deliveryWithInstall\\\":true,\\\"installationFree\\\":false,\\\"pages\\\":\\\"$profile:main_pages\\\",\\\"abilities\\\":[{\\\"name\\\":\\\"EntryAbility\\\",\\\"srcEntry\\\":\\\"./ets/entryability/EntryAbility.ts\\\",\\\"description\\\":\\\"$string:EntryAbility_desc\\\",\\\"icon\\\":\\\"$media:icon\\\",\\\"label\\\":\\\"$string:EntryAbility_label\\\",\\\"startWindowIcon\\\":\\\"$media:icon\\\",\\\"startWindowBackground\\\":\\\"$color:start_window_background\\\",\\\"exported\\\":true,\\\"skills\\\":[{\\\"entities\\\":[\\\"entity.system.home\\\"],\\\"actions\\\":[\\\"action.system.home\\\"]}]}],\\\"requestPermissions\\\":[{\\\"name\\\":\\\"ohos.permission.INTERNET\\\",\\\"reason\\\":\\\"$string:internet_permission\\\",\\\"usedScene\\\":{\\\"abilities\\\":[\\\"EntryAbility\\\"],\\\"when\\\":\\\"inuse\\\"}}]}},\\\"deviceTypes\\\":[\\\"phone\\\",\\\"tablet\\\"],\\\"deviceConfig\\\":\\\"deviceTypes\\\",\\\"configurationProfile\\\":\\\"module.json5\\\"}\",\"_valueType\":\"string\"}"},{"dataType":"ValueEntry","value":"{\"_name\":\"isSupportOhpmProj\",\"_value\":true,\"_valueType\":\"boolean\"}"},{"dataType":"ValueEntry","value":"{\"_name\":\"removePermissions\",\"_valueType\":\"undefined\"}"},{"dataType":"ValueEntry","value":"{\"_name\":\"isPreloadSystemSoEnabled\",\"_value\":false,\"_valueType\":\"boolean\"}"},{"dataType":"ValueEntry","value":"{\"_name\":\"isSingleFileEmitEnabled\",\"_value\":false,\"_valueType\":\"boolean\"}"},{"dataType":"ValueEntry","value":"{\"_name\":\"customTypes\",\"_value\":\"\",\"_valueType\":\"string\"}"},{"dataType":"ValueEntry","value":"{\"_name\":\"requiredDeviceType\",\"_value\":\"tablet\",\"_valueType\":\"string\"}"},{"dataType":"ValueEntry","value":"{\"_name\":\"useNormalizedOHMUrl\",\"_value\":false,\"_valueType\":\"boolean\"}"},{"dataType":"ValueEntry","value":"{\"_name\":\"integrated_hsp\",\"_value\":false,\"_valueType\":\"boolean\"}"},{"dataType":"ValueEntry","value":"{\"_name\":\"sourceRoots\",\"_value\":true,\"_valueType\":\"boolean\"}"},{"dataType":"ValueEntry","value":"{\"_name\":\"transformLib\",\"_value\":\"\",\"_valueType\":\"string\"}"},{"dataType":"ValueEntry","value":"{\"_name\":\"byteCodeHar\",\"_value\":false,\"_valueType\":\"boolean\"}"},{"dataType":"ValueEntry","value":"{\"_name\":\"configuration\",\"_value\":\"\",\"_valueType\":\"string\"}"},{"dataType":"ValueEntry","value":"{\"_name\":\"configurationFileJson\",\"_value\":\"\",\"_valueType\":\"string\"}"},{"dataType":"ValueEntry","value":"{\"_name\":\"moduleDependencyNames\",\"_value\":[],\"_valueType\":\"object\"}"},{"dataType":"ValueEntry","value":"{\"_name\":\"isExpandImportEnabled\",\"_value\":false,\"_valueType\":\"boolean\"}"},{"dataType":"ValueEntry","value":"{\"_name\":\"excludeExpandImportDependencyNames\",\"_value\":[],\"_valueType\":\"object\"}"},{"dataType":"ValueEntry","value":"{\"_name\":\"BUILTIN_TASK_COMMAND\",\"_value\":\"\",\"_valueType\":\"string\"}"},{"dataType":"ValueEntry","value":"{\"_name\":\"BUILTIN_TASK_TOOLCHAIN\",\"_value\":\"\",\"_valueType\":\"string\"}"},{"dataType":"ValueEntry","value":"{\"_name\":\"BUILTIN_TASK_ENV\",\"_value\":\"\",\"_valueType\":\"string\"}"}],"_successful":true,"_projectName":"MCMonitor","_moduleName":"entry","_taskName":"default@PreBuild","_key":":MCMonitor:entry:default@PreBuild","_executionId":":MCMonitor:entry:default@PreBuild:1771154635571","_inputFiles":{"dataType":"Map","value":[["D:\\MCMonitor\\AppScope\\app.json5",{"isDirectory":false,"fileSnapShotHashValue":"915cd892a165448ed89d3431eeeda71b2521abe379ae426617718a1cdd4a18ab"}],["D:\\MCMonitor\\entry\\src\\main\\module.json5",{"isDirectory":false,"fileSnapShotHashValue":"c7427f002eec0c97fe1d0bfac897f95cb0a83182e8da0e479d6fae4153e979f1"}],["D:\\MCMonitor\\build-profile.json5",{"fileSnapShotHashValue":"2a6783ed5372cd56a7b409ca250fc29049e8e3e878c1d1a2d585c78d8e253fd8"}],["D:\\MCMonitor\\entry\\build-profile.json5",{"fileSnapShotHashValue":"6a7e8a1878385afee8fa55d524f0c431968116263e07073aeaa799d6a7966dfb"}],["D:\\MCMonitor\\entry\\src\\main\\resources\\base\\profile\\main_pages.json",{"fileSnapShotHashValue":"59e5df2d0c977b58a3c71b50ec7d490ecc96b5d8362e1c63479436df740d9efe"}],["D:\\MCMonitor\\hvigor\\hvigor-config.json5",{"isDirectory":true,"fileSnapShotHashValue":"d1bbc2f9e6170a3aef1d5a35b90993e7fb46642b685cab76be84d1b806bbdf31"}],["D:\\MCMonitor\\entry\\oh-package.json5",{"fileSnapShotHashValue":"170f57ff7d6bdc1c9ba422c12c5069604356fac671e5a3a2b711084792217584"}],["D:\\MCMonitor\\oh-package.json5",{"fileSnapShotHashValue":"3c35e03a3654b0158221d42c96cf607c5f3deb972847fa96d5b3e50a4e08639a"}]]},"_outputFiles":{"dataType":"Map","value":[]}},":MCMonitor:entry:default@CreateModuleInfo":{"_inputs":[{"dataType":"ValueEntry","value":"{\"_name\":\"ohosUiTransformOptimization\",\"_value\":false,\"_valueType\":\"boolean\"}"},{"dataType":"ValueEntry","value":"{\"_name\":\"integratedHspUseGetCurrentBundleName\",\"_value\":false,\"_valueType\":\"boolean\"}"},{"dataType":"ValueEntry","value":"{\"_name\":\"BUILTIN_TASK_COMMAND\",\"_value\":\"\",\"_valueType\":\"string\"}"},{"dataType":"ValueEntry","value":"{\"_name\":\"BUILTIN_TASK_TOOLCHAIN\",\"_value\":\"\",\"_valueType\":\"string\"}"},{"dataType":"ValueEntry","value":"{\"_name\":\"BUILTIN_TASK_ENV\",\"_value\":\"\",\"_valueType\":\"string\"}"}],"_successful":false,"_projectName":"MCMonitor","_moduleName":"entry","_taskName":"default@CreateModuleInfo","_key":":MCMonitor:entry:default@CreateModuleInfo","_executionId":":MCMonitor:entry:default@CreateModuleInfo:1771154635584","_inputFiles":{"dataType":"Map","value":[]},"_outputFiles":{"dataType":"Map","value":[["D:\\MCMonitor\\entry\\build\\default\\generated\\profile\\default\\ModuleInfo.ts",{"isDirectory":false,"fileSnapShotHashValue":""}]]}},":MCMonitor:entry:default@GenerateMetadata":{"_inputs":[{"dataType":"ValueEntry","value":"{\"_name\":\"BUILTIN_TASK_COMMAND\",\"_value\":\"\",\"_valueType\":\"string\",\"_hash\":\"6c1049eece256c5ecd9a72bb60d260f5eaa0c767e9261531c19a2711a4384caa\"}"},{"dataType":"ValueEntry","value":"{\"_name\":\"BUILTIN_TASK_ENV\",\"_value\":\"\",\"_valueType\":\"string\",\"_hash\":\"fab23d53b4bed861bede91aa55abd54ccbb48f2366122ec79fa9d6a917cab83a\"}"},{"dataType":"ValueEntry","value":"{\"_name\":\"BUILTIN_TASK_TOOLCHAIN\",\"_value\":\"\",\"_valueType\":\"string\",\"_hash\":\"f354d8b3443da1d086e3f8d488045965d1abb7d86e6d7602e63c46d85ae85454\"}"},{"dataType":"ValueEntry","value":"{\"_name\":\"artifactName\",\"_value\":\"\",\"_valueType\":\"string\",\"_hash\":\"83695c4a9aeeecff80241c7739fb4858fbd92eee38a63a48e9abc62df8327edb\"}"},{"dataType":"ValueEntry","value":"{\"_name\":\"isSigned\",\"_value\":false,\"_valueType\":\"boolean\",\"_hash\":\"049b5033138d5af3ba0f2b57ef67b23b56dc83fa0d41843418bae22b2df6770b\"}"},{"dataType":"ValueEntry","value":"{\"_name\":\"relatedEntryModules\",\"_value\":\"\",\"_valueType\":\"string\",\"_hash\":\"72c4b1665c5896b02fa9b3f992e3ce78eefc5d0a7a14e5c60fd74172282780ff\"}"},{"dataType":"ValueEntry","value":"{\"_name\":\"remoteHspMetaData\",\"_value\":\"\",\"_valueType\":\"string\",\"_hash\":\"a5bfa161987bd54bfe3921d933d3ab72f30023b9433005ef1e57f1715c4d2176\"}"},{"dataType":"ValueEntry","value":"{\"_name\":\"targetDeviceType\",\"_value\":[\"phone\",\"tablet\"],\"_valueType\":\"object\",\"_hash\":\"f993fe861c52872c35464934fbda2a1ea85840ae595f9c7078ebe2d325243d6f\"}"}],"_successful":true,"_projectName":"MCMonitor","_moduleName":"entry","_taskName":"default@GenerateMetadata","_key":":MCMonitor:entry:default@GenerateMetadata","_executionId":":MCMonitor:entry:default@GenerateMetadata:1771146224298","_inputFiles":{"dataType":"Map","value":[["D:\\MCMonitor\\entry\\src\\main\\module.json5",{"fileSnapShotHashValue":"c7427f002eec0c97fe1d0bfac897f95cb0a83182e8da0e479d6fae4153e979f1"}]]},"_outputFiles":{"dataType":"Map","value":[["D:\\MCMonitor\\entry\\build\\default\\intermediates\\hap_metadata\\default\\output_metadata.json",{"fileSnapShotHashValue":"e070f47781c5bf4dc4ad152af9d8ad1e53d36ca4ebe41ee1247f73bc3f37e73e"}]]}},":MCMonitor:entry:default@MergeProfile":{"_inputs":[{"dataType":"ValueEntry","value":"{\"_name\":\"targetSdkVersion\",\"_value\":22,\"_valueType\":\"number\"}"},{"dataType":"ValueEntry","value":"{\"_name\":\"compatibleSdkVersion\",\"_value\":22,\"_valueType\":\"number\"}"},{"dataType":"ValueEntry","value":"{\"_name\":\"releaseType\",\"_value\":\"Release\",\"_valueType\":\"string\"}"},{"dataType":"ValueEntry","value":"{\"_name\":\"buildRoot\",\"_value\":\"build\",\"_valueType\":\"string\"}"},{"dataType":"ValueEntry","value":"{\"_name\":\"isDebug\",\"_value\":true,\"_valueType\":\"boolean\"}"},{"dataType":"ValueEntry","value":"{\"_name\":\"asanEnable\",\"_value\":false,\"_valueType\":\"boolean\"}"},{"dataType":"ValueEntry","value":"{\"_name\":\"tsanEnable\",\"_value\":false,\"_valueType\":\"boolean\"}"},{"dataType":"ValueEntry","value":"{\"_name\":\"hwasanEnable\",\"_value\":false,\"_valueType\":\"boolean\"}"},{"dataType":"ValueEntry","value":"{\"_name\":\"ubsanEnable\",\"_value\":false,\"_valueType\":\"boolean\"}"},{"dataType":"ValueEntry","value":"{\"_name\":\"moduleJsonOpt\",\"_value\":\"{\\\"module\\\":{\\\"name\\\":\\\"entry\\\",\\\"type\\\":\\\"entry\\\",\\\"description\\\":\\\"$string:module_desc\\\",\\\"mainElement\\\":\\\"EntryAbility\\\",\\\"deviceTypes\\\":[\\\"phone\\\",\\\"tablet\\\"],\\\"deliveryWithInstall\\\":true,\\\"installationFree\\\":false,\\\"pages\\\":\\\"$profile:main_pages\\\",\\\"abilities\\\":[{\\\"name\\\":\\\"EntryAbility\\\",\\\"srcEntry\\\":\\\"./ets/entryability/EntryAbility.ts\\\",\\\"description\\\":\\\"$string:EntryAbility_desc\\\",\\\"icon\\\":\\\"$media:icon\\\",\\\"label\\\":\\\"$string:EntryAbility_label\\\",\\\"startWindowIcon\\\":\\\"$media:icon\\\",\\\"startWindowBackground\\\":\\\"$color:start_window_background\\\",\\\"exported\\\":true,\\\"skills\\\":[{\\\"entities\\\":[\\\"entity.system.home\\\"],\\\"actions\\\":[\\\"action.system.home\\\"]}]}],\\\"requestPermissions\\\":[{\\\"name\\\":\\\"ohos.permission.INTERNET\\\",\\\"reason\\\":\\\"$string:internet_permission\\\",\\\"usedScene\\\":{\\\"abilities\\\":[\\\"EntryAbility\\\"],\\\"when\\\":\\\"inuse\\\"}}]}}\",\"_valueType\":\"string\"}"},{"dataType":"ValueEntry","value":"{\"_name\":\"isHarModule\",\"_value\":false,\"_valueType\":\"boolean\"}"},{"dataType":"ValueEntry","value":"{\"_name\":\"multiProjects\",\"_value\":false,\"_valueType\":\"boolean\"}"},{"dataType":"ValueEntry","value":"{\"_name\":\"buildProfileAbilities\",\"_valueType\":\"undefined\"}"},{"dataType":"ValueEntry","value":"{\"_name\":\"projectConfigAppOpt\",\"_valueType\":\"undefined\"}"},{"dataType":"ValueEntry","value":"{\"_name\":\"appJsonOpt\",\"_value\":\"{\\\"app\\\":{\\\"bundleName\\\":\\\"com.example.mcmonitor\\\",\\\"vendor\\\":\\\"example\\\",\\\"versionCode\\\":1000000,\\\"versionName\\\":\\\"1.0.0\\\",\\\"icon\\\":\\\"$media:icon\\\",\\\"label\\\":\\\"$string:app_name\\\",\\\"description\\\":\\\"$string:app_description\\\",\\\"distributedNotificationEnabled\\\":true,\\\"keepAlive\\\":false,\\\"minAPIVersion\\\":20,\\\"targetAPIVersion\\\":20,\\\"apiReleaseType\\\":\\\"Release20\\\"}}\",\"_valueType\":\"string\"}"},{"dataType":"ValueEntry","value":"{\"_name\":\"integratedHsp\",\"_value\":false,\"_valueType\":\"boolean\"}"},{"dataType":"ValueEntry","value":"{\"_name\":\"removePermissions\",\"_valueType\":\"undefined\"}"},{"dataType":"ValueEntry","value":"{\"_name\":\"isBundledDependencies\",\"_value\":false,\"_valueType\":\"boolean\"}"},{"dataType":"ValueEntry","value":"{\"_name\":\"packageName\",\"_value\":\"entry\",\"_valueType\":\"string\"}"},{"dataType":"ValueEntry","value":"{\"_name\":\"ohLibs\",\"_value\":[],\"_valueType\":\"object\"}"},{"dataType":"ValueEntry","value":"{\"_name\":\"includeAppScopeRes\",\"_value\":\"\",\"_valueType\":\"string\"}"},{"dataType":"ValueEntry","value":"{\"_name\":\"BUILTIN_TASK_COMMAND\",\"_value\":\"\",\"_valueType\":\"string\"}"},{"dataType":"ValueEntry","value":"{\"_name\":\"BUILTIN_TASK_TOOLCHAIN\",\"_value\":\"\",\"_valueType\":\"string\"}"},{"dataType":"ValueEntry","value":"{\"_name\":\"BUILTIN_TASK_ENV\",\"_value\":\"\",\"_valueType\":\"string\"}"}],"_successful":true,"_projectName":"MCMonitor","_moduleName":"entry","_taskName":"default@MergeProfile","_key":":MCMonitor:entry:default@MergeProfile","_executionId":":MCMonitor:entry:default@MergeProfile:1771154635593","_inputFiles":{"dataType":"Map","value":[["D:\\MCMonitor\\AppScope\\app.json5",{"fileSnapShotHashValue":"915cd892a165448ed89d3431eeeda71b2521abe379ae426617718a1cdd4a18ab"}],["D:\\MCMonitor\\build-profile.json5",{"fileSnapShotHashValue":"2a6783ed5372cd56a7b409ca250fc29049e8e3e878c1d1a2d585c78d8e253fd8"}],["D:\\MCMonitor\\entry\\src\\main\\module.json5",{"fileSnapShotHashValue":"c7427f002eec0c97fe1d0bfac897f95cb0a83182e8da0e479d6fae4153e979f1"}]]},"_outputFiles":{"dataType":"Map","value":[["D:\\MCMonitor\\entry\\build\\default\\intermediates\\merge_profile\\default\\module.json",{"fileSnapShotHashValue":"319feefffedae2ee929f6b8a0ffecac034178672e6d68c6c47aed346c9f4097a"}]]}},":MCMonitor:entry:default@CreateBuildProfile":{"_inputs":[{"dataType":"ValueEntry","value":"{\"_name\":\"buildMode\",\"_value\":\"Debug\",\"_valueType\":\"string\"}"},{"dataType":"ValueEntry","value":"{\"_name\":\"buildModeName\",\"_value\":\"debug\",\"_valueType\":\"string\"}"},{"dataType":"ValueEntry","value":"{\"_name\":\"buildProfileFields\",\"_value\":\"\",\"_valueType\":\"string\"}"},{"dataType":"ValueEntry","value":"{\"_name\":\"projectOhosConfigAppOpt\",\"_value\":\"\",\"_valueType\":\"string\"}"},{"dataType":"ValueEntry","value":"{\"_name\":\"BUILTIN_TASK_COMMAND\",\"_value\":\"\",\"_valueType\":\"string\"}"},{"dataType":"ValueEntry","value":"{\"_name\":\"BUILTIN_TASK_TOOLCHAIN\",\"_value\":\"\",\"_valueType\":\"string\"}"},{"dataType":"ValueEntry","value":"{\"_name\":\"BUILTIN_TASK_ENV\",\"_value\":\"\",\"_valueType\":\"string\"}"}],"_successful":true,"_projectName":"MCMonitor","_moduleName":"entry","_taskName":"default@CreateBuildProfile","_key":":MCMonitor:entry:default@CreateBuildProfile","_executionId":":MCMonitor:entry:default@CreateBuildProfile:1771154635599","_inputFiles":{"dataType":"Map","value":[["D:\\MCMonitor\\AppScope\\app.json5",{"fileSnapShotHashValue":"915cd892a165448ed89d3431eeeda71b2521abe379ae426617718a1cdd4a18ab"}],["D:\\MCMonitor\\build-profile.json5",{"fileSnapShotHashValue":"2a6783ed5372cd56a7b409ca250fc29049e8e3e878c1d1a2d585c78d8e253fd8"}]]},"_outputFiles":{"dataType":"Map","value":[["D:\\MCMonitor\\entry\\build\\default\\generated\\profile\\default\\BuildProfile.ets",{"fileSnapShotHashValue":"d5806619c02e606ef69e7feb440270902115e860058a3439fe58c155f627cd44"}]]}},":MCMonitor:entry:default@GeneratePkgContextInfo":{"_inputs":[{"dataType":"ValueEntry","value":"{\"_name\":\"pkgContextInfoMap\",\"_value\":\"{\\\"@ohos/hypium\\\":{\\\"packageName\\\":\\\"@ohos/hypium\\\",\\\"bundleName\\\":\\\"\\\",\\\"moduleName\\\":\\\"\\\",\\\"version\\\":\\\"1.0.25\\\",\\\"entryPath\\\":\\\"index.js\\\",\\\"isSO\\\":false,\\\"dependencyAlias\\\":\\\"\\\"},\\\"entry\\\":{\\\"packageName\\\":\\\"entry\\\",\\\"bundleName\\\":\\\"\\\",\\\"moduleName\\\":\\\"\\\",\\\"version\\\":\\\"\\\",\\\"entryPath\\\":\\\"src/main/\\\",\\\"isSO\\\":false,\\\"dependencyAlias\\\":\\\"\\\"}}\",\"_valueType\":\"string\"}"},{"dataType":"ValueEntry","value":"{\"_name\":\"useNormalizedOHMUrl\",\"_value\":false,\"_valueType\":\"boolean\"}"},{"dataType":"ValueEntry","value":"{\"_name\":\"BUILTIN_TASK_COMMAND\",\"_value\":\"\",\"_valueType\":\"string\"}"},{"dataType":"ValueEntry","value":"{\"_name\":\"BUILTIN_TASK_TOOLCHAIN\",\"_value\":\"\",\"_valueType\":\"string\"}"},{"dataType":"ValueEntry","value":"{\"_name\":\"BUILTIN_TASK_ENV\",\"_value\":\"\",\"_valueType\":\"string\"}"}],"_successful":false,"_projectName":"MCMonitor","_moduleName":"entry","_taskName":"default@GeneratePkgContextInfo","_key":":MCMonitor:entry:default@GeneratePkgContextInfo","_executionId":":MCMonitor:entry:default@GeneratePkgContextInfo:1771154635608","_inputFiles":{"dataType":"Map","value":[]},"_outputFiles":{"dataType":"Map","value":[["D:\\MCMonitor\\entry\\build\\default\\intermediates\\loader\\default\\pkgContextInfo.json",{"isDirectory":false,"fileSnapShotHashValue":""}]]}},":MCMonitor:entry:default@ProcessIntegratedHsp":{"_inputs":[{"dataType":"ValueEntry","value":"{\"_name\":\"bundleName\",\"_value\":\"com.example.mcmonitor\",\"_valueType\":\"string\"}"},{"dataType":"ValueEntry","value":"{\"_name\":\"versionCode\",\"_value\":1000000,\"_valueType\":\"number\"}"},{"dataType":"ValueEntry","value":"{\"_name\":\"BUILTIN_TASK_COMMAND\",\"_value\":\"\",\"_valueType\":\"string\"}"},{"dataType":"ValueEntry","value":"{\"_name\":\"BUILTIN_TASK_TOOLCHAIN\",\"_value\":\"\",\"_valueType\":\"string\"}"},{"dataType":"ValueEntry","value":"{\"_name\":\"BUILTIN_TASK_ENV\",\"_value\":\"\",\"_valueType\":\"string\"}"}],"_successful":true,"_projectName":"MCMonitor","_moduleName":"entry","_taskName":"default@ProcessIntegratedHsp","_key":":MCMonitor:entry:default@ProcessIntegratedHsp","_executionId":":MCMonitor:entry:default@ProcessIntegratedHsp:1771154635613","_inputFiles":{"dataType":"Map","value":[]},"_outputFiles":{"dataType":"Map","value":[["D:\\MCMonitor\\build\\cache\\default\\integrated_hsp\\integratedHspCache.json",{"isDirectory":false,"fileSnapShotHashValue":""}]]}},":MCMonitor:entry:default@MakePackInfo":{"_inputs":[{"dataType":"ValueEntry","value":"{\"_name\":\"deviceTypes\",\"_value\":[\"phone\",\"tablet\"],\"_valueType\":\"object\"}"},{"dataType":"ValueEntry","value":"{\"_name\":\"compileSdkVersion\",\"_value\":22,\"_valueType\":\"number\"}"},{"dataType":"ValueEntry","value":"{\"_name\":\"compatibleSdkVersion\",\"_value\":22,\"_valueType\":\"number\"}"},{"dataType":"ValueEntry","value":"{\"_name\":\"moduleJsonOpt\",\"_value\":\"{\\\"module\\\":{\\\"name\\\":\\\"entry\\\",\\\"type\\\":\\\"entry\\\",\\\"description\\\":\\\"$string:module_desc\\\",\\\"mainElement\\\":\\\"EntryAbility\\\",\\\"deviceTypes\\\":[\\\"phone\\\",\\\"tablet\\\"],\\\"deliveryWithInstall\\\":true,\\\"pages\\\":\\\"$profile:main_pages\\\",\\\"abilities\\\":[{\\\"name\\\":\\\"EntryAbility\\\",\\\"srcEntry\\\":\\\"./ets/entryability/EntryAbility.ts\\\",\\\"description\\\":\\\"$string:EntryAbility_desc\\\",\\\"icon\\\":\\\"$media:icon\\\",\\\"label\\\":\\\"$string:EntryAbility_label\\\",\\\"startWindowIcon\\\":\\\"$media:icon\\\",\\\"startWindowBackground\\\":\\\"$color:start_window_background\\\",\\\"exported\\\":true,\\\"skills\\\":[{\\\"entities\\\":[\\\"entity.system.home\\\"],\\\"actions\\\":[\\\"action.system.home\\\"]}]}],\\\"requestPermissions\\\":[{\\\"name\\\":\\\"ohos.permission.INTERNET\\\",\\\"reason\\\":\\\"$string:internet_permission\\\",\\\"usedScene\\\":{\\\"abilities\\\":[\\\"EntryAbility\\\"],\\\"when\\\":\\\"inuse\\\"}}]}}\",\"_valueType\":\"string\"}"},{"dataType":"ValueEntry","value":"{\"_name\":\"releaseType\",\"_value\":\"Release\",\"_valueType\":\"string\"}"},{"dataType":"ValueEntry","value":"{\"_name\":\"projectConfigAppOpt\",\"_valueType\":\"undefined\"}"},{"dataType":"ValueEntry","value":"{\"_name\":\"integratedHsp\",\"_value\":false,\"_valueType\":\"boolean\"}"},{"dataType":"ValueEntry","value":"{\"_name\":\"appResOpt\",\"_value\":\"{\\\"app\\\":{\\\"bundleName\\\":\\\"com.example.mcmonitor\\\",\\\"vendor\\\":\\\"example\\\",\\\"versionCode\\\":1000000,\\\"versionName\\\":\\\"1.0.0\\\",\\\"icon\\\":\\\"$media:icon\\\",\\\"label\\\":\\\"$string:app_name\\\",\\\"description\\\":\\\"$string:app_description\\\",\\\"distributedNotificationEnabled\\\":true,\\\"keepAlive\\\":false,\\\"minAPIVersion\\\":20,\\\"targetAPIVersion\\\":20,\\\"apiReleaseType\\\":\\\"Release20\\\"}}\",\"_valueType\":\"string\"}"},{"dataType":"ValueEntry","value":"{\"_name\":\"BUILTIN_TASK_COMMAND\",\"_value\":\"\",\"_valueType\":\"string\"}"},{"dataType":"ValueEntry","value":"{\"_name\":\"BUILTIN_TASK_TOOLCHAIN\",\"_value\":\"\",\"_valueType\":\"string\"}"},{"dataType":"ValueEntry","value":"{\"_name\":\"BUILTIN_TASK_ENV\",\"_value\":\"\",\"_valueType\":\"string\"}"}],"_successful":true,"_projectName":"MCMonitor","_moduleName":"entry","_taskName":"default@MakePackInfo","_key":":MCMonitor:entry:default@MakePackInfo","_executionId":":MCMonitor:entry:default@MakePackInfo:1771154635617","_inputFiles":{"dataType":"Map","value":[["D:\\MCMonitor\\AppScope\\app.json5",{"fileSnapShotHashValue":"915cd892a165448ed89d3431eeeda71b2521abe379ae426617718a1cdd4a18ab"}],["D:\\MCMonitor\\entry\\src\\main\\module.json5",{"fileSnapShotHashValue":"c7427f002eec0c97fe1d0bfac897f95cb0a83182e8da0e479d6fae4153e979f1"}],["D:\\MCMonitor\\build-profile.json5",{"fileSnapShotHashValue":"2a6783ed5372cd56a7b409ca250fc29049e8e3e878c1d1a2d585c78d8e253fd8"}]]},"_outputFiles":{"dataType":"Map","value":[["D:\\MCMonitor\\entry\\build\\default\\outputs\\default\\pack.info",{"fileSnapShotHashValue":"7c8bf2bcd490cc7032748e387b64da8240df03a0ad66161e40231da8f577b637"}]]}},":MCMonitor:entry:default@SyscapTransform":{"_inputs":[{"dataType":"ValueEntry","value":"{\"_name\":\"deviceTypes\",\"_value\":[\"phone\",\"tablet\"],\"_valueType\":\"object\"}"},{"dataType":"ValueEntry","value":"{\"_name\":\"BUILTIN_TASK_COMMAND\",\"_value\":\"\",\"_valueType\":\"string\"}"},{"dataType":"ValueEntry","value":"{\"_name\":\"BUILTIN_TASK_TOOLCHAIN\",\"_value\":\"\",\"_valueType\":\"string\"}"},{"dataType":"ValueEntry","value":"{\"_name\":\"BUILTIN_TASK_ENV\",\"_value\":\"\",\"_valueType\":\"string\"}"}],"_successful":true,"_projectName":"MCMonitor","_moduleName":"entry","_taskName":"default@SyscapTransform","_key":":MCMonitor:entry:default@SyscapTransform","_executionId":":MCMonitor:entry:default@SyscapTransform:1771154635621","_inputFiles":{"dataType":"Map","value":[["D:\\Harmony\\DevEco Studio\\sdk\\default\\openharmony\\toolchains\\syscap_tool.exe",{"fileSnapShotHashValue":"dc27f3b355a1f32df6d180b6a0ace4f48a0dca0ee2e3fa1f928d93d32f1a06d8"}],["D:\\Harmony\\DevEco Studio\\sdk\\default\\openharmony\\ets\\api\\device-define",{"fileSnapShotHashValue":"856de614a47b31420438c4f4e1b887e10a42b39300a3960f72f5cf5072a83d3f"}]]},"_outputFiles":{"dataType":"Map","value":[["D:\\MCMonitor\\entry\\build\\default\\intermediates\\syscap\\default\\rpcid.sc",{"fileSnapShotHashValue":""}]]}},":MCMonitor:entry:default@ProcessProfile":{"_inputs":[{"dataType":"ValueEntry","value":"{\"_name\":\"arkEnable\",\"_value\":true,\"_valueType\":\"boolean\"}"},{"dataType":"ValueEntry","value":"{\"_name\":\"compileMode\",\"_value\":\"esmodule\",\"_valueType\":\"string\"}"},{"dataType":"ValueEntry","value":"{\"_name\":\"deviceTypes\",\"_value\":[\"phone\",\"tablet\"],\"_valueType\":\"object\"}"},{"dataType":"ValueEntry","value":"{\"_name\":\"dependency\",\"_value\":\"[]\",\"_valueType\":\"string\"}"},{"dataType":"ValueEntry","value":"{\"_name\":\"harExcludeHSPDependencies\",\"_valueType\":\"undefined\"}"},{"dataType":"ValueEntry","value":"{\"_name\":\"compatibleSdkVersionStage\",\"_value\":\"\",\"_valueType\":\"string\"}"},{"dataType":"ValueEntry","value":"{\"_name\":\"isFakeUIAbilityExists\",\"_value\":false,\"_valueType\":\"boolean\"}"},{"dataType":"ValueEntry","value":"{\"_name\":\"BUILTIN_TASK_COMMAND\",\"_value\":\"\",\"_valueType\":\"string\"}"},{"dataType":"ValueEntry","value":"{\"_name\":\"BUILTIN_TASK_TOOLCHAIN\",\"_value\":\"\",\"_valueType\":\"string\"}"},{"dataType":"ValueEntry","value":"{\"_name\":\"BUILTIN_TASK_ENV\",\"_value\":\"\",\"_valueType\":\"string\"}"}],"_successful":true,"_projectName":"MCMonitor","_moduleName":"entry","_taskName":"default@ProcessProfile","_key":":MCMonitor:entry:default@ProcessProfile","_executionId":":MCMonitor:entry:default@ProcessProfile:1771154635625","_inputFiles":{"dataType":"Map","value":[["D:\\MCMonitor\\entry\\build\\default\\intermediates\\merge_profile\\default\\module.json",{"fileSnapShotHashValue":"319feefffedae2ee929f6b8a0ffecac034178672e6d68c6c47aed346c9f4097a"}]]},"_outputFiles":{"dataType":"Map","value":[["D:\\MCMonitor\\entry\\build\\default\\intermediates\\process_profile\\default\\module.json",{"fileSnapShotHashValue":"f8daaa5f7b1e2367f5d590b50a7191fe15a361478d8c92faaaa030c0881abd08"}]]}},":MCMonitor:entry:default@ProcessRouterMap":{"_inputs":[{"dataType":"ValueEntry","value":"{\"_name\":\"BUILTIN_TASK_COMMAND\",\"_value\":\"\",\"_valueType\":\"string\",\"_hash\":\"6c1049eece256c5ecd9a72bb60d260f5eaa0c767e9261531c19a2711a4384caa\"}"},{"dataType":"ValueEntry","value":"{\"_name\":\"BUILTIN_TASK_ENV\",\"_value\":\"\",\"_valueType\":\"string\",\"_hash\":\"fab23d53b4bed861bede91aa55abd54ccbb48f2366122ec79fa9d6a917cab83a\"}"},{"dataType":"ValueEntry","value":"{\"_name\":\"BUILTIN_TASK_TOOLCHAIN\",\"_value\":\"\",\"_valueType\":\"string\",\"_hash\":\"f354d8b3443da1d086e3f8d488045965d1abb7d86e6d7602e63c46d85ae85454\"}"},{"dataType":"ValueEntry","value":"{\"_name\":\"bundleName\",\"_value\":\"com.example.mcmonitor\",\"_valueType\":\"string\",\"_hash\":\"51d4829ec60c44624e77baa22996cb5ae6bbe2a90a2fcc42ea843812da9e7b7a\"}"},{"dataType":"ValueEntry","value":"{\"_name\":\"byteCodeHar\",\"_value\":false,\"_valueType\":\"boolean\",\"_hash\":\"4a2f0b0a7b1684665f4cfdf556e7849eb7b76fd73c8be3b83a43ccf9022a23dc\"}"},{"dataType":"ValueEntry","value":"{\"_name\":\"harPackageNameList\",\"_value\":\"[]\",\"_valueType\":\"string\",\"_hash\":\"26fd2b54784c643d8fb4e8a1c88f4d4d2cf46ec22b1313cf810519f7e8221639\"}"},{"dataType":"ValueEntry","value":"{\"_name\":\"localDependencyRouterMapObjArray\",\"_value\":\"4f53cda18c2baa0c0354bb5f9a3ecbe5ed12ab4d8e11ba873c2f11161202b945\",\"_valueType\":\"string\",\"_hash\":\"4042f2c4db98fe6dee384ccf04397d52a7904830e20edf907c22121717b98bbc\"}"},{"dataType":"ValueEntry","value":"{\"_name\":\"moduleName\",\"_value\":\"entry\",\"_valueType\":\"string\",\"_hash\":\"b13b0eab8d69f39b957729567b7910ec0a18affd43229c684d0da472e0c01a72\"}"},{"dataType":"ValueEntry","value":"{\"_name\":\"obfuscated\",\"_value\":true,\"_valueType\":\"boolean\",\"_hash\":\"63574f7bd39da453b2e948ec0bacfd459aa4c1261de54c243aad1a259378ea39\"}"},{"dataType":"ValueEntry","value":"{\"_name\":\"remoteDependencyRouterMapObjArray\",\"_value\":\"4f53cda18c2baa0c0354bb5f9a3ecbe5ed12ab4d8e11ba873c2f11161202b945\",\"_valueType\":\"string\",\"_hash\":\"c2f9b879ec13c08f47524d9989f1800176ace170a21357b038fa3ed206b6f28d\"}"},{"dataType":"ValueEntry","value":"{\"_name\":\"useNormalizedOHMUrl\",\"_value\":false,\"_valueType\":\"boolean\",\"_hash\":\"5a2db36c095d075a50b5ba3791e340774e4a605c5f36ac7ac8a2b82469689846\"}"}],"_successful":true,"_projectName":"MCMonitor","_moduleName":"entry","_taskName":"default@ProcessRouterMap","_key":":MCMonitor:entry:default@ProcessRouterMap","_executionId":":MCMonitor:entry:default@ProcessRouterMap:1771146225697","_inputFiles":{"dataType":"Map","value":[["D:\\MCMonitor\\entry\\oh-package.json5",{"fileSnapShotHashValue":"170f57ff7d6bdc1c9ba422c12c5069604356fac671e5a3a2b711084792217584"}],["D:\\MCMonitor\\oh-package.json5",{"fileSnapShotHashValue":"3c35e03a3654b0158221d42c96cf607c5f3deb972847fa96d5b3e50a4e08639a"}],["D:\\MCMonitor\\entry\\src\\main\\module.json5",{"fileSnapShotHashValue":"c7427f002eec0c97fe1d0bfac897f95cb0a83182e8da0e479d6fae4153e979f1"}]]},"_outputFiles":{"dataType":"Map","value":[["D:\\MCMonitor\\entry\\build\\default\\intermediates\\router_map\\default\\temp-router-map.json",{"fileSnapShotHashValue":"8855abc65db75d89e6811781679424757de20dfe31b918d528c8255e34f860ca"}],["D:\\MCMonitor\\entry\\build\\default\\intermediates\\router_map\\default\\loader-router-map.json",{"fileSnapShotHashValue":"c0bb370fb26f71dd8e30e4ad18723da3312c1645ccefeadb7d6cfc85dc1ae653"}]]}},":MCMonitor:entry:default@ProcessShareConfig":{"_inputs":[{"dataType":"ValueEntry","value":"{\"_name\":\"BUILTIN_TASK_COMMAND\",\"_value\":\"\",\"_valueType\":\"string\",\"_hash\":\"6c1049eece256c5ecd9a72bb60d260f5eaa0c767e9261531c19a2711a4384caa\"}"},{"dataType":"ValueEntry","value":"{\"_name\":\"BUILTIN_TASK_ENV\",\"_value\":\"\",\"_valueType\":\"string\",\"_hash\":\"fab23d53b4bed861bede91aa55abd54ccbb48f2366122ec79fa9d6a917cab83a\"}"},{"dataType":"ValueEntry","value":"{\"_name\":\"BUILTIN_TASK_TOOLCHAIN\",\"_value\":\"\",\"_valueType\":\"string\",\"_hash\":\"f354d8b3443da1d086e3f8d488045965d1abb7d86e6d7602e63c46d85ae85454\"}"}],"_successful":true,"_projectName":"MCMonitor","_moduleName":"entry","_taskName":"default@ProcessShareConfig","_key":":MCMonitor:entry:default@ProcessShareConfig","_executionId":":MCMonitor:entry:default@ProcessShareConfig:1771146225708","_inputFiles":{"dataType":"Map","value":[["D:\\MCMonitor\\entry\\oh-package.json5",{"fileSnapShotHashValue":"170f57ff7d6bdc1c9ba422c12c5069604356fac671e5a3a2b711084792217584"}],["D:\\MCMonitor\\oh-package.json5",{"fileSnapShotHashValue":"3c35e03a3654b0158221d42c96cf607c5f3deb972847fa96d5b3e50a4e08639a"}],["D:\\MCMonitor\\entry\\src\\main\\module.json5",{"fileSnapShotHashValue":"c7427f002eec0c97fe1d0bfac897f95cb0a83182e8da0e479d6fae4153e979f1"}]]},"_outputFiles":{"dataType":"Map","value":[["D:\\MCMonitor\\entry\\build\\default\\intermediates\\share_config\\default\\temp-share-config.json",{"fileSnapShotHashValue":"a3affb11cc3d7fa7b2b164291909f66e0bb023e68300739366ef5f90abf85a61"}]]}},":MCMonitor:entry:default@ProcessStartupConfig":{"_inputs":[{"dataType":"ValueEntry","value":"{\"_name\":\"appStartupFileName\",\"_value\":\"\",\"_valueType\":\"string\"}"},{"dataType":"ValueEntry","value":"{\"_name\":\"useNormalizedOHMUrl\",\"_value\":false,\"_valueType\":\"boolean\"}"},{"dataType":"ValueEntry","value":"{\"_name\":\"shouldCollectPreloadSystemSo\",\"_value\":false,\"_valueType\":\"boolean\"}"},{"dataType":"ValueEntry","value":"{\"_name\":\"BUILTIN_TASK_COMMAND\",\"_value\":\"\",\"_valueType\":\"string\"}"},{"dataType":"ValueEntry","value":"{\"_name\":\"BUILTIN_TASK_TOOLCHAIN\",\"_value\":\"\",\"_valueType\":\"string\"}"},{"dataType":"ValueEntry","value":"{\"_name\":\"BUILTIN_TASK_ENV\",\"_value\":\"\",\"_valueType\":\"string\"}"}],"_successful":true,"_projectName":"MCMonitor","_moduleName":"entry","_taskName":"default@ProcessStartupConfig","_key":":MCMonitor:entry:default@ProcessStartupConfig","_executionId":":MCMonitor:entry:default@ProcessStartupConfig:1771154635916","_inputFiles":{"dataType":"Map","value":[]},"_outputFiles":{"dataType":"Map","value":[["D:\\MCMonitor\\entry\\build\\default\\intermediates\\startup\\default\\startup_config.json",{"fileSnapShotHashValue":""}]]}},":MCMonitor:entry:default@ProcessResource":{"_inputs":[{"dataType":"ValueEntry","value":"{\"_name\":\"BUILTIN_TASK_COMMAND\",\"_value\":\"\",\"_valueType\":\"string\",\"_hash\":\"6c1049eece256c5ecd9a72bb60d260f5eaa0c767e9261531c19a2711a4384caa\"}"},{"dataType":"ValueEntry","value":"{\"_name\":\"BUILTIN_TASK_ENV\",\"_value\":\"\",\"_valueType\":\"string\",\"_hash\":\"fab23d53b4bed861bede91aa55abd54ccbb48f2366122ec79fa9d6a917cab83a\"}"},{"dataType":"ValueEntry","value":"{\"_name\":\"BUILTIN_TASK_TOOLCHAIN\",\"_value\":\"\",\"_valueType\":\"string\",\"_hash\":\"f354d8b3443da1d086e3f8d488045965d1abb7d86e6d7602e63c46d85ae85454\"}"},{"dataType":"ValueEntry","value":"{\"_name\":\"D:\\\\MCMonitor\\\\entry\\\\build\\\\default\\\\intermediates\\\\res\\\\default\\\\opt-compression.json\",\"_value\":\"{\\\"context\\\":{\\\"extensionPath\\\":\\\"D:\\\\\\\\Harmony\\\\\\\\DevEco Studio\\\\\\\\sdk\\\\\\\\default\\\\\\\\hms\\\\\\\\toolchains\\\\\\\\lib\\\\\\\\libimage_transcoder_shared.dll\\\"},\\\"compression\\\":{\\\"media\\\":{\\\"enable\\\":false},\\\"filters\\\":[]}}\",\"_valueType\":\"string\",\"_hash\":\"290c8d836cf5bfba54beee608c3ebf78c6f454c2d5946cde7cec1ec6771dec5e\"}"},{"dataType":"ValueEntry","value":"{\"_name\":\"ignoreResourcePattern\",\"_value\":\"\",\"_valueType\":\"string\",\"_hash\":\"fa8a2bf7e8701fa08ecd49defdde15eba74e0f6f1c0edd32f96fec2db98c287d\"}"},{"dataType":"ValueEntry","value":"{\"_name\":\"includeAppScopeRes\",\"_value\":\"\",\"_valueType\":\"string\",\"_hash\":\"3c2a9052be609669b88b444d06b45b9cd9aa9bdbc5c549cf890a3bd37fc58d60\"}"},{"dataType":"ValueEntry","value":"{\"_name\":\"resConfigJsonContent\",\"_value\":\"{\\\"configPath\\\":\\\"D:\\\\\\\\MCMonitor\\\\\\\\entry\\\\\\\\build\\\\\\\\default\\\\\\\\intermediates\\\\\\\\process_profile\\\\\\\\default\\\\\\\\module.json\\\",\\\"packageName\\\":\\\"com.example.mcmonitor\\\",\\\"output\\\":\\\"D:\\\\\\\\MCMonitor\\\\\\\\entry\\\\\\\\build\\\\\\\\default\\\\\\\\intermediates\\\\\\\\res\\\\\\\\default\\\",\\\"moduleNames\\\":\\\"entry\\\",\\\"ResourceTable\\\":[\\\"D:\\\\\\\\MCMonitor\\\\\\\\entry\\\\\\\\build\\\\\\\\default\\\\\\\\generated\\\\\\\\r\\\\\\\\default\\\\\\\\ResourceTable.h\\\"],\\\"applicationResource\\\":\\\"D:\\\\\\\\MCMonitor\\\\\\\\AppScope\\\\\\\\resources\\\",\\\"moduleResources\\\":[\\\"D:\\\\\\\\MCMonitor\\\\\\\\entry\\\\\\\\src\\\\\\\\main\\\\\\\\resources\\\"],\\\"dependencies\\\":[],\\\"iconCheck\\\":true,\\\"ids\\\":\\\"D:\\\\\\\\MCMonitor\\\\\\\\entry\\\\\\\\build\\\\\\\\default\\\\\\\\intermediates\\\\\\\\res\\\\\\\\default\\\\\\\\ids_map\\\",\\\"definedIds\\\":\\\"D:\\\\\\\\MCMonitor\\\\\\\\entry\\\\\\\\build\\\\\\\\default\\\\\\\\intermediates\\\\\\\\res\\\\\\\\default\\\\\\\\ids_map\\\\\\\\id_defined.json\\\",\\\"definedSysIds\\\":\\\"D:\\\\\\\\Harmony\\\\\\\\DevEco Studio\\\\\\\\sdk\\\\\\\\default\\\\\\\\hms\\\\\\\\toolchains\\\\\\\\id_defined.json\\\"}\",\"_valueType\":\"string\",\"_hash\":\"a45438afdf8b0658cff911ab78f663b6e1ec5bc51e284a16583f49c6953bf810\"}"},{"dataType":"ValueEntry","value":"{\"_name\":\"resource_str\",\"_value\":false,\"_valueType\":\"boolean\",\"_hash\":\"9a11b63a88a050aea92ebf0b9b95f6e60d441fcbadd1c0a4a4e8470f9b9fa1e3\"}"}],"_successful":true,"_projectName":"MCMonitor","_moduleName":"entry","_taskName":"default@ProcessResource","_key":":MCMonitor:entry:default@ProcessResource","_executionId":":MCMonitor:entry:default@ProcessResource:1771146225743","_inputFiles":{"dataType":"Map","value":[]},"_outputFiles":{"dataType":"Map","value":[["D:\\MCMonitor\\entry\\build\\default\\intermediates\\res\\default\\resConfig.json",{"isDirectory":false,"fileSnapShotHashValue":"c0ae7e61626a5806a41e89277be834bc7df8902dfb818d83d0331e217953c523"}],["D:\\MCMonitor\\entry\\build\\default\\intermediates\\res\\default\\opt-compression.json",{"isDirectory":false,"fileSnapShotHashValue":"1ff116f16fd08e551909646a3def6f12425b6907ca5ba9688d57e2be34977ef8"}]]}},":MCMonitor:entry:default@GenerateLoaderJson":{"_inputs":[{"dataType":"ValueEntry","value":"{\"_name\":\"BUILTIN_TASK_COMMAND\",\"_value\":\"\",\"_valueType\":\"string\",\"_hash\":\"6c1049eece256c5ecd9a72bb60d260f5eaa0c767e9261531c19a2711a4384caa\"}"},{"dataType":"ValueEntry","value":"{\"_name\":\"BUILTIN_TASK_ENV\",\"_value\":\"\",\"_valueType\":\"string\",\"_hash\":\"fab23d53b4bed861bede91aa55abd54ccbb48f2366122ec79fa9d6a917cab83a\"}"},{"dataType":"ValueEntry","value":"{\"_name\":\"BUILTIN_TASK_TOOLCHAIN\",\"_value\":\"\",\"_valueType\":\"string\",\"_hash\":\"f354d8b3443da1d086e3f8d488045965d1abb7d86e6d7602e63c46d85ae85454\"}"},{"dataType":"ValueEntry","value":"{\"_name\":\"anBuildMode\",\"_value\":\"type\",\"_valueType\":\"string\",\"_hash\":\"b6c2cdf83442e0a2e9276b44ad76436c6d0bcc210edecb703114e95a598dc3c3\"}"},{"dataType":"ValueEntry","value":"{\"_name\":\"apPath\",\"_value\":\"D:\\\\MCMonitor\\\\entry\\\\modules.ap\",\"_valueType\":\"string\",\"_hash\":\"8f8094cb43218d0342f2b7d90382b609c660a3404506e2f779eeee010ac7a043\"}"},{"dataType":"ValueEntry","value":"{\"_name\":\"appStartupFileName\",\"_value\":\"\",\"_valueType\":\"string\",\"_hash\":\"08d4364dd4e30f366a567cdf729bce6192c7be3a576ec780f3246de4aab394b2\"}"},{"dataType":"ValueEntry","value":"{\"_name\":\"compatibleApiVersion\",\"_value\":22,\"_valueType\":\"number\",\"_hash\":\"044064f6193d60ce08d4befad97868c71432451448bf5224b09986b35cf2d00f\"}"},{"dataType":"ValueEntry","value":"{\"_name\":\"compileApiVersion\",\"_value\":22,\"_valueType\":\"number\",\"_hash\":\"39a8179c13c106fe3669a913c239b7127f336f3907ceb40b31dbed36dd1719c0\"}"},{"dataType":"ValueEntry","value":"{\"_name\":\"compileMode\",\"_value\":\"esmodule\",\"_valueType\":\"string\",\"_hash\":\"b252a618b764d3a16946606383b78d4fb15c248889fa7eeaeaf03053cb658f5a\"}"},{"dataType":"ValueEntry","value":"{\"_name\":\"fallbackAnBuild\",\"_value\":false,\"_valueType\":\"boolean\",\"_hash\":\"6f8ed2a511c0bba942d7dcfa03ce73e61df388e1078d8aa764eab1ed2579ffbe\"}"},{"dataType":"ValueEntry","value":"{\"_name\":\"harNameOhmMap\",\"_value\":\"{}\",\"_valueType\":\"string\",\"_hash\":\"acc11cef2aff25c28c5419917e8ca31d827bff2f1f80b5f15bed3075b95d2453\"}"},{"dataType":"ValueEntry","value":"{\"_name\":\"hspNameOhmMap\",\"_value\":\"{}\",\"_valueType\":\"string\",\"_hash\":\"aa81d73257173f0b16a1e81016649a76f0a7185c632329bedc7591c5cd891a26\"}"},{"dataType":"ValueEntry","value":"{\"_name\":\"isBundledDependencies\",\"_value\":false,\"_valueType\":\"boolean\",\"_hash\":\"2a22b42a8504b32b68a8cc4173a9e266e6540a9372bf6553176105f698c20dc2\"}"},{"dataType":"ValueEntry","value":"{\"_name\":\"isByteCodeHar\",\"_value\":false,\"_valueType\":\"boolean\",\"_hash\":\"31aa2831dc8ab7d38bfe1091d4eb58c38ef100d622c96497f4e1c6e12552058f\"}"},{"dataType":"ValueEntry","value":"{\"_name\":\"isByteCodeHarOptimize\",\"_value\":false,\"_valueType\":\"boolean\",\"_hash\":\"765fcc2a093117f1d048b712c99977ad120ee4b32fbeed77fca6f1d07d4b3bc0\"}"},{"dataType":"ValueEntry","value":"{\"_name\":\"isCustomizedHar\",\"_value\":false,\"_valueType\":\"boolean\",\"_hash\":\"6db6fd1f39d1744e2e57a81969a3512fdb144b7185d321984df3500918db3f84\"}"},{"dataType":"ValueEntry","value":"{\"_name\":\"isFullCompilationEnabled\",\"_value\":true,\"_valueType\":\"boolean\",\"_hash\":\"bdc425fc76182216717b60e6f66f4259cd2a62ca4644d08b4c942f5424be8abc\"}"},{"dataType":"ValueEntry","value":"{\"_name\":\"isHarWithCoverage\",\"_value\":false,\"_valueType\":\"boolean\",\"_hash\":\"7a6ae2a3f4fb0a66f3dc3df4cb8e5ed15d62ba95343bf2c447c668fc09bd75cd\"}"},{"dataType":"ValueEntry","value":"{\"_name\":\"isOhosTest\",\"_value\":false,\"_valueType\":\"boolean\",\"_hash\":\"de6340d3d0a55dfab74711d2022cbe7a75d555e002e47935640e8115424af634\"}"},{"dataType":"ValueEntry","value":"{\"_name\":\"modulePathMap\",\"_value\":\"{\\\"entry\\\":\\\"D:\\\\\\\\MCMonitor\\\\\\\\entry\\\"}\",\"_valueType\":\"string\",\"_hash\":\"b04a397db9caaba479bec26ce98e571c4495dc8813da95a0696d0a62ac85138a\"}"},{"dataType":"ValueEntry","value":"{\"_name\":\"module_dependencies\",\"_value\":\"{}\",\"_valueType\":\"string\",\"_hash\":\"dc42a51d1dfe949cec0fd4528c57600bf4a35bb856351425df468d109bfac523\"}"},{"dataType":"ValueEntry","value":"{\"_name\":\"needSubmitArkTsWidget\",\"_value\":false,\"_valueType\":\"boolean\",\"_hash\":\"b7eb2cc34539dd6a8fc1ccae4b3b043e164f4e8b113031a5fe6444fdb13433e7\"}"},{"dataType":"ValueEntry","value":"{\"_name\":\"nodeModulesPath\",\"_value\":\"D:\\\\MCMonitor\\\\entry\\\\build\\\\default\\\\intermediates\\\\loader_out\\\\default\\\\node_modules\",\"_valueType\":\"string\",\"_hash\":\"0ce24e3b3884a6b19b5aa0478e08cd91f0667111ce930dfc82e0a6f1bff252db\"}"},{"dataType":"ValueEntry","value":"{\"_name\":\"overrides\",\"_valueType\":\"undefined\",\"_hash\":\"76b98eeb6f5b5311e5e4846e8d49c6f29c84b1224760f1658f8089449a1bf5a8\"}"},{"dataType":"ValueEntry","value":"{\"_name\":\"patchConfig\",\"_value\":\"{\\\"changedFileList\\\":\\\"D:\\\\\\\\MCMonitor\\\\\\\\entry\\\\\\\\build\\\\\\\\default\\\\\\\\intermediates\\\\\\\\patch\\\\\\\\default\\\\\\\\changedFileList.json\\\"}\",\"_valueType\":\"string\",\"_hash\":\"e95b9f08bc564bbbe1e1fbe209625d99830fca3d69cd509f0a2dfb6268295717\"}"},{"dataType":"ValueEntry","value":"{\"_name\":\"projectRootPath\",\"_value\":\"D:\\\\MCMonitor\",\"_valueType\":\"string\",\"_hash\":\"dd5abc6588e95b06a202f7662c1a436dd8875d64ae242f1c4274f3797f9349b3\"}"},{"dataType":"ValueEntry","value":"{\"_name\":\"project_dependencies\",\"_value\":\"{}\",\"_valueType\":\"string\",\"_hash\":\"30e15006623b569eb4f21b8830aba9be052048c8b9bfd50783641fd324aaf508\"}"},{"dataType":"ValueEntry","value":"{\"_name\":\"shouldTreatHarAsHap\",\"_value\":false,\"_valueType\":\"boolean\",\"_hash\":\"9722cc179e8721df3beeeebd7c6023318e49eea338f2c3a57f278c73cb4fa861\"}"},{"dataType":"ValueEntry","value":"{\"_name\":\"targetConfig\",\"_value\":\"{\\\"name\\\":\\\"default\\\",\\\"runtimeOS\\\":\\\"HarmonyOS\\\"}\",\"_valueType\":\"string\",\"_hash\":\"7ad92f60e2fd77af3dbc83817459151c9bef443dfaa7f71055e9da4150769890\"}"},{"dataType":"ValueEntry","value":"{\"_name\":\"useNormalizedOHMUrl\",\"_value\":false,\"_valueType\":\"boolean\",\"_hash\":\"5a2db36c095d075a50b5ba3791e340774e4a605c5f36ac7ac8a2b82469689846\"}"}],"_successful":true,"_projectName":"MCMonitor","_moduleName":"entry","_taskName":"default@GenerateLoaderJson","_key":":MCMonitor:entry:default@GenerateLoaderJson","_executionId":":MCMonitor:entry:default@GenerateLoaderJson:1771146301169","_inputFiles":{"dataType":"Map","value":[["D:\\MCMonitor\\entry\\build\\default\\intermediates\\router_map\\default\\temp-router-map.json",{"fileSnapShotHashValue":"8855abc65db75d89e6811781679424757de20dfe31b918d528c8255e34f860ca"}]]},"_outputFiles":{"dataType":"Map","value":[["D:\\MCMonitor\\entry\\build\\default\\intermediates\\loader\\default\\loader.json",{"isDirectory":false,"fileSnapShotHashValue":"be0c0b89df1321035709560ee9b78e1832a458a6db4b3804cbebbd0ee08f7a12"}]]}},":MCMonitor:entry:default@ProcessLibs":{"_inputs":[{"dataType":"ValueEntry","value":"{\"_name\":\"isBundledDependencies\",\"_value\":false,\"_valueType\":\"boolean\"}"},{"dataType":"ValueEntry","value":"{\"_name\":\"isByteCodeHar\",\"_value\":false,\"_valueType\":\"boolean\"}"},{"dataType":"ValueEntry","value":"{\"_name\":\"excludeFromHar\",\"_value\":true,\"_valueType\":\"boolean\"}"},{"dataType":"ValueEntry","value":"{\"_name\":\"BUILTIN_TASK_COMMAND\",\"_value\":\"\",\"_valueType\":\"string\"}"},{"dataType":"ValueEntry","value":"{\"_name\":\"BUILTIN_TASK_TOOLCHAIN\",\"_value\":\"\",\"_valueType\":\"string\"}"},{"dataType":"ValueEntry","value":"{\"_name\":\"BUILTIN_TASK_ENV\",\"_value\":\"\",\"_valueType\":\"string\"}"}],"_successful":true,"_projectName":"MCMonitor","_moduleName":"entry","_taskName":"default@ProcessLibs","_key":":MCMonitor:entry:default@ProcessLibs","_executionId":":MCMonitor:entry:default@ProcessLibs:1771154635940","_inputFiles":{"dataType":"Map","value":[["D:\\MCMonitor\\build-profile.json5",{"fileSnapShotHashValue":"2a6783ed5372cd56a7b409ca250fc29049e8e3e878c1d1a2d585c78d8e253fd8"}],["D:\\MCMonitor\\entry\\build-profile.json5",{"fileSnapShotHashValue":"6a7e8a1878385afee8fa55d524f0c431968116263e07073aeaa799d6a7966dfb"}]]},"_outputFiles":{"dataType":"Map","value":[["D:\\MCMonitor\\entry\\build\\default\\intermediates\\libs\\default",{"isDirectory":true,"fileSnapShotHashValue":""}]]}},":MCMonitor:entry:default@CompileResource":{"_inputs":[{"dataType":"ValueEntry","value":"{\"_name\":\"TARGET_CONFIG\",\"_value\":\"{\\\"name\\\":\\\"default\\\",\\\"runtimeOS\\\":\\\"HarmonyOS\\\"}\",\"_valueType\":\"string\"}"},{"dataType":"ValueEntry","value":"{\"_name\":\"useNormalizedOHMUrl\",\"_value\":false,\"_valueType\":\"boolean\"}"},{"dataType":"ValueEntry","value":"{\"_name\":\"BUILTIN_TASK_COMMAND\",\"_value\":\"D:\\\\Harmony\\\\DevEco Studio\\\\sdk\\\\default\\\\openharmony\\\\toolchains\\\\restool.exe,-l,D:\\\\MCMonitor\\\\entry\\\\build\\\\default\\\\intermediates\\\\res\\\\default\\\\resConfig.json\",\"_valueType\":\"string\"}"},{"dataType":"ValueEntry","value":"{\"_name\":\"BUILTIN_TASK_TOOLCHAIN\",\"_value\":\"D:\\\\Harmony\\\\DevEco Studio\\\\sdk\\\\default\\\\openharmony\\\\toolchains\\\\restool.exe\",\"_valueType\":\"string\"}"},{"dataType":"ValueEntry","value":"{\"_name\":\"BUILTIN_TASK_ENV\",\"_value\":\"\",\"_valueType\":\"string\"}"}],"_successful":true,"_projectName":"MCMonitor","_moduleName":"entry","_taskName":"default@CompileResource","_key":":MCMonitor:entry:default@CompileResource","_executionId":":MCMonitor:entry:default@CompileResource:1771154635947","_inputFiles":{"dataType":"Map","value":[["D:\\MCMonitor\\entry\\src\\main\\resources",{"fileSnapShotHashValue":"965006dfb1471a5ac1b491dca16c85891cd10df49e06d1197833c4b0f1034ffb"}],["D:\\MCMonitor\\AppScope\\resources",{"fileSnapShotHashValue":"0c2f380999564177f7e4c109fa82675e0961668a69532a3744d6b3f1f4018730"}],["D:\\MCMonitor\\entry\\build\\default\\intermediates\\process_profile\\default\\module.json",{"isDirectory":false,"fileSnapShotHashValue":"f8daaa5f7b1e2367f5d590b50a7191fe15a361478d8c92faaaa030c0881abd08"}],["D:\\MCMonitor\\entry\\build\\default\\intermediates\\res\\default\\resConfig.json",{"isDirectory":false,"fileSnapShotHashValue":"c0ae7e61626a5806a41e89277be834bc7df8902dfb818d83d0331e217953c523"}]]},"_outputFiles":{"dataType":"Map","value":[["D:\\MCMonitor\\entry\\build\\default\\intermediates\\res\\default",{"isDirectory":true,"fileSnapShotHashValue":"bfd556135a043583eb0875e4645075b45ef66704fc2986f57775f36401f6847a"}],["D:\\MCMonitor\\entry\\build\\default\\generated\\r\\default\\ResourceTable.h",{"isDirectory":false,"fileSnapShotHashValue":"6a53a0d267ad32b2fc50b0f9f032a42b6f498489a5bd5aa8be760c5794e9486e"}],["D:\\MCMonitor\\entry\\build\\default\\generated\\r\\default",{"isDirectory":true,"fileSnapShotHashValue":"11a8b2bedb0780c47bfc863b45d719b7ce77f455be32881c3d1e6c94c0fdace3"}]]}},":MCMonitor:entry:default@DoNativeStrip":{"_inputs":[{"dataType":"ValueEntry","value":"{\"_name\":\"BUILTIN_TASK_COMMAND\",\"_value\":\"\",\"_valueType\":\"string\",\"_hash\":\"6c1049eece256c5ecd9a72bb60d260f5eaa0c767e9261531c19a2711a4384caa\"}"},{"dataType":"ValueEntry","value":"{\"_name\":\"BUILTIN_TASK_ENV\",\"_value\":\"\",\"_valueType\":\"string\",\"_hash\":\"fab23d53b4bed861bede91aa55abd54ccbb48f2366122ec79fa9d6a917cab83a\"}"},{"dataType":"ValueEntry","value":"{\"_name\":\"BUILTIN_TASK_TOOLCHAIN\",\"_value\":\"\",\"_valueType\":\"string\",\"_hash\":\"f354d8b3443da1d086e3f8d488045965d1abb7d86e6d7602e63c46d85ae85454\"}"},{"dataType":"ValueEntry","value":"{\"_name\":\"debugSymbol\",\"_value\":\"\",\"_valueType\":\"string\",\"_hash\":\"1082dd5e6f56bef4530b1600ccdfc7599cf6cc8a5c6d5087d1cab1f405df3d2f\"}"}],"_successful":true,"_projectName":"MCMonitor","_moduleName":"entry","_taskName":"default@DoNativeStrip","_key":":MCMonitor:entry:default@DoNativeStrip","_executionId":":MCMonitor:entry:default@DoNativeStrip:1771146226675","_inputFiles":{"dataType":"Map","value":[["D:\\MCMonitor\\entry\\build\\default\\intermediates\\libs\\default",{"isDirectory":true,"fileSnapShotHashValue":""}]]},"_outputFiles":{"dataType":"Map","value":[["D:\\MCMonitor\\entry\\build\\default\\intermediates\\stripped_native_libs\\default",{"isDirectory":true,"fileSnapShotHashValue":""}]]}},":MCMonitor:entry:default@CompileArkTS":{"_inputs":[{"dataType":"ValueEntry","value":"{\"_name\":\"debuggable\",\"_value\":true,\"_valueType\":\"boolean\"}"},{"dataType":"ValueEntry","value":"{\"_name\":\"isArk\",\"_value\":true,\"_valueType\":\"boolean\"}"},{"dataType":"ValueEntry","value":"{\"_name\":\"needCoverageInsert\",\"_value\":false,\"_valueType\":\"boolean\"}"},{"dataType":"ValueEntry","value":"{\"_name\":\"ark.tsImportSendable\",\"_value\":false,\"_valueType\":\"boolean\"}"},{"dataType":"ValueEntry","value":"{\"_name\":\"customTypes\",\"_value\":[],\"_valueType\":\"object\"}"},{"dataType":"ValueEntry","value":"{\"_name\":\"isByteCodeHarOptimize\",\"_value\":false,\"_valueType\":\"boolean\"}"},{"dataType":"ValueEntry","value":"{\"_name\":\"caseSensitiveCheck\",\"_value\":false,\"_valueType\":\"boolean\"}"},{"dataType":"ValueEntry","value":"{\"_name\":\"useNormalizedOHMUrl\",\"_value\":false,\"_valueType\":\"boolean\"}"},{"dataType":"ValueEntry","value":"{\"_name\":\"transformLib\",\"_value\":\"\",\"_valueType\":\"string\"}"},{"dataType":"ValueEntry","value":"{\"_name\":\"compatibleSdkVersionStage\",\"_value\":\"\",\"_valueType\":\"string\"}"},{"dataType":"ValueEntry","value":"{\"_name\":\"skipOhModulesLint\",\"_value\":false,\"_valueType\":\"boolean\"}"},{"dataType":"ValueEntry","value":"{\"_name\":\"autoLazyImport\",\"_value\":false,\"_valueType\":\"boolean\"}"},{"dataType":"ValueEntry","value":"{\"_name\":\"allowEmptyBundleName\",\"_value\":false,\"_valueType\":\"boolean\"}"},{"dataType":"ValueEntry","value":"{\"_name\":\"reExportCheckMode\",\"_value\":\"noCheck\",\"_valueType\":\"string\"}"},{"dataType":"ValueEntry","value":"{\"_name\":\"executionMode\",\"_value\":\"performance\",\"_valueType\":\"string\"}"},{"dataType":"ValueEntry","value":"{\"_name\":\"usePathPlaceholder\",\"_value\":false,\"_valueType\":\"boolean\"}"},{"dataType":"ValueEntry","value":"{\"_name\":\"writeRollupCache\",\"_value\":true,\"_valueType\":\"boolean\"}"},{"dataType":"ValueEntry","value":"{\"_name\":\"isExpandImportEnabled\",\"_value\":false,\"_valueType\":\"boolean\"}"},{"dataType":"ValueEntry","value":"{\"_name\":\"expandImportExclude\",\"_value\":\"\",\"_valueType\":\"string\"}"},{"dataType":"ValueEntry","value":"{\"_name\":\"lazyImportExclude\",\"_value\":\"\",\"_valueType\":\"string\"}"},{"dataType":"ValueEntry","value":"{\"_name\":\"lazyImportInclude\",\"_value\":\"\",\"_valueType\":\"string\"}"},{"dataType":"ValueEntry","value":"{\"_name\":\"ignoreCrossplatformCheck\",\"_value\":false,\"_valueType\":\"boolean\"}"},{"dataType":"ValueEntry","value":"{\"_name\":\"isHarDeduplicateEnabled\",\"_value\":false,\"_valueType\":\"boolean\"}"},{"dataType":"ValueEntry","value":"{\"_name\":\"enableStrictCheckOHModule\",\"_value\":false,\"_valueType\":\"boolean\"}"},{"dataType":"ValueEntry","value":"{\"_name\":\"disableSendableCheckRules\",\"_value\":[],\"_valueType\":\"object\"}"},{"dataType":"ValueEntry","value":"{\"_name\":\"useDeclarationFileSignature\",\"_value\":false,\"_valueType\":\"boolean\"}"},{"dataType":"ValueEntry","value":"{\"_name\":\"customizedOptions\",\"_value\":\"\",\"_valueType\":\"string\"}"},{"dataType":"ValueEntry","value":"{\"_name\":\"integratedHsp\",\"_value\":false,\"_valueType\":\"boolean\"}"},{"dataType":"ValueEntry","value":"{\"_name\":\"isPreloadSoEnabled\",\"_value\":false,\"_valueType\":\"boolean\"}"},{"dataType":"ValueEntry","value":"{\"_name\":\"arkTsWdiget\",\"_value\":false,\"_valueType\":\"boolean\"}"},{"dataType":"ValueEntry","value":"{\"_name\":\"OBFUSCATION_ENABLE\",\"_value\":\"false\",\"_valueType\":\"string\"}"},{"dataType":"ValueEntry","value":"{\"_name\":\"OBFUSCATION_FILES_HASH\",\"_value\":\"\",\"_valueType\":\"string\"}"},{"dataType":"ValueEntry","value":"{\"_name\":\"maxFlowDepth\",\"_value\":\"undefined\",\"_valueType\":\"string\"}"},{"dataType":"ValueEntry","value":"{\"_name\":\"noExternalImportByPath\",\"_value\":false,\"_valueType\":\"boolean\"}"},{"dataType":"ValueEntry","value":"{\"_name\":\"copyCodeResourceEnable\",\"_value\":true,\"_valueType\":\"boolean\"}"},{"dataType":"ValueEntry","value":"{\"_name\":\"copyCodeResourceExcludes\",\"_value\":[],\"_valueType\":\"object\"}"},{"dataType":"ValueEntry","value":"{\"_name\":\"copyCodeResourceIncludes\",\"_value\":\"undefined\",\"_valueType\":\"string\"}"},{"dataType":"ValueEntry","value":"{\"_name\":\"ohos.uiTransform.Optimization\",\"_value\":false,\"_valueType\":\"boolean\"}"},{"dataType":"ValueEntry","value":"{\"_name\":\"ohos.rollupCache.useSourceHash\",\"_value\":false,\"_valueType\":\"boolean\"}"},{"dataType":"ValueEntry","value":"{\"_name\":\"localModuleParamMap\",\"_value\":\"{}\",\"_valueType\":\"string\"}"},{"dataType":"ValueEntry","value":"{\"_name\":\"autoLazyFilter\",\"_value\":\"\",\"_valueType\":\"string\"}"},{"dataType":"ValueEntry","value":"{\"_name\":\"BUILTIN_TASK_COMMAND\",\"_value\":\"\",\"_valueType\":\"string\"}"},{"dataType":"ValueEntry","value":"{\"_name\":\"BUILTIN_TASK_TOOLCHAIN\",\"_value\":\"\",\"_valueType\":\"string\"}"},{"dataType":"ValueEntry","value":"{\"_name\":\"BUILTIN_TASK_ENV\",\"_value\":\"\",\"_valueType\":\"string\"}"}],"_successful":true,"_projectName":"MCMonitor","_moduleName":"entry","_taskName":"default@CompileArkTS","_key":":MCMonitor:entry:default@CompileArkTS","_executionId":":MCMonitor:entry:default@CompileArkTS:1771154636363","_inputFiles":{"dataType":"Map","value":[["D:\\MCMonitor\\entry\\build\\default\\intermediates\\loader\\default",{"isDirectory":true,"fileSnapShotHashValue":"5b7ffbd31649155feb1b24e838889737906cdfb0d2c397c56dc051a7bd5c13ca"}],["D:\\MCMonitor\\entry\\build\\default\\intermediates\\res\\default\\ResourceTable.txt",{"fileSnapShotHashValue":"4fa7318367e65785520722ab52fb5befcff1331fc82782014b3fc99f1a3e215a"}],["D:\\MCMonitor\\entry\\build\\default\\intermediates\\res\\default\\ark_module.json",{"fileSnapShotHashValue":"87f14996ebc26a96ca225340c6b2d8052c38a22e6a6f577b772e82fc02f88f07"}],["D:\\MCMonitor\\entry\\build\\default\\intermediates\\res\\default\\resources\\base\\profile",{"isDirectory":true,"fileSnapShotHashValue":"a4d481880ae43a6b6e4ff48249a54fa0c131e25205fcb63d46edc5c2ee9d351a"}],["D:\\MCMonitor\\entry\\src\\main\\ets",{"isDirectory":true,"fileSnapShotHashValue":"90eb2d24da2e0882b009cb7ace5eb28b4948867c92eb2c1e11233addf1044bb7"}],["D:\\MCMonitor\\entry\\build\\default\\generated\\profile\\default\\BuildProfile.ets",{"fileSnapShotHashValue":"d5806619c02e606ef69e7feb440270902115e860058a3439fe58c155f627cd44"}]]},"_outputFiles":{"dataType":"Map","value":[["D:\\MCMonitor\\entry\\build\\default\\intermediates\\loader_out\\default\\ets",{"isDirectory":true,"fileSnapShotHashValue":"4e41e33aaf2730c56ab0b238e07fef9b7559b04c8c97063fb1f07d4a4c562997"}]]}},":MCMonitor:entry:default@BuildJS":{"_inputs":[{"dataType":"ValueEntry","value":"{\"_name\":\"debuggable\",\"_value\":true,\"_valueType\":\"boolean\"}"},{"dataType":"ValueEntry","value":"{\"_name\":\"isArk\",\"_value\":true,\"_valueType\":\"boolean\"}"},{"dataType":"ValueEntry","value":"{\"_name\":\"needCoverageInsert\",\"_value\":false,\"_valueType\":\"boolean\"}"},{"dataType":"ValueEntry","value":"{\"_name\":\"ark.tsImportSendable\",\"_value\":false,\"_valueType\":\"boolean\"}"},{"dataType":"ValueEntry","value":"{\"_name\":\"customTypes\",\"_value\":[],\"_valueType\":\"object\"}"},{"dataType":"ValueEntry","value":"{\"_name\":\"isByteCodeHarOptimize\",\"_value\":false,\"_valueType\":\"boolean\"}"},{"dataType":"ValueEntry","value":"{\"_name\":\"caseSensitiveCheck\",\"_value\":false,\"_valueType\":\"boolean\"}"},{"dataType":"ValueEntry","value":"{\"_name\":\"useNormalizedOHMUrl\",\"_value\":false,\"_valueType\":\"boolean\"}"},{"dataType":"ValueEntry","value":"{\"_name\":\"transformLib\",\"_value\":\"\",\"_valueType\":\"string\"}"},{"dataType":"ValueEntry","value":"{\"_name\":\"compatibleSdkVersionStage\",\"_value\":\"\",\"_valueType\":\"string\"}"},{"dataType":"ValueEntry","value":"{\"_name\":\"skipOhModulesLint\",\"_value\":false,\"_valueType\":\"boolean\"}"},{"dataType":"ValueEntry","value":"{\"_name\":\"autoLazyImport\",\"_value\":false,\"_valueType\":\"boolean\"}"},{"dataType":"ValueEntry","value":"{\"_name\":\"allowEmptyBundleName\",\"_value\":false,\"_valueType\":\"boolean\"}"},{"dataType":"ValueEntry","value":"{\"_name\":\"reExportCheckMode\",\"_value\":\"noCheck\",\"_valueType\":\"string\"}"},{"dataType":"ValueEntry","value":"{\"_name\":\"executionMode\",\"_value\":\"performance\",\"_valueType\":\"string\"}"},{"dataType":"ValueEntry","value":"{\"_name\":\"usePathPlaceholder\",\"_value\":false,\"_valueType\":\"boolean\"}"},{"dataType":"ValueEntry","value":"{\"_name\":\"writeRollupCache\",\"_value\":true,\"_valueType\":\"boolean\"}"},{"dataType":"ValueEntry","value":"{\"_name\":\"isExpandImportEnabled\",\"_value\":false,\"_valueType\":\"boolean\"}"},{"dataType":"ValueEntry","value":"{\"_name\":\"expandImportExclude\",\"_value\":\"\",\"_valueType\":\"string\"}"},{"dataType":"ValueEntry","value":"{\"_name\":\"lazyImportExclude\",\"_value\":\"\",\"_valueType\":\"string\"}"},{"dataType":"ValueEntry","value":"{\"_name\":\"lazyImportInclude\",\"_value\":\"\",\"_valueType\":\"string\"}"},{"dataType":"ValueEntry","value":"{\"_name\":\"ignoreCrossplatformCheck\",\"_value\":false,\"_valueType\":\"boolean\"}"},{"dataType":"ValueEntry","value":"{\"_name\":\"isHarDeduplicateEnabled\",\"_value\":false,\"_valueType\":\"boolean\"}"},{"dataType":"ValueEntry","value":"{\"_name\":\"enableStrictCheckOHModule\",\"_value\":false,\"_valueType\":\"boolean\"}"},{"dataType":"ValueEntry","value":"{\"_name\":\"disableSendableCheckRules\",\"_value\":[],\"_valueType\":\"object\"}"},{"dataType":"ValueEntry","value":"{\"_name\":\"useDeclarationFileSignature\",\"_value\":false,\"_valueType\":\"boolean\"}"},{"dataType":"ValueEntry","value":"{\"_name\":\"customizedOptions\",\"_value\":\"\",\"_valueType\":\"string\"}"},{"dataType":"ValueEntry","value":"{\"_name\":\"integratedHsp\",\"_value\":false,\"_valueType\":\"boolean\"}"},{"dataType":"ValueEntry","value":"{\"_name\":\"autoLazyFilter\",\"_value\":\"\",\"_valueType\":\"string\"}"},{"dataType":"ValueEntry","value":"{\"_name\":\"BUILTIN_TASK_COMMAND\",\"_value\":\"\",\"_valueType\":\"string\"}"},{"dataType":"ValueEntry","value":"{\"_name\":\"BUILTIN_TASK_TOOLCHAIN\",\"_value\":\"\",\"_valueType\":\"string\"}"},{"dataType":"ValueEntry","value":"{\"_name\":\"BUILTIN_TASK_ENV\",\"_value\":\"\",\"_valueType\":\"string\"}"}],"_successful":false,"_projectName":"MCMonitor","_moduleName":"entry","_taskName":"default@BuildJS","_key":":MCMonitor:entry:default@BuildJS","_executionId":":MCMonitor:entry:default@BuildJS:1771154636447","_inputFiles":{"dataType":"Map","value":[["D:\\MCMonitor\\entry\\build\\default\\intermediates\\loader\\default",{"isDirectory":true,"fileSnapShotHashValue":"5b7ffbd31649155feb1b24e838889737906cdfb0d2c397c56dc051a7bd5c13ca"}],["D:\\MCMonitor\\entry\\build\\default\\intermediates\\res\\default\\ResourceTable.txt",{"fileSnapShotHashValue":"4fa7318367e65785520722ab52fb5befcff1331fc82782014b3fc99f1a3e215a"}],["D:\\MCMonitor\\entry\\build\\default\\intermediates\\res\\default\\ark_module.json",{"fileSnapShotHashValue":"87f14996ebc26a96ca225340c6b2d8052c38a22e6a6f577b772e82fc02f88f07"}],["D:\\MCMonitor\\entry\\build\\default\\intermediates\\res\\default\\resources\\base\\profile",{"isDirectory":true,"fileSnapShotHashValue":"a4d481880ae43a6b6e4ff48249a54fa0c131e25205fcb63d46edc5c2ee9d351a"}]]},"_outputFiles":{"dataType":"Map","value":[["D:\\MCMonitor\\entry\\build\\default\\intermediates\\loader_out\\default\\js",{"isDirectory":true,"fileSnapShotHashValue":""}]]}},":MCMonitor:entry:default@CacheNativeLibs":{"_inputs":[{"dataType":"ValueEntry","value":"{\"_name\":\"BUILTIN_TASK_COMMAND\",\"_value\":\"\",\"_valueType\":\"string\",\"_hash\":\"6c1049eece256c5ecd9a72bb60d260f5eaa0c767e9261531c19a2711a4384caa\"}"},{"dataType":"ValueEntry","value":"{\"_name\":\"BUILTIN_TASK_ENV\",\"_value\":\"\",\"_valueType\":\"string\",\"_hash\":\"fab23d53b4bed861bede91aa55abd54ccbb48f2366122ec79fa9d6a917cab83a\"}"},{"dataType":"ValueEntry","value":"{\"_name\":\"BUILTIN_TASK_TOOLCHAIN\",\"_value\":\"\",\"_valueType\":\"string\",\"_hash\":\"f354d8b3443da1d086e3f8d488045965d1abb7d86e6d7602e63c46d85ae85454\"}"},{"dataType":"ValueEntry","value":"{\"_name\":\"debugSymbol\",\"_value\":\"\",\"_valueType\":\"string\",\"_hash\":\"1082dd5e6f56bef4530b1600ccdfc7599cf6cc8a5c6d5087d1cab1f405df3d2f\"}"}],"_successful":true,"_projectName":"MCMonitor","_moduleName":"entry","_taskName":"default@CacheNativeLibs","_key":":MCMonitor:entry:default@CacheNativeLibs","_executionId":":MCMonitor:entry:default@CacheNativeLibs:1771146226717","_inputFiles":{"dataType":"Map","value":[["D:\\MCMonitor\\entry\\build\\default\\intermediates\\stripped_native_libs\\default",{"isDirectory":true,"fileSnapShotHashValue":""}],["D:\\MCMonitor\\entry\\build\\default\\intermediates\\libs\\default",{"isDirectory":true,"fileSnapShotHashValue":""}]]},"_outputFiles":{"dataType":"Map","value":[["D:\\MCMonitor\\entry\\build\\default\\intermediates\\patch\\default\\base_native_libs.json",{"isDirectory":false,"fileSnapShotHashValue":"f8dd63508b722131a7c7b9ac1fbe255d576efa7a03bdb8403154462e9daead14"}]]}},":MCMonitor:entry:default@GeneratePkgModuleJson":{"_inputs":[{"dataType":"ValueEntry","value":"{\"_name\":\"BUILTIN_TASK_COMMAND\",\"_value\":\"\",\"_valueType\":\"string\"}"},{"dataType":"ValueEntry","value":"{\"_name\":\"BUILTIN_TASK_TOOLCHAIN\",\"_value\":\"\",\"_valueType\":\"string\"}"},{"dataType":"ValueEntry","value":"{\"_name\":\"BUILTIN_TASK_ENV\",\"_value\":\"\",\"_valueType\":\"string\"}"}],"_successful":true,"_projectName":"MCMonitor","_moduleName":"entry","_taskName":"default@GeneratePkgModuleJson","_key":":MCMonitor:entry:default@GeneratePkgModuleJson","_executionId":":MCMonitor:entry:default@GeneratePkgModuleJson:1771154639498","_inputFiles":{"dataType":"Map","value":[["D:\\MCMonitor\\entry\\build\\default\\intermediates\\res\\default\\module.json",{"fileSnapShotHashValue":"374ae8e7decb517527df296f9808df1b4aea77c3a62c10926afebf1ea1b43223"}]]},"_outputFiles":{"dataType":"Map","value":[["D:\\MCMonitor\\entry\\build\\default\\intermediates\\package\\default\\module.json",{"fileSnapShotHashValue":"95a9529c400c11f568dff90cabfbed4b9ee827dd55f20cbdf5c24713f36ab4c0"}]]}},":MCMonitor:entry:default@ProcessCompiledResources":{"_inputs":[{"dataType":"ValueEntry","value":"{\"_name\":\"resourcePath\",\"_value\":\"D:\\\\MCMonitor\\\\entry\\\\build\\\\default\\\\intermediates\\\\res\\\\default\\\\resources\",\"_valueType\":\"string\"}"},{"dataType":"ValueEntry","value":"{\"_name\":\"BUILTIN_TASK_COMMAND\",\"_value\":\"\",\"_valueType\":\"string\"}"},{"dataType":"ValueEntry","value":"{\"_name\":\"BUILTIN_TASK_TOOLCHAIN\",\"_value\":\"\",\"_valueType\":\"string\"}"},{"dataType":"ValueEntry","value":"{\"_name\":\"BUILTIN_TASK_ENV\",\"_value\":\"\",\"_valueType\":\"string\"}"}],"_successful":false,"_projectName":"MCMonitor","_moduleName":"entry","_taskName":"default@ProcessCompiledResources","_key":":MCMonitor:entry:default@ProcessCompiledResources","_executionId":":MCMonitor:entry:default@ProcessCompiledResources:1771154639504","_inputFiles":{"dataType":"Map","value":[]},"_outputFiles":{"dataType":"Map","value":[]}},":MCMonitor:entry:default@PackageHap":{"_inputs":[{"dataType":"ValueEntry","value":"{\"_name\":\"hotReload\",\"_value\":false,\"_valueType\":\"boolean\"}"},{"dataType":"ValueEntry","value":"{\"_name\":\"integrated_hsp\",\"_value\":false,\"_valueType\":\"boolean\"}"},{"dataType":"ValueEntry","value":"{\"_name\":\"projectConfigAppOpt\",\"_valueType\":\"undefined\"}"},{"dataType":"ValueEntry","value":"{\"_name\":\"sourceMapDir\",\"_value\":\"\",\"_valueType\":\"string\"}"},{"dataType":"ValueEntry","value":"{\"_name\":\"bundleType\",\"_value\":\"app\",\"_valueType\":\"string\"}"},{"dataType":"ValueEntry","value":"{\"_name\":\"BUILTIN_TASK_COMMAND\",\"_value\":\"java,-Dfile.encoding=GBK,-jar,D:\\\\Harmony\\\\DevEco Studio\\\\sdk\\\\default\\\\openharmony\\\\toolchains\\\\lib\\\\app_packing_tool.jar,--mode,hap,--force,true,--lib-path,D:\\\\MCMonitor\\\\entry\\\\build\\\\default\\\\intermediates\\\\stripped_native_libs\\\\default,--json-path,D:\\\\MCMonitor\\\\entry\\\\build\\\\default\\\\intermediates\\\\package\\\\default\\\\module.json,--resources-path,D:\\\\MCMonitor\\\\entry\\\\build\\\\default\\\\intermediates\\\\res\\\\default\\\\resources,--index-path,D:\\\\MCMonitor\\\\entry\\\\build\\\\default\\\\intermediates\\\\res\\\\default\\\\resources.index,--pack-info-path,D:\\\\MCMonitor\\\\entry\\\\build\\\\default\\\\outputs\\\\default\\\\pack.info,--out-path,D:\\\\MCMonitor\\\\entry\\\\build\\\\default\\\\outputs\\\\default\\\\entry-default-unsigned.hap,--ets-path,D:\\\\MCMonitor\\\\entry\\\\build\\\\default\\\\intermediates\\\\loader_out\\\\default\\\\ets\",\"_valueType\":\"string\"}"},{"dataType":"ValueEntry","value":"{\"_name\":\"BUILTIN_TASK_TOOLCHAIN\",\"_value\":\"D:\\\\Harmony\\\\DevEco Studio\\\\sdk\\\\default\\\\openharmony\\\\toolchains\\\\lib\\\\app_packing_tool.jar\",\"_valueType\":\"string\"}"},{"dataType":"ValueEntry","value":"{\"_name\":\"BUILTIN_TASK_ENV\",\"_value\":\"\",\"_valueType\":\"string\"}"}],"_successful":true,"_projectName":"MCMonitor","_moduleName":"entry","_taskName":"default@PackageHap","_key":":MCMonitor:entry:default@PackageHap","_executionId":":MCMonitor:entry:default@PackageHap:1771154639507","_inputFiles":{"dataType":"Map","value":[["D:\\MCMonitor\\entry\\build\\default\\intermediates\\stripped_native_libs\\default",{"isDirectory":false,"fileSnapShotHashValue":""}],["D:\\MCMonitor\\entry\\build\\default\\intermediates\\res\\default\\module.json",{"isDirectory":false,"fileSnapShotHashValue":"374ae8e7decb517527df296f9808df1b4aea77c3a62c10926afebf1ea1b43223"}],["D:\\MCMonitor\\entry\\build\\default\\intermediates\\res\\default\\resources",{"isDirectory":false,"fileSnapShotHashValue":"ef290140046464c80b1385d677df559be71c48663ab03b818bca1377f88bd67b"}],["D:\\MCMonitor\\entry\\build\\default\\intermediates\\res\\default\\resources.index",{"isDirectory":false,"fileSnapShotHashValue":"5e01ce34ec0b93e622589a75e9e40f8addf0508f51fcc0e79d1717fd4290d26f"}],["D:\\MCMonitor\\entry\\build\\default\\outputs\\default\\pack.info",{"isDirectory":false,"fileSnapShotHashValue":"7c8bf2bcd490cc7032748e387b64da8240df03a0ad66161e40231da8f577b637"}],["D:\\MCMonitor\\entry\\build\\default\\intermediates\\loader_out\\default\\ets",{"isDirectory":false,"fileSnapShotHashValue":"4e41e33aaf2730c56ab0b238e07fef9b7559b04c8c97063fb1f07d4a4c562997"}],["D:\\MCMonitor\\entry\\build\\default\\intermediates\\loader_out\\default\\ets\\sourceMaps.map",{"isDirectory":false,"fileSnapShotHashValue":"9f7f03330d158f14b1b4c628d85b14b768033281e5f79d03cf2cc7d735aa4f2c"}],["D:\\MCMonitor\\entry\\build\\default\\generated\\profile\\default\\BuildProfile.ets",{"fileSnapShotHashValue":"d5806619c02e606ef69e7feb440270902115e860058a3439fe58c155f627cd44"}]]},"_outputFiles":{"dataType":"Map","value":[["D:\\MCMonitor\\entry\\build\\default\\outputs\\default\\entry-default-unsigned.hap",{"isDirectory":false,"fileSnapShotHashValue":"f3c595aa6178e7a8e5dc203b52faff035887e321987acba7c1d3c1569c4b2ac6"}],["D:\\MCMonitor\\entry\\build\\default\\intermediates\\source_map\\default\\sourceMaps.map",{"fileSnapShotHashValue":"9f7f03330d158f14b1b4c628d85b14b768033281e5f79d03cf2cc7d735aa4f2c"}],["D:\\MCMonitor\\entry\\build\\default\\outputs\\default\\mapping\\sourceMaps.map",{"fileSnapShotHashValue":"9f7f03330d158f14b1b4c628d85b14b768033281e5f79d03cf2cc7d735aa4f2c"}]]}},":MCMonitor:entry:default@SignHap":{"_inputs":[{"dataType":"ValueEntry","value":"{\"_name\":\"enableSignTask\",\"_value\":true,\"_valueType\":\"boolean\"}"},{"dataType":"ValueEntry","value":"{\"_name\":\"sdkToolchainsComponentVersion\",\"_value\":\"6.0.2.130\",\"_valueType\":\"string\"}"},{"dataType":"ValueEntry","value":"{\"_name\":\"existSigningConfig\",\"_value\":false,\"_valueType\":\"boolean\"}"},{"dataType":"ValueEntry","value":"{\"_name\":\"BUILTIN_TASK_COMMAND\",\"_value\":\"\",\"_valueType\":\"string\"}"},{"dataType":"ValueEntry","value":"{\"_name\":\"BUILTIN_TASK_TOOLCHAIN\",\"_value\":\"\",\"_valueType\":\"string\"}"},{"dataType":"ValueEntry","value":"{\"_name\":\"BUILTIN_TASK_ENV\",\"_value\":\"\",\"_valueType\":\"string\"}"}],"_successful":true,"_projectName":"MCMonitor","_moduleName":"entry","_taskName":"default@SignHap","_key":":MCMonitor:entry:default@SignHap","_executionId":":MCMonitor:entry:default@SignHap:1771154639564","_inputFiles":{"dataType":"Map","value":[["D:\\MCMonitor\\entry\\build\\default\\outputs\\default\\entry-default-unsigned.hap",{"isDirectory":false,"fileSnapShotHashValue":"f3c595aa6178e7a8e5dc203b52faff035887e321987acba7c1d3c1569c4b2ac6"}]]},"_outputFiles":{"dataType":"Map","value":[["D:\\MCMonitor\\entry\\build\\default\\outputs\\default\\entry-default-signed.hap",{"isDirectory":false,"fileSnapShotHashValue":""}]]}},":MCMonitor:entry:default@CollectDebugSymbol":{"_inputs":[{"dataType":"ValueEntry","value":"{\"_name\":\"BUILTIN_TASK_COMMAND\",\"_value\":\"\",\"_valueType\":\"string\"}"},{"dataType":"ValueEntry","value":"{\"_name\":\"BUILTIN_TASK_TOOLCHAIN\",\"_value\":\"\",\"_valueType\":\"string\"}"},{"dataType":"ValueEntry","value":"{\"_name\":\"BUILTIN_TASK_ENV\",\"_value\":\"\",\"_valueType\":\"string\"}"}],"_successful":false,"_projectName":"MCMonitor","_moduleName":"entry","_taskName":"default@CollectDebugSymbol","_key":":MCMonitor:entry:default@CollectDebugSymbol","_executionId":":MCMonitor:entry:default@CollectDebugSymbol:1771154639569","_inputFiles":{"dataType":"Map","value":[["D:\\MCMonitor\\entry\\build\\default\\intermediates\\loader_out\\default\\ets\\sourceMaps.map",{"fileSnapShotHashValue":"9f7f03330d158f14b1b4c628d85b14b768033281e5f79d03cf2cc7d735aa4f2c"}],["D:\\MCMonitor\\entry\\build\\default\\intermediates\\libs\\default",{"isDirectory":true,"fileSnapShotHashValue":""}]]},"_outputFiles":{"dataType":"Map","value":[["D:\\MCMonitor\\entry\\build\\default\\outputs\\default\\symbol",{"isDirectory":true,"fileSnapShotHashValue":""}]]}},":MCMonitor:MakeProjectPackInfo":{"_inputs":[{"dataType":"ValueEntry","value":"{\"_name\":\"allRemoteHspPathMap\",\"_value\":\"[]\",\"_valueType\":\"string\"}"},{"dataType":"ValueEntry","value":"{\"_name\":\"alignDeviceTypes\",\"_value\":[],\"_valueType\":\"object\"}"},{"dataType":"ValueEntry","value":"{\"_name\":\"BUILTIN_TASK_COMMAND\",\"_value\":\"\",\"_valueType\":\"string\"}"},{"dataType":"ValueEntry","value":"{\"_name\":\"BUILTIN_TASK_TOOLCHAIN\",\"_value\":\"\",\"_valueType\":\"string\"}"},{"dataType":"ValueEntry","value":"{\"_name\":\"BUILTIN_TASK_ENV\",\"_value\":\"\",\"_valueType\":\"string\"}"}],"_successful":true,"_projectName":"MCMonitor","_moduleName":"MCMonitor","_taskName":"MakeProjectPackInfo","_key":":MCMonitor:MakeProjectPackInfo","_executionId":":MCMonitor:MakeProjectPackInfo:1771146178118","_inputFiles":{"dataType":"Map","value":[["D:\\MCMonitor\\entry\\build\\default\\outputs\\default\\pack.info",{"fileSnapShotHashValue":"5dea9d2d0b1f1393ad6f9eae8378bc018733fdf18387eb176e034374fdb2e593"}]]},"_outputFiles":{"dataType":"Map","value":[["D:\\MCMonitor\\build\\outputs\\default\\pack.info",{"fileSnapShotHashValue":"b9f5c6cac89a654b7636ff58657e4af05e005300ef03a309d6b6552726fcd2b2"}]]}},":MCMonitor:ProcessProjectPrivacyProfile":{"_inputs":[{"dataType":"ValueEntry","value":"{\"_name\":\"entrydependencies\",\"_value\":\"{}\",\"_valueType\":\"string\"}"},{"dataType":"ValueEntry","value":"{\"_name\":\"entrydevDependencies\",\"_value\":\"{\\\"@ohos/hypium\\\":\\\"1.0.25\\\"}\",\"_valueType\":\"string\"}"},{"dataType":"ValueEntry","value":"{\"_name\":\"entrydynamicDependencies\",\"_value\":\"\",\"_valueType\":\"string\"}"},{"dataType":"ValueEntry","value":"{\"_name\":\"dependencies\",\"_value\":\"{}\",\"_valueType\":\"string\"}"},{"dataType":"ValueEntry","value":"{\"_name\":\"devDependencies\",\"_value\":\"{\\\"@ohos/hypium\\\":\\\"1.0.25\\\"}\",\"_valueType\":\"string\"}"},{"dataType":"ValueEntry","value":"{\"_name\":\"dynamicDependencies\",\"_value\":\"\",\"_valueType\":\"string\"}"},{"dataType":"ValueEntry","value":"{\"_name\":\"BUILTIN_TASK_COMMAND\",\"_value\":\"\",\"_valueType\":\"string\"}"},{"dataType":"ValueEntry","value":"{\"_name\":\"BUILTIN_TASK_TOOLCHAIN\",\"_value\":\"\",\"_valueType\":\"string\"}"},{"dataType":"ValueEntry","value":"{\"_name\":\"BUILTIN_TASK_ENV\",\"_value\":\"\",\"_valueType\":\"string\"}"}],"_successful":true,"_projectName":"MCMonitor","_moduleName":"MCMonitor","_taskName":"ProcessProjectPrivacyProfile","_key":":MCMonitor:ProcessProjectPrivacyProfile","_executionId":":MCMonitor:ProcessProjectPrivacyProfile:1771146178129","_inputFiles":{"dataType":"Map","value":[]},"_outputFiles":{"dataType":"Map","value":[["D:\\MCMonitor\\build\\outputs\\default\\pac.json",{"fileSnapShotHashValue":"756548f518335b12162014a297a1c705fa70d975bac70468be5a6af74d655edc"}]]}},":MCMonitor:GeneratePackRes":{"_inputs":[{"dataType":"ValueEntry","value":"{\"_name\":\"needPackRes\",\"_value\":false,\"_valueType\":\"boolean\"}"},{"dataType":"ValueEntry","value":"{\"_name\":\"BUILTIN_TASK_COMMAND\",\"_value\":\"undefined\",\"_valueType\":\"string\"}"},{"dataType":"ValueEntry","value":"{\"_name\":\"BUILTIN_TASK_TOOLCHAIN\",\"_value\":\"D:\\\\Harmony\\\\DevEco Studio\\\\sdk\\\\default\\\\openharmony\\\\toolchains\\\\lib\\\\app_packing_tool.jar\",\"_valueType\":\"string\"}"},{"dataType":"ValueEntry","value":"{\"_name\":\"BUILTIN_TASK_ENV\",\"_value\":\"\",\"_valueType\":\"string\"}"}],"_successful":true,"_projectName":"MCMonitor","_moduleName":"MCMonitor","_taskName":"GeneratePackRes","_key":":MCMonitor:GeneratePackRes","_executionId":":MCMonitor:GeneratePackRes:1771146178165","_inputFiles":{"dataType":"Map","value":[["D:\\MCMonitor\\build\\outputs\\default\\pack.info",{"isDirectory":false,"fileSnapShotHashValue":"b9f5c6cac89a654b7636ff58657e4af05e005300ef03a309d6b6552726fcd2b2"}]]},"_outputFiles":{"dataType":"Map","value":[]}},":MCMonitor:PackageApp":{"_inputs":[{"dataType":"ValueEntry","value":"{\"_name\":\"allDestDir\",\"_value\":[\"D:\\\\MCMonitor\\\\entry\\\\build\\\\default\\\\outputs\\\\default\\\\app\",\"D:\\\\MCMonitor\\\\entry\\\\build\\\\default\\\\outputs\\\\default\\\\app\"],\"_valueType\":\"object\"}"},{"dataType":"ValueEntry","value":"{\"_name\":\"alignDeviceTypes\",\"_value\":[],\"_valueType\":\"object\"}"},{"dataType":"ValueEntry","value":"{\"_name\":\"BUILTIN_TASK_COMMAND\",\"_value\":\"java,-Dfile.encoding=GBK,-jar,D:\\\\Harmony\\\\DevEco Studio\\\\sdk\\\\default\\\\openharmony\\\\toolchains\\\\lib\\\\app_packing_tool.jar,--mode,app,--pack-info-path,D:\\\\MCMonitor\\\\build\\\\outputs\\\\default\\\\pack.info,--hap-path,D:\\\\MCMonitor\\\\entry\\\\build\\\\default\\\\outputs\\\\default\\\\app\\\\entry-default.hap,--hsp-path,,--force,true,--out-path,D:\\\\MCMonitor\\\\build\\\\outputs\\\\default\\\\MCMonitor-default-unsigned.app,--main-module-limit,2,--normal-module-limit,2,--pac-json-path,D:\\\\MCMonitor\\\\build\\\\outputs\\\\default\\\\pac.json\",\"_valueType\":\"string\"}"},{"dataType":"ValueEntry","value":"{\"_name\":\"BUILTIN_TASK_TOOLCHAIN\",\"_value\":\"D:\\\\Harmony\\\\DevEco Studio\\\\sdk\\\\default\\\\openharmony\\\\toolchains\\\\lib\\\\app_packing_tool.jar\",\"_valueType\":\"string\"}"},{"dataType":"ValueEntry","value":"{\"_name\":\"BUILTIN_TASK_ENV\",\"_value\":\"\",\"_valueType\":\"string\"}"}],"_successful":true,"_projectName":"MCMonitor","_moduleName":"MCMonitor","_taskName":"PackageApp","_key":":MCMonitor:PackageApp","_executionId":":MCMonitor:PackageApp:1771146178171","_inputFiles":{"dataType":"Map","value":[["D:\\MCMonitor\\build\\outputs\\default\\pack.info",{"isDirectory":false,"fileSnapShotHashValue":"b9f5c6cac89a654b7636ff58657e4af05e005300ef03a309d6b6552726fcd2b2"}],["D:\\MCMonitor\\entry\\build\\default\\outputs\\default\\entry-default-unsigned.hap",{"isDirectory":false,"fileSnapShotHashValue":"0dbb2c45c6e87537986450bcfcbe07c45a6dec4058763b6a6680fec2e40b1f5a"}],["D:\\MCMonitor\\build\\outputs\\default\\pac.json",{"fileSnapShotHashValue":"756548f518335b12162014a297a1c705fa70d975bac70468be5a6af74d655edc"}]]},"_outputFiles":{"dataType":"Map","value":[["D:\\MCMonitor\\build\\outputs\\default\\MCMonitor-default-unsigned.app",{"isDirectory":false,"fileSnapShotHashValue":"9a0a41c4b3a0afbe2bdb1cda83a4c521202cee5c6320d401bbd44346ad3e28ce"}],["D:\\MCMonitor\\entry\\build\\default\\outputs\\default\\app\\entry-default.hap",{"isDirectory":false,"fileSnapShotHashValue":"d216e949a211e5b33543552e6c33450eea477eea542eac2ea3c132e222bfe01e"}],["D:\\MCMonitor\\build\\outputs\\default\\symbol\\debug",{"isDirectory":true,"fileSnapShotHashValue":""}]]}}}