{"CACHE_SYNC_FILE_HASH":{"D:\\MCMonitor\\hvigor\\hvigor-config.json5":"4a9385d21b3174ac81e2ba88b7b6e31c2b614bb453dccac5ac98cfc4d6ed0fb0","D:\\MCMonitor\\build-profile.json5":"b5e3145faa4743478781ca875b2df941606a00b38ab8610515e2d9d151a85c42","D:\\MCMonitor\\hvigorfile.ts":"33318379f588d14e64f44acb946adb4554ebeac7136fc7a98646ba421ce9acfe","D:\\MCMonitor\\oh-package.json5":"152b68110640be196e2cc5f0fe33cc2dae6d7ed4ab034af2f5caa8668c6cb141","D:\\MCMonitor\\entry\\build-profile.json5":"d9231364d63e5db2e379a231bc2cd6e1c61455d0967a0c951786597830314add","D:\\MCMonitor\\entry\\hvigorfile.ts":"5228639327f1b604a072057e251dc1661fb1d95dffb60b41f116971da609089d","D:\\MCMonitor\\entry\\oh-package.json5":"80aaccc7681cfdeea0958d9017fdbe424122e3c0924f3fbcf88ba68de0e39927","D:\\MCMonitor\\.hvigor\\outputs\\sync\\output.json":"edc195cc8d5a3207fad10bde2f50e763ef6b444dceaa938286ca615dbbf6b5da","SDK_LOCATION":"D:/Harmony/DevEco Studio/sdk"},"OHPM_INSTALL_FILE_HASH":{"D:\\MCMonitor\\oh-package.json5":"152b68110640be196e2cc5f0fe33cc2dae6d7ed4ab034af2f5caa8668c6cb141","D:\\MCMonitor\\oh_modules\\.ohpm\\lock.json5":"9822ce3ad1b46418acc1a8f2c153dd3c6f337089a3668bd48f52b2410ce1f7aa","D:\\MCMonitor\\entry\\oh-package.json5":"80aaccc7681cfdeea0958d9017fdbe424122e3c0924f3fbcf88ba68de0e39927","D:\\MCMonitor\\oh_modules":true,"D:\\MCMonitor\\entry\\oh_modules":true}}