{
  "version": 1,
  "ohos-module-entry": {
    "SELECT_TARGET": "default",
    "MODULE_BUILD_DIR": "D:\\MCMonitor\\entry\\build",
    "TARGETS": {
      "default": {
        "SOURCE_ROOT": "D:\\MCMonitor\\entry\\src\\main",
        "RESOURCES_PATH": [
          "D:\\MCMonitor\\entry\\src\\main\\resources"
        ],
        "BUILD_PATH": {
          "OUTPUT_PATH": "D:\\MCMonitor\\entry\\build\\default\\outputs\\default",
          "INTERMEDIA_PATH": "D:\\MCMonitor\\entry\\build\\default\\intermediates",
          "JS_ASSETS_PATH": "D:\\MCMonitor\\entry\\build\\default\\intermediates\\loader_out\\default",
          "JS_LITE_ASSETS_PATH": "D:\\MCMonitor\\entry\\build\\default\\intermediates\\loader_out_lite\\default",
          "RES_PATH": "D:\\MCMonitor\\entry\\build\\default\\intermediates\\res\\default",
          "RES_PROFILE_PATH": "D:\\MCMonitor\\entry\\build\\default\\intermediates\\res\\default\\resources\\base\\profile",
          "ETS_SUPER_VISUAL_PATH": "D:\\MCMonitor\\entry\\build\\default\\cache\\default\\default@CompileArkTS\\esmodule",
          "JS_SUPER_VISUAL_PATH": "D:\\MCMonitor\\entry\\build\\default\\cache\\default\\default@CompileJS\\jsbundle",
          "WORKER_LOADER": "D:\\MCMonitor\\entry\\build\\default\\intermediates\\loader\\default\\loader.json",
          "MANIFEST_JSON": "D:\\MCMonitor\\entry\\build\\default\\intermediates\\manifest\\default",
          "OUTPUT_METADATA_JSON": "D:\\MCMonitor\\entry\\build\\default\\intermediates\\hap_metadata\\default\\output_metadata.json",
          "SOURCE_MAP_DIR": "D:\\MCMonitor\\entry\\build\\default\\intermediates\\source_map\\default"
        },
        "BUILD_OPTION": {
          "debuggable": true
        }
      }
    },
    "BUILD_OPTION": {
      "default-default": {
        "debuggable": true,
        "copyFrom": "default",
        "name": "debug",
        "arkOptions": {
          "obfuscation": {
            "ruleOptions": {
              "enable": false
            }
          }
        }
      }
    },
    "BUILD_PROFILE_OPT": {
      "apiType": "stageMode",
      "buildOptionSet": [
        {
          "name": "debug",
          "arkOptions": {
            "obfuscation": {
              "ruleOptions": {
                "enable": false
              }
            }
          }
        },
        {
          "name": "default"
        },
        {
          "name": "release"
        }
      ],
      "targets": [
        {
          "name": "default",
          "runtimeOS": "HarmonyOS"
        }
      ]
    },
    "BUILD_CACHE_DIR": ""
  },
  "ohos-project": {
    "SELECT_PRODUCT_NAME": "default",
    "MODULE_BUILD_DIR": "D:\\MCMonitor\\build",
    "BUNDLE_NAME": "com.example.mcmonitor",
    "VERSION_CODE": 1000000,
    "VERSION_NAME": "1.0.0",
    "BUILD_PATH": {
      "OUTPUT_PATH": "D:\\MCMonitor\\build\\outputs\\default"
    },
    "MODULES": [
      {
        "name": "entry",
        "srcPath": "D:\\MCMonitor\\entry",
        "targets": [
          {
            "name": "default",
            "applyToProducts": [
              "default"
            ]
          }
        ],
        "belongProjectPath": "D:\\MCMonitor"
      }
    ],
    "PROFILE_OPT": {
      "app": {
        "products": [
          {
            "name": "default",
            "compatibleSdkVersion": "6.0.2(22)",
            "compileSdkVersion": "6.0.2(22)",
            "targetSdkVersion": "6.0.2(22)",
            "runtimeOS": "HarmonyOS"
          }
        ],
        "signingConfigs": [
          {
            "name": "default",
            "type": "HarmonyOS",
            "material": {
              "certpath": "C:/Users/Administrator/.ohos/config/default_MCMonitor_Sdi465o-3itUgv7nEZ-R99Lwo2CBIM_mYLITNBE5VXA=.cer",
              "keyAlias": "debugKey",
              "keyPassword": "0000001B18ECEE48ECCA8502E6E66EE545FBC50FF8D6736E6CB0BADF646AA1BE79DC601E95C08F76607762",
              "profile": "C:/Users/Administrator/.ohos/config/default_MCMonitor_Sdi465o-3itUgv7nEZ-R99Lwo2CBIM_mYLITNBE5VXA=.p7b",
              "signAlg": "SHA256withECDSA",
              "storeFile": "C:/Users/Administrator/.ohos/config/default_MCMonitor_Sdi465o-3itUgv7nEZ-R99Lwo2CBIM_mYLITNBE5VXA=.p12",
              "storePassword": "0000001BCBAB19E750501FDCB925F8102F74DD4A3F8D8E8A31BBB55DA4F1BC7533A3AA2E65D62993A2D980"
            }
          }
        ]
      },
      "modules": [
        {
          "name": "entry",
          "srcPath": "./entry",
          "targets": [
            {
              "name": "default",
              "applyToProducts": [
                "default"
              ]
            }
          ]
        }
      ]
    },
    "CONFIG_PROPERTIES": {
      "enableSignTask": true,
      "skipNativeIncremental": false,
      "hvigor.keepDependency": true
    },
    "OVERALL_PROJECT_PATHS": [
      "D:\\MCMonitor"
    ],
    "BUILD_CACHE_DIR": ""
  }
}