{
  "color": [
    {
      "name": "start_window_background",
      "value": "#FFFFFF"
    },
    {
      "name": "primary_color",
      "value": "#007DFF"
    },
    {
      "name": "background_color",
      "value": "#F1F3F5"
    },
    {
      "name": "text_primary",
      "value": "#182431"
    },
    {
      "name": "text_secondary",
      "value": "#99182431"
    },
    {
      "name": "status_online",
      "value": "#00BC6C"
    },
    {
      "name": "status_offline",
      "value": "#FF3B30"
    }
  ]
}