{
  "string": [
    {
      "name": "module_desc",
      "value": "Minecraft服务器监控模块"
    },
    {
      "name": "EntryAbility_desc",
      "value": "Minecraft服务器监控主能力"
    },
    {
      "name": "EntryAbility_label",
      "value": "Minecraft监控"
    },
    {
      "name": "internet_permission",
      "value": "需要网络权限来查询服务器状态"
    },
    {
      "name": "home_tab",
      "value": "主页"
    },
    {
      "name": "my_tab",
      "value": "我的"
    },
    {
      "name": "add_server",
      "value": "添加服务器"
    },
    {
      "name": "server_name",
      "value": "服务器名称"
    },
    {
      "name": "server_address",
      "value": "服务器地址"
    },
    {
      "name": "server_port",
      "value": "端口"
    },
    {
      "name": "status_online",
      "value": "在线"
    },
    {
      "name": "status_offline",
      "value": "离线"
    },
    {
      "name": "ping_ms",
      "value": "ms"
    },
    {
      "name": "players_online",
      "value": "在线玩家"
    },
    {
      "name": "delete_server",
      "value": "删除服务器"
    },
    {
      "name": "refresh",
      "value": "刷新"
    },
    {
      "name": "player_activity",
      "value": "玩家活跃时间分析"
    }
  ]
}